benchmark,scenario,sample_size,sample_count,seed,method,runtime_seconds,train_cross_entropy,heldout_coupling_relative_frobenius,minimum_curvature,pure_column_minimum_curvature,restart_direction_variance,theta_true,theta_hat,feature_names,coefficient_cosine,coefficient_spearman,coefficient_sign_accuracy,coefficient_relative_l2
B1_known_truth,identifiable_soft_marginal,small,400,20260916,soft_iot,1.0019347999998445,3.236491900880984,0.0207699812570886,0.237363408928104,0.237363408928104,3.798305901454861e-13,"[0.6251313845525633, -0.3568585574074853, 0.37819975725982546, -0.4847588048698442, 0.247007020679359, -0.20693984270149593]","[0.6014309186423292, -0.35534529630975575, 0.37501899349327644, -0.4900711982578495, 0.2534804522540682, -0.2246514277311902]","[""interaction_random"", ""interaction_bilinear"", ""pure_column_0"", ""pure_column_1"", ""pure_column_2"", ""pure_column_3""]",0.9995515514095292,1.0,1.0,0.0299482417003318
B1_known_truth,identifiable_soft_marginal,small,400,20260916,hard_ot,0.1497085999999399,3.2298707624777743,0.08139394538595,0.0,0.0,0.0647746140579003,"[0.6251313845525633, -0.3568585574074853, 0.37819975725982546, -0.4847588048698442, 0.247007020679359, -0.20693984270149593]","[0.5914094485672969, -0.3532865373914196, 0.17113302619583448, -0.2536125533679993, -0.31108241131461295, -0.18556275108331738]","[""interaction_random"", ""interaction_bilinear"", ""pure_column_0"", ""pure_column_1"", ""pure_column_2"", ""pure_column_3""]",0.7712668930877951,0.7142857142857143,0.8333333333333334,0.6763624870026498
B1_known_truth,identifiable_soft_marginal,small,400,20260917,soft_iot,0.994197399999848,3.4876662794444706,0.0483479491346527,0.283165268566421,0.283165268566421,2.788812695977547e-13,"[-0.1126034038166039, 0.3837691628919766, 0.056334376666524126, -0.45032665875836625, 0.43404978177637155, -0.6675888168769086]","[-0.0640662241049061, 0.40338132308413904, 0.10151471562063144, -0.3591248398425942, 0.3019203463490604, -0.6664544091981875]","[""interaction_random"", ""interaction_bilinear"", ""pure_column_0"", ""pure_column_1"", ""pure_column_2"", ""pure_column_3""]",0.9870719458365788,0.942857142857143,1.0,0.1607983467789474
B1_known_truth,identifiable_soft_marginal,small,400,20260917,hard_ot,0.1587254999999459,3.4829609336989407,0.103067401950881,0.0,0.0,0.0986833835986874,"[-0.1126034038166039, 0.3837691628919766, 0.056334376666524126, -0.45032665875836625, 0.43404978177637155, -0.6675888168769086]","[-0.06482583998397798, 0.4033020926159772, 0.2660416561851031, 0.014036301287799298, -0.11709979532271031, -0.2169899649993875]","[""interaction_random"", ""interaction_bilinear"", ""pure_column_0"", ""pure_column_1"", ""pure_column_2"", ""pure_column_3""]",0.484518532715283,0.3714285714285715,0.6666666666666666,1.0153634494945316
B1_known_truth,identifiable_soft_marginal,small,400,20260918,soft_iot,0.9739251999999397,3.432146719537716,0.0692560207677088,0.3292938188792504,0.3292938188792504,3.0719083879883484e-14,"[0.17133983853142926, -0.5636106540140907, 0.5628996675290114, 0.18533066901406545, 0.5479194356830239, -0.03957890641688695]","[0.21667651014946274, -0.5572935025935958, 0.6367461855392973, 0.15133464731873392, 0.6192225306934507, 0.06625207099451558]","[""interaction_random"", ""interaction_bilinear"", ""pure_column_0"", ""pure_column_1"", ""pure_column_2"", ""pure_column_3""]",0.9916753028340471,0.942857142857143,0.8333333333333334,0.1290325320681006
B1_known_truth,identifiable_soft_marginal,small,400,20260918,hard_ot,0.1756501999998363,3.426972011944258,0.1101998461388334,-8.88178419700125e-10,-8.88178419700125e-10,0.0775051751089891,"[0.17133983853142926, -0.5636106540140907, 0.5628996675290114, 0.18533066901406545, 0.5479194356830239, -0.03957890641688695]","[0.21337635289939935, -0.5603954366549592, -0.4474757172673913, 0.10264137099298373, -0.29427963988456246, 0.3727067849408354]","[""interaction_random"", ""interaction_bilinear"", ""pure_column_0"", ""pure_column_1"", ""pure_column_2"", ""pure_column_3""]",-0.0632766628133919,-0.1428571428571428,0.5,1.4582706626778117
B1_known_truth,identifiable_soft_marginal,small,400,20260919,soft_iot,0.8923773999999867,3.298640494860201,0.0390708011924771,0.1107706522063267,0.1107706522063267,1.396304965294252e-13,"[0.2733174066157225, -0.15306449610532066, 0.6707224799683543, -0.18165332428556877, 0.4582913275313151, -0.45713383053933715]","[0.3205629343702433, -0.18998688347441414, 0.6731317242168547, -0.19956220959956728, 0.4385816573060644, -0.4751408151702708]","[""interaction_random"", ""interaction_bilinear"", ""pure_column_0"", ""pure_column_1"", ""pure_column_2"", ""pure_column_3""]",0.9980348207238112,1.0,1.0,0.0626925717479946
B1_known_truth,identifiable_soft_marginal,small,400,20260919,hard_ot,0.1129621000000042,3.2918261349108504,0.0938627494564115,-4.4408920985006256e-10,-4.4408920985006256e-10,0.1286257574375557,"[0.2733174066157225, -0.15306449610532066, 0.6707224799683543, -0.18165332428556877, 0.4582913275313151, -0.45713383053933715]","[0.33072889042119524, -0.18853327326430455, 0.4429706901870494, -0.090873320469712, 0.029348060838883437, -0.2219127479244359]","[""interaction_random"", ""interaction_bilinear"", ""pure_column_0"", ""pure_column_1"", ""pure_column_2"", ""pure_column_3""]",0.8666165560203433,0.8857142857142858,1.0,0.5164948092278504
B1_known_truth,identifiable_soft_marginal,small,400,20260920,soft_iot,0.9712577000000238,3.390645909456276,0.0294202931746749,0.295903165525857,0.295903165525857,2.4505312890274622e-14,"[0.14919105649098416, -0.2776885860680373, 0.5996432633597822, -0.4480218013752298, 0.5813412791280295, -0.04876286714447537]","[0.146296133030499, -0.25205816843239626, 0.5237612435146988, -0.4568481041527225, 0.605637656147278, -0.040065779602589356]","[""interaction_random"", ""interaction_bilinear"", ""pure_column_0"", ""pure_column_1"", ""pure_column_2"", ""pure_column_3""]",0.996836900109119,0.942857142857143,1.0,0.0795374112085762
B1_known_truth,identifiable_soft_marginal,small,400,20260920,hard_ot,0.1047814000000926,3.384733102028773,0.0908772555966051,0.0,0.0,0.1436545875896556,"[0.14919105649098416, -0.2776885860680373, 0.5996432633597822, -0.4480218013752298, 0.5813412791280295, -0.04876286714447537]","[0.14599994312372214, -0.25518742460793503, 0.035304124588299075, -0.06927560407957051, 0.29970079044679654, -0.41432912823553214]","[""interaction_random"", ""interaction_bilinear"", ""pure_column_0"", ""pure_column_1"", ""pure_column_2"", ""pure_column_3""]",0.5702679681928934,0.6,1.0,0.9270728469835654
B1_known_truth,identifiable_soft_marginal,medium,2000,20260916,soft_iot,1.0021806999998262,3.275514910310457,0.0245554274172476,0.246458566888208,0.246458566888208,2.1266280606610045e-13,"[0.6251313845525633, -0.3568585574074853, 0.37819975725982546, -0.4847588048698442, 0.247007020679359, -0.20693984270149593]","[0.6197247565665889, -0.3752976652082066, 0.3416848509249885, -0.46844670987935844, 0.30343779769719975, -0.15475306909289457]","[""interaction_random"", ""interaction_bilinear"", ""pure_column_0"", ""pure_column_1"", ""pure_column_2"", ""pure_column_3""]",0.9960828474529428,1.0,1.0,0.0885116099396833
B1_known_truth,identifiable_soft_marginal,medium,2000,20260916,hard_ot,0.1833289000001059,3.2739161086565587,0.038107670109363,0.0,0.0,0.060894247222499,"[0.6251313845525633, -0.3568585574074853, 0.37819975725982546, -0.4847588048698442, 0.247007020679359, -0.20693984270149593]","[0.6117608568070021, -0.38252599045183394, -0.042082185520238256, 0.5704390651015306, 0.07927547010552362, -0.3172585454646178]","[""interaction_random"", ""interaction_bilinear"", ""pure_column_0"", ""pure_column_1"", ""pure_column_2"", ""pure_column_3""]",0.3190450724977434,0.3714285714285715,0.6666666666666666,1.1670089352719255
B1_known_truth,identifiable_soft_marginal,medium,2000,20260917,soft_iot,1.0709670000001097,3.3868335961607863,0.0141101646633622,0.2543337140892276,0.2543337140892276,1.916238902879262e-14,"[-0.1126034038166039, 0.3837691628919766, 0.056334376666524126, -0.45032665875836625, 0.43404978177637155, -0.6675888168769086]","[-0.11323926920192251, 0.3846795622742958, 0.03876037926605542, -0.41410482826187434, 0.4300554359255255, -0.6619250368082757]","[""interaction_random"", ""interaction_bilinear"", ""pure_column_0"", ""pure_column_1"", ""pure_column_2"", ""pure_column_3""]",0.9993891962380566,1.0,1.0,0.0349515024553597
B1_known_truth,identifiable_soft_marginal,medium,2000,20260917,hard_ot,0.153737799999817,3.3858447181031126,0.0339287372982511,0.0,0.0,0.1010814282895829,"[-0.1126034038166039, 0.3837691628919766, 0.056334376666524126, -0.45032665875836625, 0.43404978177637155, -0.6675888168769086]","[-0.10778473322619368, 0.38412744301657964, -0.0014701676995163386, -0.10504229050092354, 0.304702007604751, 0.2302715098772711]","[""interaction_random"", ""interaction_bilinear"", ""pure_column_0"", ""pure_column_1"", ""pure_column_2"", ""pure_column_3""]",0.3295995061156788,0.5428571428571429,0.6666666666666666,1.1579296126141017
B1_known_truth,identifiable_soft_marginal,medium,2000,20260918,soft_iot,0.9749675999999,3.394313342535302,0.0167051991257651,0.3291534254046269,0.3291534254046269,7.618648496683025e-15,"[0.17133983853142926, -0.5636106540140907, 0.5628996675290114, 0.18533066901406545, 0.5479194356830239, -0.03957890641688695]","[0.15493194762047016, -0.5594855652786863, 0.5416261778218742, 0.19750838852029393, 0.5408238274653573, -0.021342633847113286]","[""interaction_random"", ""interaction_bilinear"", ""pure_column_0"", ""pure_column_1"", ""pure_column_2"", ""pure_column_3""]",0.9995368749643722,1.0,1.0,0.0304343567577147
B1_known_truth,identifiable_soft_marginal,medium,2000,20260918,hard_ot,0.1368929000000207,3.3932493304059057,0.0464478470486312,0.0,0.0,0.0793811458598071,"[0.17133983853142926, -0.5636106540140907, 0.5628996675290114, 0.18533066901406545, 0.5479194356830239, -0.03957890641688695]","[0.15673531715383107, -0.5653139704986623, 0.020124924922210206, -0.12437817543942761, -0.08473434548515651, 0.14404322525780922]","[""interaction_random"", ""interaction_bilinear"", ""pure_column_0"", ""pure_column_1"", ""pure_column_2"", ""pure_column_3""]",0.4521441527576409,0.1428571428571428,0.5,1.0467624823639403
B1_known_truth,identifiable_soft_marginal,medium,2000,20260919,soft_iot,0.9761579000000892,3.4334377244467014,0.0181263318148039,0.1249358936306066,0.1249358936306066,3.5994748127953885e-13,"[0.2733174066157225, -0.15306449610532066, 0.6707224799683543, -0.18165332428556877, 0.4582913275313151, -0.45713383053933715]","[0.27537885165760445, -0.1500745162643784, 0.6645000441342078, -0.12951186135830756, 0.4607621022262637, -0.4737587295082825]","[""interaction_random"", ""interaction_bilinear"", ""pure_column_0"", ""pure_column_1"", ""pure_column_2"", ""pure_column_3""]",0.9984738178844944,0.942857142857143,1.0,0.0552482056813737
B1_known_truth,identifiable_soft_marginal,medium,2000,20260919,hard_ot,0.1111769999999978,3.4315844112402742,0.0443618739585832,0.0,0.0,0.1422373496909778,"[0.2733174066157225, -0.15306449610532066, 0.6707224799683543, -0.18165332428556877, 0.4582913275313151, -0.45713383053933715]","[0.2763830937402931, -0.15060793855004134, -0.007680277344911418, 0.376805191562182, -0.36252853927194073, 0.1760299654696725]","[""interaction_random"", ""interaction_bilinear"", ""pure_column_0"", ""pure_column_1"", ""pure_column_2"", ""pure_column_3""]",-0.3488767786058773,-0.4857142857142857,0.3333333333333333,1.6424839594990737
B1_known_truth,identifiable_soft_marginal,medium,2000,20260920,soft_iot,0.9443977999999332,3.372749008301708,0.0205997198178066,0.2849015992012482,0.2849015992012482,1.513421867376697e-13,"[0.14919105649098416, -0.2776885860680373, 0.5996432633597822, -0.4480218013752298, 0.5813412791280295, -0.04876286714447537]","[0.13333084760204397, -0.2561060219242465, 0.5685234619001422, -0.44773495870061364, 0.5766822629191737, -0.04359200808155964]","[""interaction_random"", ""interaction_bilinear"", ""pure_column_0"", ""pure_column_1"", ""pure_column_2"", ""pure_column_3""]",0.9995603201034752,0.942857142857143,1.0,0.0296540012991433
B1_known_truth,identifiable_soft_marginal,medium,2000,20260920,hard_ot,0.0874064000001908,3.371018486027192,0.0297066091114038,-8.88178419700125e-10,-8.88178419700125e-10,0.1460841871730005,"[0.14919105649098416, -0.2776885860680373, 0.5996432633597822, -0.4480218013752298, 0.5813412791280295, -0.04876286714447537]","[0.13271309619387217, -0.25097791059265806, -0.3216048869030449, -0.5728191900419305, -0.3701127562583559, -0.015812129091601287]","[""interaction_random"", ""interaction_bilinear"", ""pure_column_0"", ""pure_column_1"", ""pure_column_2"", ""pure_column_3""]",-0.0758335875606693,0.1428571428571428,0.6666666666666666,1.4668562216936392
B1_known_truth,identifiable_soft_marginal,large,10000,20260916,soft_iot,0.9472370000000864,3.2648844538453945,0.0102713758320923,0.2294812202485729,0.2294812202485729,1.3659974755404336e-13,"[0.6251313845525633, -0.3568585574074853, 0.37819975725982546, -0.4847588048698442, 0.247007020679359, -0.20693984270149593]","[0.6173256863010949, -0.3601974692117625, 0.37448817948766266, -0.4697716236932135, 0.24147735879887236, -0.21576614392041032]","[""interaction_random"", ""interaction_bilinear"", ""pure_column_0"", ""pure_column_1"", ""pure_column_2"", ""pure_column_3""]",0.9998579564004916,1.0,1.0,0.016854886502639
B1_known_truth,identifiable_soft_marginal,large,10000,20260916,hard_ot,0.1339743000000908,3.2646601909380566,0.0132257697783976,-1.7763568394002503e-09,-1.7763568394002503e-09,0.0616026736463164,"[0.6251313845525633, -0.3568585574074853, 0.37819975725982546, -0.4847588048698442, 0.247007020679359, -0.20693984270149593]","[0.6172910461968668, -0.36150972207269033, -0.0420826352220764, 0.5704388952095611, 0.07927515366615956, -0.3172587153565883]","[""interaction_random"", ""interaction_bilinear"", ""pure_column_0"", ""pure_column_1"", ""pure_column_2"", ""pure_column_3""]",0.316375537876772,0.3714285714285715,0.6666666666666666,1.1692941991844723
B1_known_truth,identifiable_soft_marginal,large,10000,20260917,soft_iot,0.8791140000000723,3.452254596723594,0.0081133524744136,0.258035866451678,0.258035866451678,1.451860039091756e-13,"[-0.1126034038166039, 0.3837691628919766, 0.056334376666524126, -0.45032665875836625, 0.43404978177637155, -0.6675888168769086]","[-0.10361688715414889, 0.3846079402033036, 0.06663490838842745, -0.44398803384671764, 0.41324782532715476, -0.6655366801231187]","[""interaction_random"", ""interaction_bilinear"", ""pure_column_0"", ""pure_column_1"", ""pure_column_2"", ""pure_column_3""]",0.9997504170476496,1.0,1.0,0.0223420210522836
B1_known_truth,identifiable_soft_marginal,large,10000,20260917,hard_ot,0.1544612000000143,3.4520260983588664,0.0221702102194982,0.0,0.0,0.1008099981187067,"[-0.1126034038166039, 0.3837691628919766, 0.056334376666524126, -0.45032665875836625, 0.43404978177637155, -0.6675888168769086]","[-0.10479082855276954, 0.3860588683248412, -0.3531099866146396, 0.20049289638378415, -0.20020789620888957, -0.07974238135622326]","[""interaction_random"", ""interaction_bilinear"", ""pure_column_0"", ""pure_column_1"", ""pure_column_2"", ""pure_column_3""]",0.0264409597643551,-0.2571428571428572,0.5,1.3953917301142678
B1_known_truth,identifiable_soft_marginal,large,10000,20260918,soft_iot,0.8538899000000129,3.4227285313345206,0.0057823675716678,0.3427808876743654,0.3427808876743654,5.398738512916399e-14,"[0.17133983853142926, -0.5636106540140907, 0.5628996675290114, 0.18533066901406545, 0.5479194356830239, -0.03957890641688695]","[0.16685880160049235, -0.5587570647245687, 0.5479356361056794, 0.1884195105141647, 0.5438756294301363, -0.03614575956885102]","[""interaction_random"", ""interaction_bilinear"", ""pure_column_0"", ""pure_column_1"", ""pure_column_2"", ""pure_column_3""]",0.9999396659191608,1.0,1.0,0.0109849060842004
B1_known_truth,identifiable_soft_marginal,large,10000,20260918,hard_ot,0.1249568000000636,3.4225250457263976,0.0317945331356629,0.0,0.0,0.0798545869259997,"[0.17133983853142926, -0.5636106540140907, 0.5628996675290114, 0.18533066901406545, 0.5479194356830239, -0.03957890641688695]","[0.16611481687079938, -0.5592654610216014, 0.020124924922210206, -0.12437817543942761, -0.08473422215387634, 0.14404322525780922]","[""interaction_random"", ""interaction_bilinear"", ""pure_column_0"", ""pure_column_1"", ""pure_column_2"", ""pure_column_3""]",0.4514524370205405,0.1428571428571428,0.5,1.0474230883262596
B1_known_truth,identifiable_soft_marginal,large,10000,20260919,soft_iot,1.033382599999868,3.346461082324308,0.0059571819291357,0.1206422153288144,0.1206422153288144,1.6498947518012144e-13,"[0.2733174066157225, -0.15306449610532066, 0.6707224799683543, -0.18165332428556877, 0.4582913275313151, -0.45713383053933715]","[0.2629257628708998, -0.15596050303323633, 0.6663350907003811, -0.17982923873402185, 0.45028466560899655, -0.4682171433277896]","[""interaction_random"", ""interaction_bilinear"", ""pure_column_0"", ""pure_column_1"", ""pure_column_2"", ""pure_column_3""]",0.9998448976822863,1.0,1.0,0.0176126271585777
B1_known_truth,identifiable_soft_marginal,large,10000,20260919,hard_ot,0.0925783000000137,3.3461603885707283,0.0201150755156233,0.0,0.0,0.144255192016548,"[0.2733174066157225, -0.15306449610532066, 0.6707224799683543, -0.18165332428556877, 0.4582913275313151, -0.45713383053933715]","[0.2633930378093165, -0.15377548960528903, -0.11638139395860612, -0.28495911405122504, -0.28639180000587044, -0.37350456737537296]","[""interaction_random"", ""interaction_bilinear"", ""pure_column_0"", ""pure_column_1"", ""pure_column_2"", ""pure_column_3""]",0.1699418969750258,0.5428571428571429,0.6666666666666666,1.288454968576686
B1_known_truth,identifiable_soft_marginal,large,10000,20260920,soft_iot,0.904486800000086,3.2978334574482764,0.0112907843262237,0.2737713726830293,0.2952847126813651,1.0357353217041693e-13,"[0.14919105649098416, -0.2776885860680373, 0.5996432633597822, -0.4480218013752298, 0.5813412791280295, -0.04876286714447537]","[0.14472467993247695, -0.28939476439683287, 0.6095959954705769, -0.44990635043272387, 0.5852031571558272, -0.062358025630293606]","[""interaction_random"", ""interaction_bilinear"", ""pure_column_0"", ""pure_column_1"", ""pure_column_2"", ""pure_column_3""]",0.999849790398248,1.0,1.0,0.0173326052139914
B1_known_truth,identifiable_soft_marginal,large,10000,20260920,hard_ot,0.1050648000000364,3.297590049866044,0.0167491157153561,0.0,0.0,0.1367698752419833,"[0.14919105649098416, -0.2776885860680373, 0.5996432633597822, -0.4480218013752298, 0.5813412791280295, -0.04876286714447537]","[0.1457206426820658, -0.28882222209001646, 0.035304124588299075, -0.06927560407957051, 0.29970079044679654, -0.4143298139808093]","[""interaction_random"", ""interaction_bilinear"", ""pure_column_0"", ""pure_column_1"", ""pure_column_2"", ""pure_column_3""]",0.5713784211796334,0.6,1.0,0.925874266647871
B1_known_truth,hard_marginal_flat_direction,small,400,20260916,soft_iot,1.0131725999999617,3.236491900880984,0.0207699812570886,0.237363408928104,0.237363408928104,3.798305901454861e-13,"[0.6251313845525633, -0.3568585574074853, 0.37819975725982546, -0.4847588048698442, 0.247007020679359, -0.20693984270149593]","[0.6014309186423292, -0.35534529630975575, 0.37501899349327644, -0.4900711982578495, 0.2534804522540682, -0.2246514277311902]","[""interaction_random"", ""interaction_bilinear"", ""pure_column_0"", ""pure_column_1"", ""pure_column_2"", ""pure_column_3""]",0.9995515514095292,1.0,1.0,0.0299482417003318
B1_known_truth,hard_marginal_flat_direction,small,400,20260916,hard_ot,0.1457695999999941,3.2298707624777743,0.08139394538595,0.0,0.0,0.0647746140579003,"[0.6251313845525633, -0.3568585574074853, 0.37819975725982546, -0.4847588048698442, 0.247007020679359, -0.20693984270149593]","[0.5914094485672969, -0.3532865373914196, 0.17113302619583448, -0.2536125533679993, -0.31108241131461295, -0.18556275108331738]","[""interaction_random"", ""interaction_bilinear"", ""pure_column_0"", ""pure_column_1"", ""pure_column_2"", ""pure_column_3""]",0.7712668930877951,0.7142857142857143,0.8333333333333334,0.6763624870026498
B1_known_truth,hard_marginal_flat_direction,small,400,20260917,soft_iot,1.0177202999998372,3.4876662794444706,0.0483479491346527,0.283165268566421,0.283165268566421,2.788812695977547e-13,"[-0.1126034038166039, 0.3837691628919766, 0.056334376666524126, -0.45032665875836625, 0.43404978177637155, -0.6675888168769086]","[-0.0640662241049061, 0.40338132308413904, 0.10151471562063144, -0.3591248398425942, 0.3019203463490604, -0.6664544091981875]","[""interaction_random"", ""interaction_bilinear"", ""pure_column_0"", ""pure_column_1"", ""pure_column_2"", ""pure_column_3""]",0.9870719458365788,0.942857142857143,1.0,0.1607983467789474
B1_known_truth,hard_marginal_flat_direction,small,400,20260917,hard_ot,0.1459457999999358,3.4829609336989407,0.103067401950881,0.0,0.0,0.0986833835986874,"[-0.1126034038166039, 0.3837691628919766, 0.056334376666524126, -0.45032665875836625, 0.43404978177637155, -0.6675888168769086]","[-0.06482583998397798, 0.4033020926159772, 0.2660416561851031, 0.014036301287799298, -0.11709979532271031, -0.2169899649993875]","[""interaction_random"", ""interaction_bilinear"", ""pure_column_0"", ""pure_column_1"", ""pure_column_2"", ""pure_column_3""]",0.484518532715283,0.3714285714285715,0.6666666666666666,1.0153634494945316
B1_known_truth,hard_marginal_flat_direction,small,400,20260918,soft_iot,0.921263299999964,3.432146719537716,0.0692560207677088,0.3292938188792504,0.3292938188792504,3.0719083879883484e-14,"[0.17133983853142926, -0.5636106540140907, 0.5628996675290114, 0.18533066901406545, 0.5479194356830239, -0.03957890641688695]","[0.21667651014946274, -0.5572935025935958, 0.6367461855392973, 0.15133464731873392, 0.6192225306934507, 0.06625207099451558]","[""interaction_random"", ""interaction_bilinear"", ""pure_column_0"", ""pure_column_1"", ""pure_column_2"", ""pure_column_3""]",0.9916753028340471,0.942857142857143,0.8333333333333334,0.1290325320681006
B1_known_truth,hard_marginal_flat_direction,small,400,20260918,hard_ot,0.1466504999998505,3.426972011944258,0.1101998461388334,-8.88178419700125e-10,-8.88178419700125e-10,0.0775051751089891,"[0.17133983853142926, -0.5636106540140907, 0.5628996675290114, 0.18533066901406545, 0.5479194356830239, -0.03957890641688695]","[0.21337635289939935, -0.5603954366549592, -0.4474757172673913, 0.10264137099298373, -0.29427963988456246, 0.3727067849408354]","[""interaction_random"", ""interaction_bilinear"", ""pure_column_0"", ""pure_column_1"", ""pure_column_2"", ""pure_column_3""]",-0.0632766628133919,-0.1428571428571428,0.5,1.4582706626778117
B1_known_truth,hard_marginal_flat_direction,small,400,20260919,soft_iot,0.8644954000001235,3.298640494860201,0.0390708011924771,0.1107706522063267,0.1107706522063267,1.396304965294252e-13,"[0.2733174066157225, -0.15306449610532066, 0.6707224799683543, -0.18165332428556877, 0.4582913275313151, -0.45713383053933715]","[0.3205629343702433, -0.18998688347441414, 0.6731317242168547, -0.19956220959956728, 0.4385816573060644, -0.4751408151702708]","[""interaction_random"", ""interaction_bilinear"", ""pure_column_0"", ""pure_column_1"", ""pure_column_2"", ""pure_column_3""]",0.9980348207238112,1.0,1.0,0.0626925717479946
B1_known_truth,hard_marginal_flat_direction,small,400,20260919,hard_ot,0.1143610999999964,3.2918261349108504,0.0938627494564115,-4.4408920985006256e-10,-4.4408920985006256e-10,0.1286257574375557,"[0.2733174066157225, -0.15306449610532066, 0.6707224799683543, -0.18165332428556877, 0.4582913275313151, -0.45713383053933715]","[0.33072889042119524, -0.18853327326430455, 0.4429706901870494, -0.090873320469712, 0.029348060838883437, -0.2219127479244359]","[""interaction_random"", ""interaction_bilinear"", ""pure_column_0"", ""pure_column_1"", ""pure_column_2"", ""pure_column_3""]",0.8666165560203433,0.8857142857142858,1.0,0.5164948092278504
B1_known_truth,hard_marginal_flat_direction,small,400,20260920,soft_iot,0.9742530999999416,3.390645909456276,0.0294202931746749,0.295903165525857,0.295903165525857,2.4505312890274622e-14,"[0.14919105649098416, -0.2776885860680373, 0.5996432633597822, -0.4480218013752298, 0.5813412791280295, -0.04876286714447537]","[0.146296133030499, -0.25205816843239626, 0.5237612435146988, -0.4568481041527225, 0.605637656147278, -0.040065779602589356]","[""interaction_random"", ""interaction_bilinear"", ""pure_column_0"", ""pure_column_1"", ""pure_column_2"", ""pure_column_3""]",0.996836900109119,0.942857142857143,1.0,0.0795374112085762
B1_known_truth,hard_marginal_flat_direction,small,400,20260920,hard_ot,0.1099649000000226,3.384733102028773,0.0908772555966051,0.0,0.0,0.1436545875896556,"[0.14919105649098416, -0.2776885860680373, 0.5996432633597822, -0.4480218013752298, 0.5813412791280295, -0.04876286714447537]","[0.14599994312372214, -0.25518742460793503, 0.035304124588299075, -0.06927560407957051, 0.29970079044679654, -0.41432912823553214]","[""interaction_random"", ""interaction_bilinear"", ""pure_column_0"", ""pure_column_1"", ""pure_column_2"", ""pure_column_3""]",0.5702679681928934,0.6,1.0,0.9270728469835654
B1_known_truth,hard_marginal_flat_direction,medium,2000,20260916,soft_iot,1.049569799999972,3.275514910310457,0.0245554274172476,0.246458566888208,0.246458566888208,2.1266280606610045e-13,"[0.6251313845525633, -0.3568585574074853, 0.37819975725982546, -0.4847588048698442, 0.247007020679359, -0.20693984270149593]","[0.6197247565665889, -0.3752976652082066, 0.3416848509249885, -0.46844670987935844, 0.30343779769719975, -0.15475306909289457]","[""interaction_random"", ""interaction_bilinear"", ""pure_column_0"", ""pure_column_1"", ""pure_column_2"", ""pure_column_3""]",0.9960828474529428,1.0,1.0,0.0885116099396833
B1_known_truth,hard_marginal_flat_direction,medium,2000,20260916,hard_ot,0.1785716000001684,3.2739161086565587,0.038107670109363,0.0,0.0,0.060894247222499,"[0.6251313845525633, -0.3568585574074853, 0.37819975725982546, -0.4847588048698442, 0.247007020679359, -0.20693984270149593]","[0.6117608568070021, -0.38252599045183394, -0.042082185520238256, 0.5704390651015306, 0.07927547010552362, -0.3172585454646178]","[""interaction_random"", ""interaction_bilinear"", ""pure_column_0"", ""pure_column_1"", ""pure_column_2"", ""pure_column_3""]",0.3190450724977434,0.3714285714285715,0.6666666666666666,1.1670089352719255
B1_known_truth,hard_marginal_flat_direction,medium,2000,20260917,soft_iot,1.0823817000000415,3.3868335961607863,0.0141101646633622,0.2543337140892276,0.2543337140892276,1.916238902879262e-14,"[-0.1126034038166039, 0.3837691628919766, 0.056334376666524126, -0.45032665875836625, 0.43404978177637155, -0.6675888168769086]","[-0.11323926920192251, 0.3846795622742958, 0.03876037926605542, -0.41410482826187434, 0.4300554359255255, -0.6619250368082757]","[""interaction_random"", ""interaction_bilinear"", ""pure_column_0"", ""pure_column_1"", ""pure_column_2"", ""pure_column_3""]",0.9993891962380566,1.0,1.0,0.0349515024553597
B1_known_truth,hard_marginal_flat_direction,medium,2000,20260917,hard_ot,0.1250392000001738,3.3858447181031126,0.0339287372982511,0.0,0.0,0.1010814282895829,"[-0.1126034038166039, 0.3837691628919766, 0.056334376666524126, -0.45032665875836625, 0.43404978177637155, -0.6675888168769086]","[-0.10778473322619368, 0.38412744301657964, -0.0014701676995163386, -0.10504229050092354, 0.304702007604751, 0.2302715098772711]","[""interaction_random"", ""interaction_bilinear"", ""pure_column_0"", ""pure_column_1"", ""pure_column_2"", ""pure_column_3""]",0.3295995061156788,0.5428571428571429,0.6666666666666666,1.1579296126141017
B1_known_truth,hard_marginal_flat_direction,medium,2000,20260918,soft_iot,0.9641741000000366,3.394313342535302,0.0167051991257651,0.3291534254046269,0.3291534254046269,7.618648496683025e-15,"[0.17133983853142926, -0.5636106540140907, 0.5628996675290114, 0.18533066901406545, 0.5479194356830239, -0.03957890641688695]","[0.15493194762047016, -0.5594855652786863, 0.5416261778218742, 0.19750838852029393, 0.5408238274653573, -0.021342633847113286]","[""interaction_random"", ""interaction_bilinear"", ""pure_column_0"", ""pure_column_1"", ""pure_column_2"", ""pure_column_3""]",0.9995368749643722,1.0,1.0,0.0304343567577147
B1_known_truth,hard_marginal_flat_direction,medium,2000,20260918,hard_ot,0.1494382000000769,3.3932493304059057,0.0464478470486312,0.0,0.0,0.0793811458598071,"[0.17133983853142926, -0.5636106540140907, 0.5628996675290114, 0.18533066901406545, 0.5479194356830239, -0.03957890641688695]","[0.15673531715383107, -0.5653139704986623, 0.020124924922210206, -0.12437817543942761, -0.08473434548515651, 0.14404322525780922]","[""interaction_random"", ""interaction_bilinear"", ""pure_column_0"", ""pure_column_1"", ""pure_column_2"", ""pure_column_3""]",0.4521441527576409,0.1428571428571428,0.5,1.0467624823639403
B1_known_truth,hard_marginal_flat_direction,medium,2000,20260919,soft_iot,0.9223452999999608,3.4334377244467014,0.0181263318148039,0.1249358936306066,0.1249358936306066,3.5994748127953885e-13,"[0.2733174066157225, -0.15306449610532066, 0.6707224799683543, -0.18165332428556877, 0.4582913275313151, -0.45713383053933715]","[0.27537885165760445, -0.1500745162643784, 0.6645000441342078, -0.12951186135830756, 0.4607621022262637, -0.4737587295082825]","[""interaction_random"", ""interaction_bilinear"", ""pure_column_0"", ""pure_column_1"", ""pure_column_2"", ""pure_column_3""]",0.9984738178844944,0.942857142857143,1.0,0.0552482056813737
B1_known_truth,hard_marginal_flat_direction,medium,2000,20260919,hard_ot,0.1021914999998898,3.4315844112402742,0.0443618739585832,0.0,0.0,0.1422373496909778,"[0.2733174066157225, -0.15306449610532066, 0.6707224799683543, -0.18165332428556877, 0.4582913275313151, -0.45713383053933715]","[0.2763830937402931, -0.15060793855004134, -0.007680277344911418, 0.376805191562182, -0.36252853927194073, 0.1760299654696725]","[""interaction_random"", ""interaction_bilinear"", ""pure_column_0"", ""pure_column_1"", ""pure_column_2"", ""pure_column_3""]",-0.3488767786058773,-0.4857142857142857,0.3333333333333333,1.6424839594990737
B1_known_truth,hard_marginal_flat_direction,medium,2000,20260920,soft_iot,0.9203344000000016,3.372749008301708,0.0205997198178066,0.2849015992012482,0.2849015992012482,1.513421867376697e-13,"[0.14919105649098416, -0.2776885860680373, 0.5996432633597822, -0.4480218013752298, 0.5813412791280295, -0.04876286714447537]","[0.13333084760204397, -0.2561060219242465, 0.5685234619001422, -0.44773495870061364, 0.5766822629191737, -0.04359200808155964]","[""interaction_random"", ""interaction_bilinear"", ""pure_column_0"", ""pure_column_1"", ""pure_column_2"", ""pure_column_3""]",0.9995603201034752,0.942857142857143,1.0,0.0296540012991433
B1_known_truth,hard_marginal_flat_direction,medium,2000,20260920,hard_ot,0.0953329999999823,3.371018486027192,0.0297066091114038,-8.88178419700125e-10,-8.88178419700125e-10,0.1460841871730005,"[0.14919105649098416, -0.2776885860680373, 0.5996432633597822, -0.4480218013752298, 0.5813412791280295, -0.04876286714447537]","[0.13271309619387217, -0.25097791059265806, -0.3216048869030449, -0.5728191900419305, -0.3701127562583559, -0.015812129091601287]","[""interaction_random"", ""interaction_bilinear"", ""pure_column_0"", ""pure_column_1"", ""pure_column_2"", ""pure_column_3""]",-0.0758335875606693,0.1428571428571428,0.6666666666666666,1.4668562216936392
B1_known_truth,hard_marginal_flat_direction,large,10000,20260916,soft_iot,0.9450131999999484,3.2648844538453945,0.0102713758320923,0.2294812202485729,0.2294812202485729,1.3659974755404336e-13,"[0.6251313845525633, -0.3568585574074853, 0.37819975725982546, -0.4847588048698442, 0.247007020679359, -0.20693984270149593]","[0.6173256863010949, -0.3601974692117625, 0.37448817948766266, -0.4697716236932135, 0.24147735879887236, -0.21576614392041032]","[""interaction_random"", ""interaction_bilinear"", ""pure_column_0"", ""pure_column_1"", ""pure_column_2"", ""pure_column_3""]",0.9998579564004916,1.0,1.0,0.016854886502639
B1_known_truth,hard_marginal_flat_direction,large,10000,20260916,hard_ot,0.1454378000000815,3.2646601909380566,0.0132257697783976,-1.7763568394002503e-09,-1.7763568394002503e-09,0.0616026736463164,"[0.6251313845525633, -0.3568585574074853, 0.37819975725982546, -0.4847588048698442, 0.247007020679359, -0.20693984270149593]","[0.6172910461968668, -0.36150972207269033, -0.0420826352220764, 0.5704388952095611, 0.07927515366615956, -0.3172587153565883]","[""interaction_random"", ""interaction_bilinear"", ""pure_column_0"", ""pure_column_1"", ""pure_column_2"", ""pure_column_3""]",0.316375537876772,0.3714285714285715,0.6666666666666666,1.1692941991844723
B1_known_truth,hard_marginal_flat_direction,large,10000,20260917,soft_iot,0.9635523999997986,3.452254596723594,0.0081133524744136,0.258035866451678,0.258035866451678,1.451860039091756e-13,"[-0.1126034038166039, 0.3837691628919766, 0.056334376666524126, -0.45032665875836625, 0.43404978177637155, -0.6675888168769086]","[-0.10361688715414889, 0.3846079402033036, 0.06663490838842745, -0.44398803384671764, 0.41324782532715476, -0.6655366801231187]","[""interaction_random"", ""interaction_bilinear"", ""pure_column_0"", ""pure_column_1"", ""pure_column_2"", ""pure_column_3""]",0.9997504170476496,1.0,1.0,0.0223420210522836
B1_known_truth,hard_marginal_flat_direction,large,10000,20260917,hard_ot,0.1707087999998293,3.4520260983588664,0.0221702102194982,0.0,0.0,0.1008099981187067,"[-0.1126034038166039, 0.3837691628919766, 0.056334376666524126, -0.45032665875836625, 0.43404978177637155, -0.6675888168769086]","[-0.10479082855276954, 0.3860588683248412, -0.3531099866146396, 0.20049289638378415, -0.20020789620888957, -0.07974238135622326]","[""interaction_random"", ""interaction_bilinear"", ""pure_column_0"", ""pure_column_1"", ""pure_column_2"", ""pure_column_3""]",0.0264409597643551,-0.2571428571428572,0.5,1.3953917301142678
B1_known_truth,hard_marginal_flat_direction,large,10000,20260918,soft_iot,0.9052270000001954,3.4227285313345206,0.0057823675716678,0.3427808876743654,0.3427808876743654,5.398738512916399e-14,"[0.17133983853142926, -0.5636106540140907, 0.5628996675290114, 0.18533066901406545, 0.5479194356830239, -0.03957890641688695]","[0.16685880160049235, -0.5587570647245687, 0.5479356361056794, 0.1884195105141647, 0.5438756294301363, -0.03614575956885102]","[""interaction_random"", ""interaction_bilinear"", ""pure_column_0"", ""pure_column_1"", ""pure_column_2"", ""pure_column_3""]",0.9999396659191608,1.0,1.0,0.0109849060842004
B1_known_truth,hard_marginal_flat_direction,large,10000,20260918,hard_ot,0.1492467999999007,3.4225250457263976,0.0317945331356629,0.0,0.0,0.0798545869259997,"[0.17133983853142926, -0.5636106540140907, 0.5628996675290114, 0.18533066901406545, 0.5479194356830239, -0.03957890641688695]","[0.16611481687079938, -0.5592654610216014, 0.020124924922210206, -0.12437817543942761, -0.08473422215387634, 0.14404322525780922]","[""interaction_random"", ""interaction_bilinear"", ""pure_column_0"", ""pure_column_1"", ""pure_column_2"", ""pure_column_3""]",0.4514524370205405,0.1428571428571428,0.5,1.0474230883262596
B1_known_truth,hard_marginal_flat_direction,large,10000,20260919,soft_iot,0.9675534000000424,3.346461082324308,0.0059571819291357,0.1206422153288144,0.1206422153288144,1.6498947518012144e-13,"[0.2733174066157225, -0.15306449610532066, 0.6707224799683543, -0.18165332428556877, 0.4582913275313151, -0.45713383053933715]","[0.2629257628708998, -0.15596050303323633, 0.6663350907003811, -0.17982923873402185, 0.45028466560899655, -0.4682171433277896]","[""interaction_random"", ""interaction_bilinear"", ""pure_column_0"", ""pure_column_1"", ""pure_column_2"", ""pure_column_3""]",0.9998448976822863,1.0,1.0,0.0176126271585777
B1_known_truth,hard_marginal_flat_direction,large,10000,20260919,hard_ot,0.0884260000000267,3.3461603885707283,0.0201150755156233,0.0,0.0,0.144255192016548,"[0.2733174066157225, -0.15306449610532066, 0.6707224799683543, -0.18165332428556877, 0.4582913275313151, -0.45713383053933715]","[0.2633930378093165, -0.15377548960528903, -0.11638139395860612, -0.28495911405122504, -0.28639180000587044, -0.37350456737537296]","[""interaction_random"", ""interaction_bilinear"", ""pure_column_0"", ""pure_column_1"", ""pure_column_2"", ""pure_column_3""]",0.1699418969750258,0.5428571428571429,0.6666666666666666,1.288454968576686
B1_known_truth,hard_marginal_flat_direction,large,10000,20260920,soft_iot,0.8939388999999665,3.2978334574482764,0.0112907843262237,0.2737713726830293,0.2952847126813651,1.0357353217041693e-13,"[0.14919105649098416, -0.2776885860680373, 0.5996432633597822, -0.4480218013752298, 0.5813412791280295, -0.04876286714447537]","[0.14472467993247695, -0.28939476439683287, 0.6095959954705769, -0.44990635043272387, 0.5852031571558272, -0.062358025630293606]","[""interaction_random"", ""interaction_bilinear"", ""pure_column_0"", ""pure_column_1"", ""pure_column_2"", ""pure_column_3""]",0.999849790398248,1.0,1.0,0.0173326052139914
B1_known_truth,hard_marginal_flat_direction,large,10000,20260920,hard_ot,0.0940686000001278,3.297590049866044,0.0167491157153561,0.0,0.0,0.1367698752419833,"[0.14919105649098416, -0.2776885860680373, 0.5996432633597822, -0.4480218013752298, 0.5813412791280295, -0.04876286714447537]","[0.1457206426820658, -0.28882222209001646, 0.035304124588299075, -0.06927560407957051, 0.29970079044679654, -0.4143298139808093]","[""interaction_random"", ""interaction_bilinear"", ""pure_column_0"", ""pure_column_1"", ""pure_column_2"", ""pure_column_3""]",0.5713784211796334,0.6,1.0,0.925874266647871
B1_known_truth,equivalent_fit_multiple_parameters,small,400,20260916,soft_iot,0.9578988000000664,3.236491900880984,0.0207699812570886,0.237363408928104,0.237363408928104,3.798305901454861e-13,"[0.6251313845525633, -0.3568585574074853, 0.37819975725982546, -0.4847588048698442, 0.247007020679359, -0.20693984270149593]","[0.6014309186423292, -0.35534529630975575, 0.37501899349327644, -0.4900711982578495, 0.2534804522540682, -0.2246514277311902]","[""interaction_random"", ""interaction_bilinear"", ""pure_column_0"", ""pure_column_1"", ""pure_column_2"", ""pure_column_3""]",0.9995515514095292,1.0,1.0,0.0299482417003318
B1_known_truth,equivalent_fit_multiple_parameters,small,400,20260916,hard_ot,0.1386438000001817,3.2298707624777743,0.08139394538595,0.0,0.0,0.0647746140579003,"[0.6251313845525633, -0.3568585574074853, 0.37819975725982546, -0.4847588048698442, 0.247007020679359, -0.20693984270149593]","[0.5914094485672969, -0.3532865373914196, 0.17113302619583448, -0.2536125533679993, -0.31108241131461295, -0.18556275108331738]","[""interaction_random"", ""interaction_bilinear"", ""pure_column_0"", ""pure_column_1"", ""pure_column_2"", ""pure_column_3""]",0.7712668930877951,0.7142857142857143,0.8333333333333334,0.6763624870026498
B1_known_truth,equivalent_fit_multiple_parameters,small,400,20260917,soft_iot,1.034198999999944,3.4876662794444706,0.0483479491346527,0.283165268566421,0.283165268566421,2.788812695977547e-13,"[-0.1126034038166039, 0.3837691628919766, 0.056334376666524126, -0.45032665875836625, 0.43404978177637155, -0.6675888168769086]","[-0.0640662241049061, 0.40338132308413904, 0.10151471562063144, -0.3591248398425942, 0.3019203463490604, -0.6664544091981875]","[""interaction_random"", ""interaction_bilinear"", ""pure_column_0"", ""pure_column_1"", ""pure_column_2"", ""pure_column_3""]",0.9870719458365788,0.942857142857143,1.0,0.1607983467789474
B1_known_truth,equivalent_fit_multiple_parameters,small,400,20260917,hard_ot,0.1443739999999707,3.4829609336989407,0.103067401950881,0.0,0.0,0.0986833835986874,"[-0.1126034038166039, 0.3837691628919766, 0.056334376666524126, -0.45032665875836625, 0.43404978177637155, -0.6675888168769086]","[-0.06482583998397798, 0.4033020926159772, 0.2660416561851031, 0.014036301287799298, -0.11709979532271031, -0.2169899649993875]","[""interaction_random"", ""interaction_bilinear"", ""pure_column_0"", ""pure_column_1"", ""pure_column_2"", ""pure_column_3""]",0.484518532715283,0.3714285714285715,0.6666666666666666,1.0153634494945316
B1_known_truth,equivalent_fit_multiple_parameters,small,400,20260918,soft_iot,0.9241786000000048,3.432146719537716,0.0692560207677088,0.3292938188792504,0.3292938188792504,3.0719083879883484e-14,"[0.17133983853142926, -0.5636106540140907, 0.5628996675290114, 0.18533066901406545, 0.5479194356830239, -0.03957890641688695]","[0.21667651014946274, -0.5572935025935958, 0.6367461855392973, 0.15133464731873392, 0.6192225306934507, 0.06625207099451558]","[""interaction_random"", ""interaction_bilinear"", ""pure_column_0"", ""pure_column_1"", ""pure_column_2"", ""pure_column_3""]",0.9916753028340471,0.942857142857143,0.8333333333333334,0.1290325320681006
B1_known_truth,equivalent_fit_multiple_parameters,small,400,20260918,hard_ot,0.1998717999999826,3.426972011944258,0.1101998461388334,-8.88178419700125e-10,-8.88178419700125e-10,0.0775051751089891,"[0.17133983853142926, -0.5636106540140907, 0.5628996675290114, 0.18533066901406545, 0.5479194356830239, -0.03957890641688695]","[0.21337635289939935, -0.5603954366549592, -0.4474757172673913, 0.10264137099298373, -0.29427963988456246, 0.3727067849408354]","[""interaction_random"", ""interaction_bilinear"", ""pure_column_0"", ""pure_column_1"", ""pure_column_2"", ""pure_column_3""]",-0.0632766628133919,-0.1428571428571428,0.5,1.4582706626778117
B1_known_truth,equivalent_fit_multiple_parameters,small,400,20260919,soft_iot,0.9488867999998548,3.298640494860201,0.0390708011924771,0.1107706522063267,0.1107706522063267,1.396304965294252e-13,"[0.2733174066157225, -0.15306449610532066, 0.6707224799683543, -0.18165332428556877, 0.4582913275313151, -0.45713383053933715]","[0.3205629343702433, -0.18998688347441414, 0.6731317242168547, -0.19956220959956728, 0.4385816573060644, -0.4751408151702708]","[""interaction_random"", ""interaction_bilinear"", ""pure_column_0"", ""pure_column_1"", ""pure_column_2"", ""pure_column_3""]",0.9980348207238112,1.0,1.0,0.0626925717479946
B1_known_truth,equivalent_fit_multiple_parameters,small,400,20260919,hard_ot,0.1030447999999069,3.2918261349108504,0.0938627494564115,-4.4408920985006256e-10,-4.4408920985006256e-10,0.1286257574375557,"[0.2733174066157225, -0.15306449610532066, 0.6707224799683543, -0.18165332428556877, 0.4582913275313151, -0.45713383053933715]","[0.33072889042119524, -0.18853327326430455, 0.4429706901870494, -0.090873320469712, 0.029348060838883437, -0.2219127479244359]","[""interaction_random"", ""interaction_bilinear"", ""pure_column_0"", ""pure_column_1"", ""pure_column_2"", ""pure_column_3""]",0.8666165560203433,0.8857142857142858,1.0,0.5164948092278504
B1_known_truth,equivalent_fit_multiple_parameters,small,400,20260920,soft_iot,0.9548554000000422,3.390645909456276,0.0294202931746749,0.295903165525857,0.295903165525857,2.4505312890274622e-14,"[0.14919105649098416, -0.2776885860680373, 0.5996432633597822, -0.4480218013752298, 0.5813412791280295, -0.04876286714447537]","[0.146296133030499, -0.25205816843239626, 0.5237612435146988, -0.4568481041527225, 0.605637656147278, -0.040065779602589356]","[""interaction_random"", ""interaction_bilinear"", ""pure_column_0"", ""pure_column_1"", ""pure_column_2"", ""pure_column_3""]",0.996836900109119,0.942857142857143,1.0,0.0795374112085762
B1_known_truth,equivalent_fit_multiple_parameters,small,400,20260920,hard_ot,0.1045028999999431,3.384733102028773,0.0908772555966051,0.0,0.0,0.1436545875896556,"[0.14919105649098416, -0.2776885860680373, 0.5996432633597822, -0.4480218013752298, 0.5813412791280295, -0.04876286714447537]","[0.14599994312372214, -0.25518742460793503, 0.035304124588299075, -0.06927560407957051, 0.29970079044679654, -0.41432912823553214]","[""interaction_random"", ""interaction_bilinear"", ""pure_column_0"", ""pure_column_1"", ""pure_column_2"", ""pure_column_3""]",0.5702679681928934,0.6,1.0,0.9270728469835654
B1_known_truth,equivalent_fit_multiple_parameters,medium,2000,20260916,soft_iot,0.9866082999999436,3.275514910310457,0.0245554274172476,0.246458566888208,0.246458566888208,2.1266280606610045e-13,"[0.6251313845525633, -0.3568585574074853, 0.37819975725982546, -0.4847588048698442, 0.247007020679359, -0.20693984270149593]","[0.6197247565665889, -0.3752976652082066, 0.3416848509249885, -0.46844670987935844, 0.30343779769719975, -0.15475306909289457]","[""interaction_random"", ""interaction_bilinear"", ""pure_column_0"", ""pure_column_1"", ""pure_column_2"", ""pure_column_3""]",0.9960828474529428,1.0,1.0,0.0885116099396833
B1_known_truth,equivalent_fit_multiple_parameters,medium,2000,20260916,hard_ot,0.1571314000000256,3.2739161086565587,0.038107670109363,0.0,0.0,0.060894247222499,"[0.6251313845525633, -0.3568585574074853, 0.37819975725982546, -0.4847588048698442, 0.247007020679359, -0.20693984270149593]","[0.6117608568070021, -0.38252599045183394, -0.042082185520238256, 0.5704390651015306, 0.07927547010552362, -0.3172585454646178]","[""interaction_random"", ""interaction_bilinear"", ""pure_column_0"", ""pure_column_1"", ""pure_column_2"", ""pure_column_3""]",0.3190450724977434,0.3714285714285715,0.6666666666666666,1.1670089352719255
B1_known_truth,equivalent_fit_multiple_parameters,medium,2000,20260917,soft_iot,1.050788700000112,3.3868335961607863,0.0141101646633622,0.2543337140892276,0.2543337140892276,1.916238902879262e-14,"[-0.1126034038166039, 0.3837691628919766, 0.056334376666524126, -0.45032665875836625, 0.43404978177637155, -0.6675888168769086]","[-0.11323926920192251, 0.3846795622742958, 0.03876037926605542, -0.41410482826187434, 0.4300554359255255, -0.6619250368082757]","[""interaction_random"", ""interaction_bilinear"", ""pure_column_0"", ""pure_column_1"", ""pure_column_2"", ""pure_column_3""]",0.9993891962380566,1.0,1.0,0.0349515024553597
B1_known_truth,equivalent_fit_multiple_parameters,medium,2000,20260917,hard_ot,0.1341813000001366,3.3858447181031126,0.0339287372982511,0.0,0.0,0.1010814282895829,"[-0.1126034038166039, 0.3837691628919766, 0.056334376666524126, -0.45032665875836625, 0.43404978177637155, -0.6675888168769086]","[-0.10778473322619368, 0.38412744301657964, -0.0014701676995163386, -0.10504229050092354, 0.304702007604751, 0.2302715098772711]","[""interaction_random"", ""interaction_bilinear"", ""pure_column_0"", ""pure_column_1"", ""pure_column_2"", ""pure_column_3""]",0.3295995061156788,0.5428571428571429,0.6666666666666666,1.1579296126141017
B1_known_truth,equivalent_fit_multiple_parameters,medium,2000,20260918,soft_iot,1.0074637000000166,3.394313342535302,0.0167051991257651,0.3291534254046269,0.3291534254046269,7.618648496683025e-15,"[0.17133983853142926, -0.5636106540140907, 0.5628996675290114, 0.18533066901406545, 0.5479194356830239, -0.03957890641688695]","[0.15493194762047016, -0.5594855652786863, 0.5416261778218742, 0.19750838852029393, 0.5408238274653573, -0.021342633847113286]","[""interaction_random"", ""interaction_bilinear"", ""pure_column_0"", ""pure_column_1"", ""pure_column_2"", ""pure_column_3""]",0.9995368749643722,1.0,1.0,0.0304343567577147
B1_known_truth,equivalent_fit_multiple_parameters,medium,2000,20260918,hard_ot,0.1627001999997901,3.3932493304059057,0.0464478470486312,0.0,0.0,0.0793811458598071,"[0.17133983853142926, -0.5636106540140907, 0.5628996675290114, 0.18533066901406545, 0.5479194356830239, -0.03957890641688695]","[0.15673531715383107, -0.5653139704986623, 0.020124924922210206, -0.12437817543942761, -0.08473434548515651, 0.14404322525780922]","[""interaction_random"", ""interaction_bilinear"", ""pure_column_0"", ""pure_column_1"", ""pure_column_2"", ""pure_column_3""]",0.4521441527576409,0.1428571428571428,0.5,1.0467624823639403
B1_known_truth,equivalent_fit_multiple_parameters,medium,2000,20260919,soft_iot,0.9657750999999736,3.4334377244467014,0.0181263318148039,0.1249358936306066,0.1249358936306066,3.5994748127953885e-13,"[0.2733174066157225, -0.15306449610532066, 0.6707224799683543, -0.18165332428556877, 0.4582913275313151, -0.45713383053933715]","[0.27537885165760445, -0.1500745162643784, 0.6645000441342078, -0.12951186135830756, 0.4607621022262637, -0.4737587295082825]","[""interaction_random"", ""interaction_bilinear"", ""pure_column_0"", ""pure_column_1"", ""pure_column_2"", ""pure_column_3""]",0.9984738178844944,0.942857142857143,1.0,0.0552482056813737
B1_known_truth,equivalent_fit_multiple_parameters,medium,2000,20260919,hard_ot,0.1175574000001233,3.4315844112402742,0.0443618739585832,0.0,0.0,0.1422373496909778,"[0.2733174066157225, -0.15306449610532066, 0.6707224799683543, -0.18165332428556877, 0.4582913275313151, -0.45713383053933715]","[0.2763830937402931, -0.15060793855004134, -0.007680277344911418, 0.376805191562182, -0.36252853927194073, 0.1760299654696725]","[""interaction_random"", ""interaction_bilinear"", ""pure_column_0"", ""pure_column_1"", ""pure_column_2"", ""pure_column_3""]",-0.3488767786058773,-0.4857142857142857,0.3333333333333333,1.6424839594990737
B1_known_truth,equivalent_fit_multiple_parameters,medium,2000,20260920,soft_iot,1.0720064999998158,3.372749008301708,0.0205997198178066,0.2849015992012482,0.2849015992012482,1.513421867376697e-13,"[0.14919105649098416, -0.2776885860680373, 0.5996432633597822, -0.4480218013752298, 0.5813412791280295, -0.04876286714447537]","[0.13333084760204397, -0.2561060219242465, 0.5685234619001422, -0.44773495870061364, 0.5766822629191737, -0.04359200808155964]","[""interaction_random"", ""interaction_bilinear"", ""pure_column_0"", ""pure_column_1"", ""pure_column_2"", ""pure_column_3""]",0.9995603201034752,0.942857142857143,1.0,0.0296540012991433
B1_known_truth,equivalent_fit_multiple_parameters,medium,2000,20260920,hard_ot,0.1008377999999083,3.371018486027192,0.0297066091114038,-8.88178419700125e-10,-8.88178419700125e-10,0.1460841871730005,"[0.14919105649098416, -0.2776885860680373, 0.5996432633597822, -0.4480218013752298, 0.5813412791280295, -0.04876286714447537]","[0.13271309619387217, -0.25097791059265806, -0.3216048869030449, -0.5728191900419305, -0.3701127562583559, -0.015812129091601287]","[""interaction_random"", ""interaction_bilinear"", ""pure_column_0"", ""pure_column_1"", ""pure_column_2"", ""pure_column_3""]",-0.0758335875606693,0.1428571428571428,0.6666666666666666,1.4668562216936392
B1_known_truth,equivalent_fit_multiple_parameters,large,10000,20260916,soft_iot,0.987402100000054,3.2648844538453945,0.0102713758320923,0.2294812202485729,0.2294812202485729,1.3659974755404336e-13,"[0.6251313845525633, -0.3568585574074853, 0.37819975725982546, -0.4847588048698442, 0.247007020679359, -0.20693984270149593]","[0.6173256863010949, -0.3601974692117625, 0.37448817948766266, -0.4697716236932135, 0.24147735879887236, -0.21576614392041032]","[""interaction_random"", ""interaction_bilinear"", ""pure_column_0"", ""pure_column_1"", ""pure_column_2"", ""pure_column_3""]",0.9998579564004916,1.0,1.0,0.016854886502639
B1_known_truth,equivalent_fit_multiple_parameters,large,10000,20260916,hard_ot,0.1328677999999854,3.2646601909380566,0.0132257697783976,-1.7763568394002503e-09,-1.7763568394002503e-09,0.0616026736463164,"[0.6251313845525633, -0.3568585574074853, 0.37819975725982546, -0.4847588048698442, 0.247007020679359, -0.20693984270149593]","[0.6172910461968668, -0.36150972207269033, -0.0420826352220764, 0.5704388952095611, 0.07927515366615956, -0.3172587153565883]","[""interaction_random"", ""interaction_bilinear"", ""pure_column_0"", ""pure_column_1"", ""pure_column_2"", ""pure_column_3""]",0.316375537876772,0.3714285714285715,0.6666666666666666,1.1692941991844723
B1_known_truth,equivalent_fit_multiple_parameters,large,10000,20260917,soft_iot,1.0336399999998775,3.452254596723594,0.0081133524744136,0.258035866451678,0.258035866451678,1.451860039091756e-13,"[-0.1126034038166039, 0.3837691628919766, 0.056334376666524126, -0.45032665875836625, 0.43404978177637155, -0.6675888168769086]","[-0.10361688715414889, 0.3846079402033036, 0.06663490838842745, -0.44398803384671764, 0.41324782532715476, -0.6655366801231187]","[""interaction_random"", ""interaction_bilinear"", ""pure_column_0"", ""pure_column_1"", ""pure_column_2"", ""pure_column_3""]",0.9997504170476496,1.0,1.0,0.0223420210522836
B1_known_truth,equivalent_fit_multiple_parameters,large,10000,20260917,hard_ot,0.1820992000000387,3.4520260983588664,0.0221702102194982,0.0,0.0,0.1008099981187067,"[-0.1126034038166039, 0.3837691628919766, 0.056334376666524126, -0.45032665875836625, 0.43404978177637155, -0.6675888168769086]","[-0.10479082855276954, 0.3860588683248412, -0.3531099866146396, 0.20049289638378415, -0.20020789620888957, -0.07974238135622326]","[""interaction_random"", ""interaction_bilinear"", ""pure_column_0"", ""pure_column_1"", ""pure_column_2"", ""pure_column_3""]",0.0264409597643551,-0.2571428571428572,0.5,1.3953917301142678
B1_known_truth,equivalent_fit_multiple_parameters,large,10000,20260918,soft_iot,0.9348095000000284,3.4227285313345206,0.0057823675716678,0.3427808876743654,0.3427808876743654,5.398738512916399e-14,"[0.17133983853142926, -0.5636106540140907, 0.5628996675290114, 0.18533066901406545, 0.5479194356830239, -0.03957890641688695]","[0.16685880160049235, -0.5587570647245687, 0.5479356361056794, 0.1884195105141647, 0.5438756294301363, -0.03614575956885102]","[""interaction_random"", ""interaction_bilinear"", ""pure_column_0"", ""pure_column_1"", ""pure_column_2"", ""pure_column_3""]",0.9999396659191608,1.0,1.0,0.0109849060842004
B1_known_truth,equivalent_fit_multiple_parameters,large,10000,20260918,hard_ot,0.1476173000000926,3.4225250457263976,0.0317945331356629,0.0,0.0,0.0798545869259997,"[0.17133983853142926, -0.5636106540140907, 0.5628996675290114, 0.18533066901406545, 0.5479194356830239, -0.03957890641688695]","[0.16611481687079938, -0.5592654610216014, 0.020124924922210206, -0.12437817543942761, -0.08473422215387634, 0.14404322525780922]","[""interaction_random"", ""interaction_bilinear"", ""pure_column_0"", ""pure_column_1"", ""pure_column_2"", ""pure_column_3""]",0.4514524370205405,0.1428571428571428,0.5,1.0474230883262596
B1_known_truth,equivalent_fit_multiple_parameters,large,10000,20260919,soft_iot,1.0231760000001486,3.346461082324308,0.0059571819291357,0.1206422153288144,0.1206422153288144,1.6498947518012144e-13,"[0.2733174066157225, -0.15306449610532066, 0.6707224799683543, -0.18165332428556877, 0.4582913275313151, -0.45713383053933715]","[0.2629257628708998, -0.15596050303323633, 0.6663350907003811, -0.17982923873402185, 0.45028466560899655, -0.4682171433277896]","[""interaction_random"", ""interaction_bilinear"", ""pure_column_0"", ""pure_column_1"", ""pure_column_2"", ""pure_column_3""]",0.9998448976822863,1.0,1.0,0.0176126271585777
B1_known_truth,equivalent_fit_multiple_parameters,large,10000,20260919,hard_ot,0.0919701999998778,3.3461603885707283,0.0201150755156233,0.0,0.0,0.144255192016548,"[0.2733174066157225, -0.15306449610532066, 0.6707224799683543, -0.18165332428556877, 0.4582913275313151, -0.45713383053933715]","[0.2633930378093165, -0.15377548960528903, -0.11638139395860612, -0.28495911405122504, -0.28639180000587044, -0.37350456737537296]","[""interaction_random"", ""interaction_bilinear"", ""pure_column_0"", ""pure_column_1"", ""pure_column_2"", ""pure_column_3""]",0.1699418969750258,0.5428571428571429,0.6666666666666666,1.288454968576686
B1_known_truth,equivalent_fit_multiple_parameters,large,10000,20260920,soft_iot,0.9881361000000196,3.2978334574482764,0.0112907843262237,0.2737713726830293,0.2952847126813651,1.0357353217041693e-13,"[0.14919105649098416, -0.2776885860680373, 0.5996432633597822, -0.4480218013752298, 0.5813412791280295, -0.04876286714447537]","[0.14472467993247695, -0.28939476439683287, 0.6095959954705769, -0.44990635043272387, 0.5852031571558272, -0.062358025630293606]","[""interaction_random"", ""interaction_bilinear"", ""pure_column_0"", ""pure_column_1"", ""pure_column_2"", ""pure_column_3""]",0.999849790398248,1.0,1.0,0.0173326052139914
B1_known_truth,equivalent_fit_multiple_parameters,large,10000,20260920,hard_ot,0.0912762999998904,3.297590049866044,0.0167491157153561,0.0,0.0,0.1367698752419833,"[0.14919105649098416, -0.2776885860680373, 0.5996432633597822, -0.4480218013752298, 0.5813412791280295, -0.04876286714447537]","[0.1457206426820658, -0.28882222209001646, 0.035304124588299075, -0.06927560407957051, 0.29970079044679654, -0.4143298139808093]","[""interaction_random"", ""interaction_bilinear"", ""pure_column_0"", ""pure_column_1"", ""pure_column_2"", ""pure_column_3""]",0.5713784211796334,0.6,1.0,0.925874266647871
B1_known_truth,shared_plus_context_offset,small,400,20260916,soft_iot,0.9937769999999092,3.119966222425764,0.176349899588655,0.1806251819225224,0.1806251819225224,3.481958222410208e-14,"[0.6251313845525633, -0.3568585574074853, 0.37819975725982546, -0.4847588048698442, 0.247007020679359, -0.20693984270149593]","[0.6158923357867007, -0.4175209923909831, 0.560950760456999, -0.5659886515101262, 0.39306374835188096, -0.16494579727754047]","[""interaction_random"", ""interaction_bilinear"", ""pure_column_0"", ""pure_column_1"", ""pure_column_2"", ""pure_column_3""]",0.983878363311385,1.0,1.0,0.1795641205175192
B1_known_truth,shared_plus_context_offset,small,400,20260916,hard_ot,0.1487047000000529,3.1022816605691697,0.0929479307921709,0.0,0.0,0.0594842194835263,"[0.6251313845525633, -0.3568585574074853, 0.37819975725982546, -0.4847588048698442, 0.247007020679359, -0.20693984270149593]","[0.614874064555291, -0.40092442035207543, 0.17113327072165802, -0.25361267666364556, -0.3110825346102592, -0.18556242074079057]","[""interaction_random"", ""interaction_bilinear"", ""pure_column_0"", ""pure_column_1"", ""pure_column_2"", ""pure_column_3""]",0.774355873752146,0.7142857142857143,0.8333333333333334,0.6717799137334399
B1_known_truth,shared_plus_context_offset,small,400,20260917,soft_iot,1.0022923999999875,3.4548493666510773,0.1329219102447165,0.2427997798370995,0.2427997798370995,1.1442553017775506e-13,"[-0.1126034038166039, 0.3837691628919766, 0.056334376666524126, -0.45032665875836625, 0.43404978177637155, -0.6675888168769086]","[-0.040515730542689074, 0.36245640608085294, 0.3078892477558614, -0.5218569555009563, 0.35518894275637297, -0.6784811396406781]","[""interaction_random"", ""interaction_bilinear"", ""pure_column_0"", ""pure_column_1"", ""pure_column_2"", ""pure_column_3""]",0.96230632166459,0.942857142857143,1.0,0.2745675812451651
B1_known_truth,shared_plus_context_offset,small,400,20260917,hard_ot,0.1773628000000826,3.4334025159929262,0.1037580666377482,0.0,0.0,0.1065244548845614,"[-0.1126034038166039, 0.3837691628919766, 0.056334376666524126, -0.45032665875836625, 0.43404978177637155, -0.6675888168769086]","[-0.04642547733653134, 0.3753237013346963, -0.27998724005848785, -0.0957621035306923, -0.0008660918157311774, -0.2116511213548828]","[""interaction_random"", ""interaction_bilinear"", ""pure_column_0"", ""pure_column_1"", ""pure_column_2"", ""pure_column_3""]",0.6050969771079389,0.6,0.6666666666666666,0.8887103272631202
B1_known_truth,shared_plus_context_offset,small,400,20260918,soft_iot,0.9510015999999268,3.385489672125607,0.0637899611819555,0.2876988536293368,0.2876988536293368,5.044204415017759e-14,"[0.17133983853142926, -0.5636106540140907, 0.5628996675290114, 0.18533066901406545, 0.5479194356830239, -0.03957890641688695]","[0.1877057048763659, -0.5522506264631644, 0.8570917532067, -0.0001436315630895209, 0.6894309996478296, -0.09337486337265344]","[""interaction_random"", ""interaction_bilinear"", ""pure_column_0"", ""pure_column_1"", ""pure_column_2"", ""pure_column_3""]",0.9669640280409444,0.942857142857143,0.8333333333333334,0.257044634097098
B1_known_truth,shared_plus_context_offset,small,400,20260918,hard_ot,0.1768403000000944,3.377965839186807,0.0926607502841339,0.0,0.0,0.0788389175958989,"[0.17133983853142926, -0.5636106540140907, 0.5628996675290114, 0.18533066901406545, 0.5479194356830239, -0.03957890641688695]","[0.18755639036908328, -0.5597754294174071, 0.020124924922210206, -0.12437817543942761, -0.08473430155256645, 0.14404306227614996]","[""interaction_random"", ""interaction_bilinear"", ""pure_column_0"", ""pure_column_1"", ""pure_column_2"", ""pure_column_3""]",0.4530605726931598,0.1428571428571428,0.5,1.0458866356415883
B1_known_truth,shared_plus_context_offset,small,400,20260919,soft_iot,0.9526151999998548,3.222414596662142,0.144652293603667,0.1217018432697614,0.1217018432697614,5.150487815465089e-13,"[0.2733174066157225, -0.15306449610532066, 0.6707224799683543, -0.18165332428556877, 0.4582913275313151, -0.45713383053933715]","[0.31753794096900584, -0.1565242326987793, 0.7688447467782354, -0.33827447487399903, 0.667157466497641, -0.1954435641887579]","[""interaction_random"", ""interaction_bilinear"", ""pure_column_0"", ""pure_column_1"", ""pure_column_2"", ""pure_column_3""]",0.9446925475013228,0.942857142857143,1.0,0.3325881913077411
B1_known_truth,shared_plus_context_offset,small,400,20260919,hard_ot,0.1288266000001385,3.204526799209688,0.0864115351641546,0.0,0.0,0.1311391460060481,"[0.2733174066157225, -0.15306449610532066, 0.6707224799683543, -0.18165332428556877, 0.4582913275313151, -0.45713383053933715]","[0.33464781389326426, -0.15407691183004862, -0.007680145336905848, 0.3768055539045883, -0.3625282611342318, 0.17603026274495898]","[""interaction_random"", ""interaction_bilinear"", ""pure_column_0"", ""pure_column_1"", ""pure_column_2"", ""pure_column_3""]",-0.3092309272785552,-0.4857142857142857,0.3333333333333333,1.618166201153982
B1_known_truth,shared_plus_context_offset,small,400,20260920,soft_iot,1.1334558000000925,3.252286242243964,0.1813906615021428,0.2268075411926418,0.2268075411926418,1.6987860407480638e-13,"[0.14919105649098416, -0.2776885860680373, 0.5996432633597822, -0.4480218013752298, 0.5813412791280295, -0.04876286714447537]","[0.14100313267754783, -0.22526020028527918, 0.6612968683114939, -0.5463670992954607, 0.6852965374744484, -0.09865135300438675]","[""interaction_random"", ""interaction_bilinear"", ""pure_column_0"", ""pure_column_1"", ""pure_column_2"", ""pure_column_3""]",0.9948654215672548,0.942857142857143,1.0,0.101336848507789
B1_known_truth,shared_plus_context_offset,small,400,20260920,hard_ot,0.1129396999999698,3.232741294264744,0.0836533663402642,0.0,0.0,0.1527567481458919,"[0.14919105649098416, -0.2776885860680373, 0.5996432633597822, -0.4480218013752298, 0.5813412791280295, -0.04876286714447537]","[0.13562341800354014, -0.218192718536916, -0.47875281377803364, -0.11579538390931024, 0.6575638384721229, -0.4701871909987667]","[""interaction_random"", ""interaction_bilinear"", ""pure_column_0"", ""pure_column_1"", ""pure_column_2"", ""pure_column_3""]",0.2557131357030778,-0.0857142857142857,0.8333333333333334,1.2200711981658463
B1_known_truth,shared_plus_context_offset,medium,2000,20260916,soft_iot,1.1052824000000785,3.231293400067872,0.1615041974620064,0.2064917388189258,0.2064917388189258,2.605918452145289e-13,"[0.6251313845525633, -0.3568585574074853, 0.37819975725982546, -0.4847588048698442, 0.247007020679359, -0.20693984270149593]","[0.6473252085336373, -0.37066344637513854, 0.5014633106620314, -0.5802583048394628, 0.32226526505043784, -0.2082038705420666]","[""interaction_random"", ""interaction_bilinear"", ""pure_column_0"", ""pure_column_1"", ""pure_column_2"", ""pure_column_3""]",0.9947159533334876,1.0,1.0,0.1028012321571318
B1_known_truth,shared_plus_context_offset,medium,2000,20260916,hard_ot,0.1547220999998444,3.214548986943412,0.0224646084401439,0.0,0.0,0.0602277907308195,"[0.6251313845525633, -0.3568585574074853, 0.37819975725982546, -0.4847588048698442, 0.247007020679359, -0.20693984270149593]","[0.6368184718740872, -0.35149485113202883, -0.06541180790136847, 0.09997611878218943, 0.2066139346621578, -0.03369834386091586]","[""interaction_random"", ""interaction_bilinear"", ""pure_column_0"", ""pure_column_1"", ""pure_column_2"", ""pure_column_3""]",0.663379793073201,0.4285714285714286,0.6666666666666666,0.8205122874482732
B1_known_truth,shared_plus_context_offset,medium,2000,20260917,soft_iot,1.207210600000053,3.4594716539929387,0.1418453657176784,0.2419019109467513,0.2419019109467513,1.3564681915947158e-13,"[-0.1126034038166039, 0.3837691628919766, 0.056334376666524126, -0.45032665875836625, 0.43404978177637155, -0.6675888168769086]","[-0.10412264978103981, 0.39507413687068715, 0.15245699953018452, -0.5390919245740271, 0.541995513797531, -0.7116019544719949]","[""interaction_random"", ""interaction_bilinear"", ""pure_column_0"", ""pure_column_1"", ""pure_column_2"", ""pure_column_3""]",0.9940173153758532,1.0,1.0,0.1093863302624855
B1_known_truth,shared_plus_context_offset,medium,2000,20260917,hard_ot,0.1892326000001958,3.4453998207524577,0.0315953102262114,0.0,0.0,0.0976984095855669,"[-0.1126034038166039, 0.3837691628919766, 0.056334376666524126, -0.45032665875836625, 0.43404978177637155, -0.6675888168769086]","[-0.10548293990259965, 0.3987407526914767, -0.3531100793102651, 0.20049313274890954, -0.20020789620888957, -0.07974260918871783]","[""interaction_random"", ""interaction_bilinear"", ""pure_column_0"", ""pure_column_1"", ""pure_column_2"", ""pure_column_3""]",0.0340950528890312,-0.2571428571428572,0.5,1.3898956414860568
B1_known_truth,shared_plus_context_offset,medium,2000,20260918,soft_iot,1.0798065000001316,3.4162109628438486,0.0527372985266395,0.311526185292621,0.311526185292621,2.3223849593205262e-14,"[0.17133983853142926, -0.5636106540140907, 0.5628996675290114, 0.18533066901406545, 0.5479194356830239, -0.03957890641688695]","[0.1717990344469291, -0.5632519556716002, 0.6900915499097965, 0.07296080872162736, 0.6266936461305327, -0.12028946494935734]","[""interaction_random"", ""interaction_bilinear"", ""pure_column_0"", ""pure_column_1"", ""pure_column_2"", ""pure_column_3""]",0.9869180104974438,0.942857142857143,1.0,0.1617528330667279
B1_known_truth,shared_plus_context_offset,medium,2000,20260918,hard_ot,0.1748391999999512,3.4107275905719137,0.0630869160203272,0.0,0.0,0.0790772311629539,"[0.17133983853142926, -0.5636106540140907, 0.5628996675290114, 0.18533066901406545, 0.5479194356830239, -0.03957890641688695]","[0.16579385633881452, -0.5648943748266133, -0.44747590911363333, 0.10264144497806349, -0.29427983173080446, 0.3727065930945934]","[""interaction_random"", ""interaction_bilinear"", ""pure_column_0"", ""pure_column_1"", ""pure_column_2"", ""pure_column_3""]",-0.0701477080561162,-0.1428571428571428,0.5,1.4629748514968508
B1_known_truth,shared_plus_context_offset,medium,2000,20260919,soft_iot,1.286804200000006,3.3432163620601587,0.1399247210575211,0.0918527791604617,0.0918527791604617,2.8976006908050733e-13,"[0.2733174066157225, -0.15306449610532066, 0.6707224799683543, -0.18165332428556877, 0.4582913275313151, -0.45713383053933715]","[0.2641815654858453, -0.1463071244537878, 0.8071884375737012, -0.317591939602556, 0.5111045375468253, -0.4454820038756696]","[""interaction_random"", ""interaction_bilinear"", ""pure_column_0"", ""pure_column_1"", ""pure_column_2"", ""pure_column_3""]",0.991196724280534,1.0,1.0,0.1326896809813473
B1_known_truth,shared_plus_context_offset,medium,2000,20260919,hard_ot,0.1339102999997976,3.331248245670388,0.0359209204658064,0.0,0.0,0.1433100589614536,"[0.2733174066157225, -0.15306449610532066, 0.6707224799683543, -0.18165332428556877, 0.4582913275313151, -0.45713383053933715]","[0.2706982983733941, -0.15018745988816412, -0.007680210295462663, 0.3768054544654525, -0.3625286042304976, 0.1760303393753742]","[""interaction_random"", ""interaction_bilinear"", ""pure_column_0"", ""pure_column_1"", ""pure_column_2"", ""pure_column_3""]",-0.3528420535419301,-0.4857142857142857,0.3333333333333333,1.6448963818684323
B1_known_truth,shared_plus_context_offset,medium,2000,20260920,soft_iot,1.1649845000001733,3.204498625491412,0.1553583689571544,0.2369777587496457,0.2594209096429267,1.488084099766755e-13,"[0.14919105649098416, -0.2776885860680373, 0.5996432633597822, -0.4480218013752298, 0.5813412791280295, -0.04876286714447537]","[0.16036346852766545, -0.2916639842659228, 0.7523459000702839, -0.5476895578548034, 0.6085151025013763, -0.10555583258631454]","[""interaction_random"", ""interaction_bilinear"", ""pure_column_0"", ""pure_column_1"", ""pure_column_2"", ""pure_column_3""]",0.9956360081988342,1.0,1.0,0.0934236779533517
B1_known_truth,shared_plus_context_offset,medium,2000,20260920,hard_ot,0.0992142000000058,3.1878126322468003,0.0398039337845239,0.0,0.0,0.1316227060368269,"[0.14919105649098416, -0.2776885860680373, 0.5996432633597822, -0.4480218013752298, 0.5813412791280295, -0.04876286714447537]","[0.16693550798338447, -0.3036640116539051, -0.3216056993014684, -0.572819993018182, -0.37011341610245263, -0.015812788935697646]","[""interaction_random"", ""interaction_bilinear"", ""pure_column_0"", ""pure_column_1"", ""pure_column_2"", ""pure_column_3""]",-0.0498502101016429,0.1428571428571428,0.6666666666666666,1.4490343060822564
B1_known_truth,shared_plus_context_offset,large,10000,20260916,soft_iot,1.311693699999978,3.1644027186061856,0.1508604888432931,0.206235566402313,0.206235566402313,4.982121471475973e-14,"[0.6251313845525633, -0.3568585574074853, 0.37819975725982546, -0.4847588048698442, 0.247007020679359, -0.20693984270149593]","[0.6178201968923551, -0.3769216184978254, 0.5416478388053351, -0.5852930267472668, 0.22421003057456593, -0.289549119161009]","[""interaction_random"", ""interaction_bilinear"", ""pure_column_0"", ""pure_column_1"", ""pure_column_2"", ""pure_column_3""]",0.9886918705817698,1.0,1.0,0.1503870301470868
B1_known_truth,shared_plus_context_offset,large,10000,20260916,hard_ot,0.1965678000001389,3.150740645083094,0.0118957364246071,0.0,0.0,0.0620757969709021,"[0.6251313845525633, -0.3568585574074853, 0.37819975725982546, -0.4847588048698442, 0.247007020679359, -0.20693984270149593]","[0.615311970297824, -0.3568472432744954, -0.042082535690831875, 0.5704390651015306, 0.07927527587806932, -0.3172587490878181]","[""interaction_random"", ""interaction_bilinear"", ""pure_column_0"", ""pure_column_1"", ""pure_column_2"", ""pure_column_3""]",0.3143560047441472,0.3714285714285715,0.6666666666666666,1.1710200640944226
B1_known_truth,shared_plus_context_offset,large,10000,20260917,soft_iot,1.1867015999998785,3.341186998225156,0.1186783539640445,0.2205297464641376,0.2205297464641376,1.2006057206632446e-13,"[-0.1126034038166039, 0.3837691628919766, 0.056334376666524126, -0.45032665875836625, 0.43404978177637155, -0.6675888168769086]","[-0.09780609578680248, 0.3676660009822017, 0.18174505564770452, -0.537085885690046, 0.5051596622813156, -0.7070677323086222]","[""interaction_random"", ""interaction_bilinear"", ""pure_column_0"", ""pure_column_1"", ""pure_column_2"", ""pure_column_3""]",0.9912723253419724,1.0,1.0,0.1321186940446183
B1_known_truth,shared_plus_context_offset,large,10000,20260917,hard_ot,0.1843992000001435,3.331547381960582,0.0225459509500254,0.0,0.0,0.1022596931349284,"[-0.1126034038166039, 0.3837691628919766, 0.056334376666524126, -0.45032665875836625, 0.43404978177637155, -0.6675888168769086]","[-0.10690521923007883, 0.3796053842796822, -0.35310995151479163, 0.20049326054438305, -0.20020776841341606, -0.07974225356074974]","[""interaction_random"", ""interaction_bilinear"", ""pure_column_0"", ""pure_column_1"", ""pure_column_2"", ""pure_column_3""]",0.0229061740865776,-0.2571428571428572,0.5,1.3979226201141624
B1_known_truth,shared_plus_context_offset,large,10000,20260918,soft_iot,1.124413099999856,3.4435761960878906,0.0585936962044973,0.3250866451587342,0.3250866451587342,3.7721664267680624e-14,"[0.17133983853142926, -0.5636106540140907, 0.5628996675290114, 0.18533066901406545, 0.5479194356830239, -0.03957890641688695]","[0.1771494117288945, -0.5543953546789205, 0.7007801021046878, 0.07716134206996861, 0.6299379062094297, -0.11383749990682453]","[""interaction_random"", ""interaction_bilinear"", ""pure_column_0"", ""pure_column_1"", ""pure_column_2"", ""pure_column_3""]",0.9867369147137156,0.942857142857143,1.0,0.1628685683997029
B1_known_truth,shared_plus_context_offset,large,10000,20260918,hard_ot,0.1584010000001399,3.440179389368452,0.0174803305575769,0.0,0.0,0.0803319214467597,"[0.17133983853142926, -0.5636106540140907, 0.5628996675290114, 0.18533066901406545, 0.5479194356830239, -0.03957890641688695]","[0.17208995951339617, -0.5540748671639455, -0.15010433487831498, 0.578368044551444, 0.24426508134706867, 0.08826244238348004]","[""interaction_random"", ""interaction_bilinear"", ""pure_column_0"", ""pure_column_1"", ""pure_column_2"", ""pure_column_3""]",0.5671697964903925,0.3714285714285715,0.6666666666666666,0.930408731160244
B1_known_truth,shared_plus_context_offset,large,10000,20260919,soft_iot,1.1668284999998375,3.2303126277645924,0.1356045644629172,0.1004778722446531,0.1004778722446531,3.6646187386755e-13,"[0.2733174066157225, -0.15306449610532066, 0.6707224799683543, -0.18165332428556877, 0.4582913275313151, -0.45713383053933715]","[0.2588111238070707, -0.15480384544858566, 0.7930368370358007, -0.2502344178043965, 0.5639981197055519, -0.42627880244224714]","[""interaction_random"", ""interaction_bilinear"", ""pure_column_0"", ""pure_column_1"", ""pure_column_2"", ""pure_column_3""]",0.9936065125452672,1.0,1.0,0.1130795070269831
B1_known_truth,shared_plus_context_offset,large,10000,20260919,hard_ot,0.1020157000000381,3.2168287244658424,0.0119123228528906,4.4408920985006256e-10,4.4408920985006256e-10,0.1415485967961971,"[0.2733174066157225, -0.15306449610532066, 0.6707224799683543, -0.18165332428556877, 0.4582913275313151, -0.45713383053933715]","[0.2790500120091337, -0.15266289249626383, 0.44297037075393286, -0.09087283883377337, 0.029347934858962168, -0.22191282875982402]","[""interaction_random"", ""interaction_bilinear"", ""pure_column_0"", ""pure_column_1"", ""pure_column_2"", ""pure_column_3""]",0.8854736399930558,0.8857142857142858,1.0,0.4785945256831593
B1_known_truth,shared_plus_context_offset,large,10000,20260920,soft_iot,1.2122427000001608,3.1145571914011265,0.1676694214899196,0.2255028102027267,0.2255028102027267,8.67179744625099e-14,"[0.14919105649098416, -0.2776885860680373, 0.5996432633597822, -0.4480218013752298, 0.5813412791280295, -0.04876286714447537]","[0.1399307085653174, -0.2882196544696645, 0.7831714806194513, -0.522037910791278, 0.6581345002040145, -0.12734132139133625]","[""interaction_random"", ""interaction_bilinear"", ""pure_column_0"", ""pure_column_1"", ""pure_column_2"", ""pure_column_3""]",0.9950878219702546,1.0,1.0,0.0991178897045885
B1_known_truth,shared_plus_context_offset,large,10000,20260920,hard_ot,0.1010207000001628,3.0977314485797347,0.0146843564988675,0.0,0.0,0.1409021078976285,"[0.14919105649098416, -0.2776885860680373, 0.5996432633597822, -0.4480218013752298, 0.5813412791280295, -0.04876286714447537]","[0.1419131532540257, -0.2706849238873035, 0.03530354264291882, -0.06927634339819014, 0.29970079044679654, -0.41433039592619]","[""interaction_random"", ""interaction_bilinear"", ""pure_column_0"", ""pure_column_1"", ""pure_column_2"", ""pure_column_3""]",0.5708800265730167,0.6,1.0,0.9264124064659144
B1_known_truth,observation_noise_and_dropout,small,400,20260916,soft_iot,1.0983410999999703,3.142112159175332,0.0785321662065585,0.2300501353857953,0.2300501353857953,5.490838664010235e-13,"[0.6251313845525633, -0.3568585574074853, 0.37819975725982546, -0.4847588048698442, 0.247007020679359, -0.20693984270149593]","[0.6890964246831424, -0.47941366137146496, 0.3929618687521725, -0.5246328864717184, 0.2595979094148688, -0.2440101828110713]","[""interaction_random"", ""interaction_bilinear"", ""pure_column_0"", ""pure_column_1"", ""pure_column_2"", ""pure_column_3""]",0.9967472535164869,1.0,1.0,0.0806566362243444
B1_known_truth,observation_noise_and_dropout,small,400,20260916,hard_ot,0.1583144999999604,3.133925743045455,0.3385310251087775,0.0,0.0,0.0482169221165358,"[0.6251313845525633, -0.3568585574074853, 0.37819975725982546, -0.4847588048698442, 0.247007020679359, -0.20693984270149593]","[0.6875437578139435, -0.5008182196761441, 0.012388241199216398, -0.29654643530419106, 0.16125812043996174, 0.24305857315195883]","[""interaction_random"", ""interaction_bilinear"", ""pure_column_0"", ""pure_column_1"", ""pure_column_2"", ""pure_column_3""]",0.788320671521866,0.7142857142857143,0.8333333333333334,0.6506601701013117
B1_known_truth,observation_noise_and_dropout,small,400,20260917,soft_iot,0.9787754999999834,3.4431990006189537,0.0676958818428152,0.2561734717687614,0.2561734717687614,1.4711729933985094e-13,"[-0.1126034038166039, 0.3837691628919766, 0.056334376666524126, -0.45032665875836625, 0.43404978177637155, -0.6675888168769086]","[-0.06403236066677583, 0.3225605733838957, -0.10966437231013501, -0.4180478056173144, 0.5502092050965892, -0.6711883857819783]","[""interaction_random"", ""interaction_bilinear"", ""pure_column_0"", ""pure_column_1"", ""pure_column_2"", ""pure_column_3""]",0.9767322798458258,0.942857142857143,0.8333333333333334,0.2157207461241241
B1_known_truth,observation_noise_and_dropout,small,400,20260917,hard_ot,0.1328580000001693,3.4033873756162394,0.1987935033679807,0.0,0.0,0.1235159775896361,"[-0.1126034038166039, 0.3837691628919766, 0.056334376666524126, -0.45032665875836625, 0.43404978177637155, -0.6675888168769086]","[-0.0694250109267005, 0.3114609001947173, -0.0014700631382583969, -0.10504230051448867, 0.3047024187447949, 0.2302715098772711]","[""interaction_random"", ""interaction_bilinear"", ""pure_column_0"", ""pure_column_1"", ""pure_column_2"", ""pure_column_3""]",0.3009814902726925,0.6,0.6666666666666666,1.1823861549657182
B1_known_truth,observation_noise_and_dropout,small,400,20260918,soft_iot,0.9858255999999984,3.4019780321838224,0.062622277152564,0.3082016704070156,0.3082016704070156,4.4670983196119657e-14,"[0.17133983853142926, -0.5636106540140907, 0.5628996675290114, 0.18533066901406545, 0.5479194356830239, -0.03957890641688695]","[0.1557400357186902, -0.5307030892500236, 0.6308257902639068, 0.1542284798323269, 0.5211835257758425, 0.0070119110233384805]","[""interaction_random"", ""interaction_bilinear"", ""pure_column_0"", ""pure_column_1"", ""pure_column_2"", ""pure_column_3""]",0.9951018292662792,0.942857142857143,0.8333333333333334,0.0989764692613441
B1_known_truth,observation_noise_and_dropout,small,400,20260918,hard_ot,0.1706977000001188,3.380134315816872,0.1847956895034365,0.0,0.0,0.0885887351607962,"[0.17133983853142926, -0.5636106540140907, 0.5628996675290114, 0.18533066901406545, 0.5479194356830239, -0.03957890641688695]","[0.11686690707931004, -0.5144464198842371, -0.15010419610233885, 0.5783678687007692, 0.2442652201230448, 0.08826232209686515]","[""interaction_random"", ""interaction_bilinear"", ""pure_column_0"", ""pure_column_1"", ""pure_column_2"", ""pure_column_3""]",0.5522973752933453,0.3714285714285715,0.6666666666666666,0.9462585531519964
B1_known_truth,observation_noise_and_dropout,small,400,20260919,soft_iot,1.0317629999999554,3.463017251521103,0.1202146354463767,0.1348554334867913,0.1348554334867913,1.9162461935828538e-13,"[0.2733174066157225, -0.15306449610532066, 0.6707224799683543, -0.18165332428556877, 0.4582913275313151, -0.45713383053933715]","[0.3331911852055151, -0.21977947783912863, 0.5607694056306405, -0.180886527582739, 0.3251181191811681, -0.5566744058203136]","[""interaction_random"", ""interaction_bilinear"", ""pure_column_0"", ""pure_column_1"", ""pure_column_2"", ""pure_column_3""]",0.9759492051878528,0.8857142857142858,1.0,0.2193207459961195
B1_known_truth,observation_noise_and_dropout,small,400,20260919,hard_ot,0.141781900000069,3.435828414778778,0.2524986818699166,-8.88178419700125e-10,-8.88178419700125e-10,0.1159147915853171,"[0.2733174066157225, -0.15306449610532066, 0.6707224799683543, -0.18165332428556877, 0.4582913275313151, -0.45713383053933715]","[0.3807078366960872, -0.22960995369519954, -0.11638139395860612, -0.28495911405122504, -0.28639202948965425, -0.3735047968591568]","[""interaction_random"", ""interaction_bilinear"", ""pure_column_0"", ""pure_column_1"", ""pure_column_2"", ""pure_column_3""]",0.2125765308847584,0.5428571428571429,0.6666666666666666,1.254929057050829
B1_known_truth,observation_noise_and_dropout,small,400,20260920,soft_iot,1.0125439999999344,3.405043527136815,0.0513226043632217,0.2890735504301744,0.2890735504301744,9.213805659586929e-14,"[0.14919105649098416, -0.2776885860680373, 0.5996432633597822, -0.4480218013752298, 0.5813412791280295, -0.04876286714447537]","[0.14671509059107565, -0.17624074247600693, 0.644798824005704, -0.40335827247611794, 0.5552755535710088, 0.034850140723303745]","[""interaction_random"", ""interaction_bilinear"", ""pure_column_0"", ""pure_column_1"", ""pure_column_2"", ""pure_column_3""]",0.9891256859744548,1.0,0.8333333333333334,0.1474741606217511
B1_known_truth,observation_noise_and_dropout,small,400,20260920,hard_ot,0.1155114000000594,3.3881705030434426,0.1897818159811424,0.0,0.0,0.1600869362558061,"[0.14919105649098416, -0.2776885860680373, 0.5996432633597822, -0.4480218013752298, 0.5813412791280295, -0.04876286714447537]","[0.1475087056232959, -0.17420149604878293, -0.4787529992235556, -0.11579543877862297, 0.6575635650776854, -0.4701872458680795]","[""interaction_random"", ""interaction_bilinear"", ""pure_column_0"", ""pure_column_1"", ""pure_column_2"", ""pure_column_3""]",0.2468557591401806,-0.0857142857142857,0.8333333333333334,1.227309448232042
B1_known_truth,observation_noise_and_dropout,medium,2000,20260916,soft_iot,1.036513700000114,3.305131452081062,0.1489549607851971,0.2689885496565125,0.2689885496565125,2.6465583575920605e-13,"[0.6251313845525633, -0.3568585574074853, 0.37819975725982546, -0.4847588048698442, 0.247007020679359, -0.20693984270149593]","[0.5888545527033017, -0.3761714373355117, 0.2241919679767399, -0.6758822356465155, 0.07409538540804521, -0.2799062361601001]","[""interaction_random"", ""interaction_bilinear"", ""pure_column_0"", ""pure_column_1"", ""pure_column_2"", ""pure_column_3""]",0.9539626078210164,1.0,1.0,0.3034382710832101
B1_known_truth,observation_noise_and_dropout,medium,2000,20260916,hard_ot,0.1654668999999557,3.2819727929355,0.16915864639523,0.0,0.0,0.0677332360700882,"[0.6251313845525633, -0.3568585574074853, 0.37819975725982546, -0.4847588048698442, 0.247007020679359, -0.20693984270149593]","[0.5634152914240095, -0.3545134528474211, -0.042082332067631754, 0.5704390651015306, 0.07927550011941159, -0.3172583689033362]","[""interaction_random"", ""interaction_bilinear"", ""pure_column_0"", ""pure_column_1"", ""pure_column_2"", ""pure_column_3""]",0.2898920609117478,0.0857142857142857,0.6666666666666666,1.1917281058095863
B1_known_truth,observation_noise_and_dropout,medium,2000,20260917,soft_iot,1.0678227999999308,3.405147530636069,0.0471815021424743,0.2714303373174687,0.2714303373174687,8.33415011356123e-13,"[-0.1126034038166039, 0.3837691628919766, 0.056334376666524126, -0.45032665875836625, 0.43404978177637155, -0.6675888168769086]","[-0.11459309243397749, 0.42730124161472793, 0.17518638721378857, -0.4359900229160962, 0.31297666181139466, -0.7387112455332914]","[""interaction_random"", ""interaction_bilinear"", ""pure_column_0"", ""pure_column_1"", ""pure_column_2"", ""pure_column_3""]",0.9829699891816968,0.942857142857143,1.0,0.1845535738928043
B1_known_truth,observation_noise_and_dropout,medium,2000,20260917,hard_ot,0.1637095999999473,3.390256047859534,0.1653341247527186,0.0,0.0,0.0887472868150955,"[-0.1126034038166039, 0.3837691628919766, 0.056334376666524126, -0.45032665875836625, 0.43404978177637155, -0.6675888168769086]","[-0.11189823672458674, 0.4366019940893583, -0.3531100793102651, 0.20049302802827873, -0.20020789620888957, -0.07974238135622326]","[""interaction_random"", ""interaction_bilinear"", ""pure_column_0"", ""pure_column_1"", ""pure_column_2"", ""pure_column_3""]",0.0563999151773294,-0.2571428571428572,0.5,1.3737540426311186
B1_known_truth,observation_noise_and_dropout,medium,2000,20260918,soft_iot,0.9483119000001352,3.4696717495352374,0.1433219112868007,0.3183389041261364,0.3183389041261364,6.639936386425447e-14,"[0.17133983853142926, -0.5636106540140907, 0.5628996675290114, 0.18533066901406545, 0.5479194356830239, -0.03957890641688695]","[0.14558093721210652, -0.6327215034805259, 0.621574693120256, -0.09447190506617735, 0.5093226004979541, -0.09042011499746816]","[""interaction_random"", ""interaction_bilinear"", ""pure_column_0"", ""pure_column_1"", ""pure_column_2"", ""pure_column_3""]",0.9570087202260006,0.8285714285714287,0.8333333333333334,0.2932278287407234
B1_known_truth,observation_noise_and_dropout,medium,2000,20260918,hard_ot,0.1854933000001892,3.4396751761175084,0.2673372363766526,0.0,0.0,0.0696930312573184,"[0.17133983853142926, -0.5636106540140907, 0.5628996675290114, 0.18533066901406545, 0.5479194356830239, -0.03957890641688695]","[0.15566390760893153, -0.639439351028058, 0.21647395443439416, 0.051398066799597235, 0.4269630704726422, -0.11386082704148694]","[""interaction_random"", ""interaction_bilinear"", ""pure_column_0"", ""pure_column_1"", ""pure_column_2"", ""pure_column_3""]",0.919302640081237,0.8857142857142858,1.0,0.4017396169629355
B1_known_truth,observation_noise_and_dropout,medium,2000,20260919,soft_iot,1.0328715000000557,3.369364362036739,0.0758910386508216,0.1017459156926747,0.1017459156926747,1.281811857268472e-13,"[0.2733174066157225, -0.15306449610532066, 0.6707224799683543, -0.18165332428556877, 0.4582913275313151, -0.45713383053933715]","[0.3599629194076808, -0.17096166838479646, 0.7041977542934309, -0.09143528511123862, 0.42000201798340203, -0.6503170819051289]","[""interaction_random"", ""interaction_bilinear"", ""pure_column_0"", ""pure_column_1"", ""pure_column_2"", ""pure_column_3""]",0.9819286242784604,0.942857142857143,1.0,0.1901124705091141
B1_known_truth,observation_noise_and_dropout,medium,2000,20260919,hard_ot,0.1256548999999722,3.350399077982844,0.1199773030186652,0.0,0.0,0.1319561367184711,"[0.2733174066157225, -0.15306449610532066, 0.6707224799683543, -0.18165332428556877, 0.4582913275313151, -0.45713383053933715]","[0.32400021450582484, -0.1668520070719008, 0.19225173828269665, 0.4665285561965217, 0.4331740722028668, -0.19506170253575245]","[""interaction_random"", ""interaction_bilinear"", ""pure_column_0"", ""pure_column_1"", ""pure_column_2"", ""pure_column_3""]",0.5695723813291148,0.2571428571428572,0.8333333333333334,0.9278228480382288
B1_known_truth,observation_noise_and_dropout,medium,2000,20260920,soft_iot,1.0520739999999478,3.313837378844865,0.0576482462669196,0.2851953828653109,0.2851953828653109,1.501260467186616e-13,"[0.14919105649098416, -0.2776885860680373, 0.5996432633597822, -0.4480218013752298, 0.5813412791280295, -0.04876286714447537]","[0.0931642448799607, -0.20566488571447836, 0.7135635275418878, -0.4438834731777968, 0.4850231705231655, 0.013635595938953396]","[""interaction_random"", ""interaction_bilinear"", ""pure_column_0"", ""pure_column_1"", ""pure_column_2"", ""pure_column_3""]",0.982696784288408,1.0,0.8333333333333334,0.1860280393467167
B1_known_truth,observation_noise_and_dropout,medium,2000,20260920,hard_ot,0.1074475000000347,3.297057364164872,0.1140306187711368,0.0,0.0,0.1604264088921128,"[0.14919105649098416, -0.2776885860680373, 0.5996432633597822, -0.4480218013752298, 0.5813412791280295, -0.04876286714447537]","[0.0682565162018641, -0.21645213483331258, -0.32160500969569106, -0.5728193128345759, -0.37011352100361883, -0.01581211941881469]","[""interaction_random"", ""interaction_bilinear"", ""pure_column_0"", ""pure_column_1"", ""pure_column_2"", ""pure_column_3""]",-0.1019750431180877,0.1428571428571428,0.6666666666666666,1.4845706740455893
B1_known_truth,observation_noise_and_dropout,large,10000,20260916,soft_iot,1.0510942999999315,3.24693475532771,0.0774264174877618,0.2984883269441241,0.2984883269441241,7.107029824757708e-13,"[0.6251313845525633, -0.3568585574074853, 0.37819975725982546, -0.4847588048698442, 0.247007020679359, -0.20693984270149593]","[0.6106700536271457, -0.378453378471064, 0.5759983452356021, -0.5431990901003507, 0.01900187932954467, -0.42221391158663063]","[""interaction_random"", ""interaction_bilinear"", ""pure_column_0"", ""pure_column_1"", ""pure_column_2"", ""pure_column_3""]",0.9481737487714266,0.942857142857143,1.0,0.3219510870569415
B1_known_truth,observation_noise_and_dropout,large,10000,20260916,hard_ot,0.1805489000000761,3.2236462821137444,0.2087395408241687,0.0,0.0,0.0611113117739782,"[0.6251313845525633, -0.3568585574074853, 0.37819975725982546, -0.4847588048698442, 0.247007020679359, -0.20693984270149593]","[0.6244780042993288, -0.3575949406770005, -0.04208194364808401, 0.570439221920966, 0.07927532355813001, -0.3172585454646178]","[""interaction_random"", ""interaction_bilinear"", ""pure_column_0"", ""pure_column_1"", ""pure_column_2"", ""pure_column_3""]",0.318531697740089,0.3714285714285715,0.6666666666666666,1.1674487588411844
B1_known_truth,observation_noise_and_dropout,large,10000,20260917,soft_iot,1.1159081999999216,3.4383537029771816,0.0818523159965736,0.2692835407991367,0.2692835407991367,3.00659890596888e-13,"[-0.1126034038166039, 0.3837691628919766, 0.056334376666524126, -0.45032665875836625, 0.43404978177637155, -0.6675888168769086]","[-0.08788669559660348, 0.42471462289511497, 0.12144009835044288, -0.5767207059352291, 0.4727735001983364, -0.5769452032353515]","[""interaction_random"", ""interaction_bilinear"", ""pure_column_0"", ""pure_column_1"", ""pure_column_2"", ""pure_column_3""]",0.9855488641140872,1.0,1.0,0.1700066815505367
B1_known_truth,observation_noise_and_dropout,large,10000,20260917,hard_ot,0.1897346999999172,3.421978191885338,0.3166819352147227,0.0,0.0,0.0980965264671948,"[-0.1126034038166039, 0.3837691628919766, 0.056334376666524126, -0.45032665875836625, 0.43404978177637155, -0.6675888168769086]","[-0.07106018777304383, 0.40465214150178375, 0.2660417043068141, 0.01403604859683235, -0.11709963148456808, -0.21699004686375184]","[""interaction_random"", ""interaction_bilinear"", ""pure_column_0"", ""pure_column_1"", ""pure_column_2"", ""pure_column_3""]",0.4851799547327994,0.3714285714285715,0.6666666666666666,1.0147118263499255
B1_known_truth,observation_noise_and_dropout,large,10000,20260918,soft_iot,0.8404619999998886,3.4671226668233617,0.0911218942030977,0.3291365713309346,0.3291365713309346,5.23780746450211e-14,"[0.17133983853142926, -0.5636106540140907, 0.5628996675290114, 0.18533066901406545, 0.5479194356830239, -0.03957890641688695]","[0.15153506919371437, -0.5329081243678887, 0.7245112898096224, 0.18113650372792278, 0.6456920767808103, -0.09501315168486524]","[""interaction_random"", ""interaction_bilinear"", ""pure_column_0"", ""pure_column_1"", ""pure_column_2"", ""pure_column_3""]",0.9904971490355312,1.0,1.0,0.1378611690395007
B1_known_truth,observation_noise_and_dropout,large,10000,20260918,hard_ot,0.1196709000000737,3.452659334449081,0.3205768007302343,0.0,0.0,0.0858742272328067,"[0.17133983853142926, -0.5636106540140907, 0.5628996675290114, 0.18533066901406545, 0.5479194356830239, -0.03957890641688695]","[0.1459124934266068, -0.5242980399492551, -0.1501040064108758, 0.578368044551444, 0.2442652201230448, 0.08826263207494311]","[""interaction_random"", ""interaction_bilinear"", ""pure_column_0"", ""pure_column_1"", ""pure_column_2"", ""pure_column_3""]",0.5578115224001341,0.3714285714285715,0.6666666666666666,0.9404131832336952
B1_known_truth,observation_noise_and_dropout,large,10000,20260919,soft_iot,1.0325339999999414,3.2096558962457293,0.0672437305964824,0.118524962289257,0.118524962289257,3.184327574699849e-13,"[0.2733174066157225, -0.15306449610532066, 0.6707224799683543, -0.18165332428556877, 0.4582913275313151, -0.45713383053933715]","[0.2617556095356741, -0.22428334958149374, 0.7278404652757307, -0.30314599004182363, 0.47979666527868425, -0.32151080560557904]","[""interaction_random"", ""interaction_bilinear"", ""pure_column_0"", ""pure_column_1"", ""pure_column_2"", ""pure_column_3""]",0.980333690010186,1.0,1.0,0.1983245319662392
B1_known_truth,observation_noise_and_dropout,large,10000,20260919,hard_ot,0.1183034000000589,3.195944664962319,0.1001306753922329,0.0,0.0,0.1355386830150776,"[0.2733174066157225, -0.15306449610532066, 0.6707224799683543, -0.18165332428556877, 0.4582913275313151, -0.45713383053933715]","[0.26551638942880723, -0.22352989749707555, 0.19225141851598582, 0.4665282364298109, 0.433173710249812, -0.1950618837240649]","[""interaction_random"", ""interaction_bilinear"", ""pure_column_0"", ""pure_column_1"", ""pure_column_2"", ""pure_column_3""]",0.5659673141968419,0.1428571428571428,0.8333333333333334,0.9317002584556452
B1_known_truth,observation_noise_and_dropout,large,10000,20260920,soft_iot,0.9497279999998228,3.2860102205167308,0.0593827681687093,0.2267262133592851,0.2751476753104498,2.206880739515217e-13,"[0.14919105649098416, -0.2776885860680373, 0.5996432633597822, -0.4480218013752298, 0.5813412791280295, -0.04876286714447537]","[0.1871214319070547, -0.388983411134431, 0.47553584912190666, -0.5782342630509452, 0.7193153234529969, -0.08664398549121839]","[""interaction_random"", ""interaction_bilinear"", ""pure_column_0"", ""pure_column_1"", ""pure_column_2"", ""pure_column_3""]",0.9776783571805892,0.942857142857143,1.0,0.2112895776862209
B1_known_truth,observation_noise_and_dropout,large,10000,20260920,hard_ot,0.1089311000000634,3.275388219149702,0.1462393856668217,0.0,0.0,0.109685851807493,"[0.14919105649098416, -0.2776885860680373, 0.5996432633597822, -0.4480218013752298, 0.5813412791280295, -0.04876286714447537]","[0.18886449737802577, -0.41581686491428027, -0.32160558168881265, -0.5728195689124801, -0.37011313512890776, -0.01581250796215281]","[""interaction_random"", ""interaction_bilinear"", ""pure_column_0"", ""pure_column_1"", ""pure_column_2"", ""pure_column_3""]",-0.0078934015798952,0.5428571428571429,0.6666666666666666,1.4197840692020005
B1_known_truth,nonlinear_or_hidden_confounding_misspecification,small,400,20260916,soft_iot,1.255450699999983,2.8419370333670675,0.5530488137550039,0.2528508473709223,0.2528508473709223,9.139396645984977e-14,"[0.6251313845525633, -0.3568585574074853, 0.37819975725982546, -0.4847588048698442, 0.247007020679359, -0.20693984270149593]","[0.9761870163589667, -0.6022908169063896, 0.6097214113957125, -0.5509902230565435, -0.26500296365282755, -0.2122379350716054]","[""interaction_random"", ""interaction_bilinear"", ""pure_column_0"", ""pure_column_1"", ""pure_column_2"", ""pure_column_3""]",0.8966584726140575,0.8857142857142858,0.8333333333333334,0.4546240807215176
B1_known_truth,nonlinear_or_hidden_confounding_misspecification,small,400,20260916,hard_ot,0.1887764000000515,2.8917902419372394,0.555298431766314,4.4408920985006256e-10,4.4408920985006256e-10,0.0504520767972573,"[0.6251313845525633, -0.3568585574074853, 0.37819975725982546, -0.4847588048698442, 0.247007020679359, -0.20693984270149593]","[0.739300794804875, -0.36560553661812045, -0.06541141825406044, 0.09997650925432992, 0.20661432876380417, -0.03369802832621527]","[""interaction_random"", ""interaction_bilinear"", ""pure_column_0"", ""pure_column_1"", ""pure_column_2"", ""pure_column_3""]",0.6720125262978333,0.4285714285714286,0.6666666666666666,0.8099228033611189
B1_known_truth,nonlinear_or_hidden_confounding_misspecification,small,400,20260917,soft_iot,1.107314499999802,3.328411382067649,0.1875729995386292,0.2090664694698318,0.2090664694698318,3.510776888534104e-14,"[-0.1126034038166039, 0.3837691628919766, 0.056334376666524126, -0.45032665875836625, 0.43404978177637155, -0.6675888168769086]","[0.05054290001307686, 0.46625963659088454, -0.37293412601312415, -0.6746193137033543, 1.0480489246679314, -0.4361046563324476]","[""interaction_random"", ""interaction_bilinear"", ""pure_column_0"", ""pure_column_1"", ""pure_column_2"", ""pure_column_3""]",0.8289730472803564,0.8857142857142858,0.6666666666666666,0.5848537470507371
B1_known_truth,nonlinear_or_hidden_confounding_misspecification,small,400,20260917,hard_ot,0.1848110999999335,3.319960429864935,0.1951288909076906,0.0,0.0,0.0879365062436688,"[-0.1126034038166039, 0.3837691628919766, 0.056334376666524126, -0.45032665875836625, 0.43404978177637155, -0.6675888168769086]","[0.03969696284818006, 0.4526492923344385, -0.27998724005848785, -0.09576201123143586, -0.0008661903105606217, -0.21165121984971227]","[""interaction_random"", ""interaction_bilinear"", ""pure_column_0"", ""pure_column_1"", ""pure_column_2"", ""pure_column_3""]",0.5798326502004336,0.4285714285714286,0.5,0.9166977144070628
B1_known_truth,nonlinear_or_hidden_confounding_misspecification,small,400,20260918,soft_iot,1.0286851000000752,3.342116361760006,0.4613756560568629,0.3039915452696107,0.3039915452696107,4.5856379208771983e-14,"[0.17133983853142926, -0.5636106540140907, 0.5628996675290114, 0.18533066901406545, 0.5479194356830239, -0.03957890641688695]","[0.3846919159414641, -0.7990141791753559, 0.6853495325957895, 0.06407062447335046, 0.6098026513162746, 0.2301974239990208]","[""interaction_random"", ""interaction_bilinear"", ""pure_column_0"", ""pure_column_1"", ""pure_column_2"", ""pure_column_3""]",0.9544044316458592,0.8285714285714287,0.8333333333333334,0.3019787024084348
B1_known_truth,nonlinear_or_hidden_confounding_misspecification,small,400,20260918,hard_ot,0.2053298000000722,3.3565692233241293,0.447226059780135,-4.4408920985006256e-10,-4.4408920985006256e-10,0.0609491429114784,"[0.17133983853142926, -0.5636106540140907, 0.5628996675290114, 0.18533066901406545, 0.5479194356830239, -0.03957890641688695]","[0.3322769168197149, -0.6543294618787432, -0.44747600201357957, 0.10264130964557616, -0.2942800570195551, 0.37270664960834804]","[""interaction_random"", ""interaction_bilinear"", ""pure_column_0"", ""pure_column_1"", ""pure_column_2"", ""pure_column_3""]",0.0170810173016286,-0.1428571428571428,0.5,1.4020834373876407
B1_known_truth,nonlinear_or_hidden_confounding_misspecification,small,400,20260919,soft_iot,0.9791150000000926,3.2232555515350425,0.2128855635957705,0.1596318677243857,0.1596318677243857,4.001448349241048e-13,"[0.2733174066157225, -0.15306449610532066, 0.6707224799683543, -0.18165332428556877, 0.4582913275313151, -0.45713383053933715]","[0.38931034010928506, -0.15749190519644435, 0.500664520773809, -0.05560382463768475, 0.6326371353030704, -0.4260261295099019]","[""interaction_random"", ""interaction_bilinear"", ""pure_column_0"", ""pure_column_1"", ""pure_column_2"", ""pure_column_3""]",0.9554574627723031,0.8857142857142858,1.0,0.2984712288569764
B1_known_truth,nonlinear_or_hidden_confounding_misspecification,small,400,20260919,hard_ot,0.1219297000000096,3.2191910603523413,0.2079947501315176,0.0,0.0,0.1197389700415968,"[0.2733174066157225, -0.15306449610532066, 0.6707224799683543, -0.18165332428556877, 0.4582913275313151, -0.45713383053933715]","[0.3987812315282795, -0.14687176313785044, 0.192251617208252, 0.4665283736425007, 0.43317408810729957, -0.19506169447230412]","[""interaction_random"", ""interaction_bilinear"", ""pure_column_0"", ""pure_column_1"", ""pure_column_2"", ""pure_column_3""]",0.5699760842478638,0.2571428571428572,0.8333333333333334,0.9273876382097576
B1_known_truth,nonlinear_or_hidden_confounding_misspecification,small,400,20260920,soft_iot,0.8788510000001679,3.404504056689062,0.200337403918906,0.2868084658658176,0.2868084658658176,5.266317200382306e-14,"[0.14919105649098416, -0.2776885860680373, 0.5996432633597822, -0.4480218013752298, 0.5813412791280295, -0.04876286714447537]","[0.3047212884377912, -0.508720205025058, 0.4693637886242413, -0.512335864519244, 0.36586035113492027, 0.10051353185878369]","[""interaction_random"", ""interaction_bilinear"", ""pure_column_0"", ""pure_column_1"", ""pure_column_2"", ""pure_column_3""]",0.9154458439019598,1.0,0.8333333333333334,0.4112278105820188
B1_known_truth,nonlinear_or_hidden_confounding_misspecification,small,400,20260920,hard_ot,0.0888233999999101,3.3950300486513725,0.1883585556446613,-8.88178419700125e-10,-8.88178419700125e-10,0.0991152344944836,"[0.14919105649098416, -0.2776885860680373, 0.5996432633597822, -0.4480218013752298, 0.5813412791280295, -0.04876286714447537]","[0.2724105852579573, -0.4417177351876979, -0.4787528886389308, -0.11579538390931024, 0.6575636199469979, -0.4701871909987667]","[""interaction_random"", ""interaction_bilinear"", ""pure_column_0"", ""pure_column_1"", ""pure_column_2"", ""pure_column_3""]",0.3087393497014509,-0.0857142857142857,0.8333333333333334,1.1758066595308505
B1_known_truth,nonlinear_or_hidden_confounding_misspecification,medium,2000,20260916,soft_iot,1.3239994999999,2.817342341931186,0.491584882887873,0.2275319093136829,0.2275319093136829,3.336933208238208e-13,"[0.6251313845525633, -0.3568585574074853, 0.37819975725982546, -0.4847588048698442, 0.247007020679359, -0.20693984270149593]","[0.9688835455028386, -0.568429965638829, 0.5147524930703312, -0.46061754327728255, -0.17463833644639232, -0.10114644096474291]","[""interaction_random"", ""interaction_bilinear"", ""pure_column_0"", ""pure_column_1"", ""pure_column_2"", ""pure_column_3""]",0.902726064130205,0.8857142857142858,0.8333333333333334,0.4410758117824984
B1_known_truth,nonlinear_or_hidden_confounding_misspecification,medium,2000,20260916,hard_ot,0.2119857000000138,2.869333504349429,0.5091021717136246,4.4408920985006256e-10,4.4408920985006256e-10,0.0520624070412131,"[0.6251313845525633, -0.3568585574074853, 0.37819975725982546, -0.4847588048698442, 0.247007020679359, -0.20693984270149593]","[0.7249992749315034, -0.3546039808582411, 0.17113272557300813, -0.253612640588283, -0.31108206816902684, -0.18556259409618206]","[""interaction_random"", ""interaction_bilinear"", ""pure_column_0"", ""pure_column_1"", ""pure_column_2"", ""pure_column_3""]",0.7787957164230688,0.7142857142857143,0.8333333333333334,0.6651380060963757
B1_known_truth,nonlinear_or_hidden_confounding_misspecification,medium,2000,20260917,soft_iot,1.017966699999988,3.2716006857922,0.2407665401154692,0.2040247149004415,0.2040247149004415,1.0535411599425149e-13,"[-0.1126034038166039, 0.3837691628919766, 0.056334376666524126, -0.45032665875836625, 0.43404978177637155, -0.6675888168769086]","[0.0420842769861073, 0.4118366311542174, -0.311802434805444, -0.7544234553655919, 0.9954089589791048, -0.4986680455509686]","[""interaction_random"", ""interaction_bilinear"", ""pure_column_0"", ""pure_column_1"", ""pure_column_2"", ""pure_column_3""]",0.860660210840053,0.8857142857142858,0.6666666666666666,0.5279011065719548
B1_known_truth,nonlinear_or_hidden_confounding_misspecification,medium,2000,20260917,hard_ot,0.1723263999999744,3.268904856105267,0.2359576598099584,0.0,0.0,0.0980267593513495,"[-0.1126034038166039, 0.3837691628919766, 0.056334376666524126, -0.45032665875836625, 0.43404978177637155, -0.6675888168769086]","[0.0345029967556343, 0.40967598008153316, -0.0014700631382583969, -0.10504234786217119, 0.30470223348699815, 0.23027145251602346]","[""interaction_random"", ""interaction_bilinear"", ""pure_column_0"", ""pure_column_1"", ""pure_column_2"", ""pure_column_3""]",0.3136889313382608,0.5428571428571429,0.5,1.1715895771657745
B1_known_truth,nonlinear_or_hidden_confounding_misspecification,medium,2000,20260918,soft_iot,1.005456200000026,3.309646481623343,0.5197733071256009,0.3354325874838082,0.3354325874838082,1.1634697621398428e-13,"[0.17133983853142926, -0.5636106540140907, 0.5628996675290114, 0.18533066901406545, 0.5479194356830239, -0.03957890641688695]","[0.3315302469349248, -0.8207361984611364, 0.5756131933709024, 0.05591406333661349, 0.54085618585704, 0.12806148112007812]","[""interaction_random"", ""interaction_bilinear"", ""pure_column_0"", ""pure_column_1"", ""pure_column_2"", ""pure_column_3""]",0.9585627830935328,0.8285714285714287,0.8333333333333334,0.2878792000352483
B1_known_truth,nonlinear_or_hidden_confounding_misspecification,medium,2000,20260918,hard_ot,0.2128908999998202,3.326191132717689,0.5163193138019204,0.0,0.0,0.0600716149570704,"[0.17133983853142926, -0.5636106540140907, 0.5628996675290114, 0.18533066901406545, 0.5479194356830239, -0.03957890641688695]","[0.2961657594074677, -0.6805593480472311, 0.21647395443439416, 0.051398215239177404, 0.4269630704726422, -0.11386057784758188]","[""interaction_random"", ""interaction_bilinear"", ""pure_column_0"", ""pure_column_1"", ""pure_column_2"", ""pure_column_3""]",0.9015184231185902,0.7142857142857143,1.0,0.4438053106518888
B1_known_truth,nonlinear_or_hidden_confounding_misspecification,medium,2000,20260919,soft_iot,1.0007192000000489,3.257993576025394,0.2077759461548372,0.1409240706351511,0.1409240706351511,5.617280852634681e-13,"[0.2733174066157225, -0.15306449610532066, 0.6707224799683543, -0.18165332428556877, 0.4582913275313151, -0.45713383053933715]","[0.3727083088889906, -0.18531649266634373, 0.46984289815671443, -0.059777826105953336, 0.5334290887637679, -0.5365421045483237]","[""interaction_random"", ""interaction_bilinear"", ""pure_column_0"", ""pure_column_1"", ""pure_column_2"", ""pure_column_3""]",0.9604787581213314,0.8857142857142858,1.0,0.2811449515060459
B1_known_truth,nonlinear_or_hidden_confounding_misspecification,medium,2000,20260919,hard_ot,0.1400532000000112,3.254959239469418,0.1969283934338379,0.0,0.0,0.1235593532246011,"[0.2733174066157225, -0.15306449610532066, 0.6707224799683543, -0.18165332428556877, 0.4582913275313151, -0.45713383053933715]","[0.36651737038921617, -0.1740372875705102, -0.0076796196261835715, 0.37680532680095835, -0.36252853927194073, 0.17603060744924126]","[""interaction_random"", ""interaction_bilinear"", ""pure_column_0"", ""pure_column_1"", ""pure_column_2"", ""pure_column_3""]",-0.2823761639212537,-0.4857142857142857,0.3333333333333333,1.6014844138618731
B1_known_truth,nonlinear_or_hidden_confounding_misspecification,medium,2000,20260920,soft_iot,0.9233775000000152,3.3539183213507187,0.2562666787257949,0.26413883125187,0.26413883125187,2.0207761088890452e-14,"[0.14919105649098416, -0.2776885860680373, 0.5996432633597822, -0.4480218013752298, 0.5813412791280295, -0.04876286714447537]","[0.3371789476528215, -0.5381509680029796, 0.5332458390069119, -0.4593094005748623, 0.39114087073884723, 0.07121044123352259]","[""interaction_random"", ""interaction_bilinear"", ""pure_column_0"", ""pure_column_1"", ""pure_column_2"", ""pure_column_3""]",0.9233885887604308,0.942857142857143,0.8333333333333334,0.391436869085091
B1_known_truth,nonlinear_or_hidden_confounding_misspecification,medium,2000,20260920,hard_ot,0.1136340999998992,3.347442100987677,0.2530387104095217,0.0,0.0,0.0953128164306985,"[0.14919105649098416, -0.2776885860680373, 0.5996432633597822, -0.4480218013752298, 0.5813412791280295, -0.04876286714447537]","[0.2978228573610626, -0.45435463337885507, 0.035304436273966906, -0.06927561779434371, 0.2997007767320234, -0.4143295022951412]","[""interaction_random"", ""interaction_bilinear"", ""pure_column_0"", ""pure_column_1"", ""pure_column_2"", ""pure_column_3""]",0.5562364773440662,0.6571428571428573,1.0,0.9420865381226224
B1_known_truth,nonlinear_or_hidden_confounding_misspecification,large,10000,20260916,soft_iot,1.7335488000001078,2.8081671584654018,0.5323834661893728,0.2489873067723635,0.2489873067723635,1.1549070369894005e-13,"[0.6251313845525633, -0.3568585574074853, 0.37819975725982546, -0.4847588048698442, 0.247007020679359, -0.20693984270149593]","[0.9994956389710992, -0.5112094434714486, 0.47595193605355357, -0.4204585013494485, -0.16548698342642112, -0.0002754329771734848]","[""interaction_random"", ""interaction_bilinear"", ""pure_column_0"", ""pure_column_1"", ""pure_column_2"", ""pure_column_3""]",0.8845401639712659,0.8857142857142858,0.8333333333333334,0.4805410201610976
B1_known_truth,nonlinear_or_hidden_confounding_misspecification,large,10000,20260916,hard_ot,0.3451729000000796,2.8645970169662345,0.534234276688569,-8.88178419700125e-10,-8.88178419700125e-10,0.0532632793768051,"[0.6251313845525633, -0.3568585574074853, 0.37819975725982546, -0.4847588048698442, 0.247007020679359, -0.20693984270149593]","[0.7265093568051918, -0.3212149435907802, 0.17113296978042714, -0.2536124789720584, -0.31108229785319547, -0.18556259409618206]","[""interaction_random"", ""interaction_bilinear"", ""pure_column_0"", ""pure_column_1"", ""pure_column_2"", ""pure_column_3""]",0.7761515004235421,0.7142857142857143,0.8333333333333334,0.6691016358916752
B1_known_truth,nonlinear_or_hidden_confounding_misspecification,large,10000,20260917,soft_iot,1.5931623999999829,3.270280907869766,0.2017044555456117,0.2118321718036497,0.2118321718036497,1.7243642922941556e-14,"[-0.1126034038166039, 0.3837691628919766, 0.056334376666524126, -0.45032665875836625, 0.43404978177637155, -0.6675888168769086]","[0.04041528973198685, 0.445074029317765, -0.3525488374753216, -0.7212152108440353, 0.9992466565929421, -0.5176830449877655]","[""interaction_random"", ""interaction_bilinear"", ""pure_column_0"", ""pure_column_1"", ""pure_column_2"", ""pure_column_3""]",0.860745098013487,0.8857142857142858,0.6666666666666666,0.5277402807944702
B1_known_truth,nonlinear_or_hidden_confounding_misspecification,large,10000,20260917,hard_ot,0.2212174999999661,3.267921935195332,0.1979790952318598,0.0,0.0,0.09175277978845,"[-0.1126034038166039, 0.3837691628919766, 0.056334376666524126, -0.45032665875836625, 0.43404978177637155, -0.6675888168769086]","[0.030722740414175137, 0.43633539342880656, 0.2660416561851031, 0.01403604859683235, -0.11710012076811024, -0.2169899649993875]","[""interaction_random"", ""interaction_bilinear"", ""pure_column_0"", ""pure_column_1"", ""pure_column_2"", ""pure_column_3""]",0.4691785073556372,0.4285714285714286,0.5,1.0303606093444788
B1_known_truth,nonlinear_or_hidden_confounding_misspecification,large,10000,20260918,soft_iot,1.3438575000000128,3.363020445077246,0.5198508568221593,0.3107082746645062,0.3107082746645062,1.2529430467353261e-14,"[0.17133983853142926, -0.5636106540140907, 0.5628996675290114, 0.18533066901406545, 0.5479194356830239, -0.03957890641688695]","[0.3367224236649549, -0.7990479156732538, 0.5972408668134667, 0.13682922427329583, 0.5543142641313631, 0.15043952425368237]","[""interaction_random"", ""interaction_bilinear"", ""pure_column_0"", ""pure_column_1"", ""pure_column_2"", ""pure_column_3""]",0.9670472557916912,0.8285714285714287,0.8333333333333334,0.2567206427551502
B1_known_truth,nonlinear_or_hidden_confounding_misspecification,large,10000,20260918,hard_ot,0.2677307999999812,3.384861685000085,0.4987486497025511,0.0,0.0,0.0637191027825734,"[0.17133983853142926, -0.5636106540140907, 0.5628996675290114, 0.18533066901406545, 0.5479194356830239, -0.03957890641688695]","[0.28802122121219464, -0.6472893095813327, 0.020125058251957744, -0.12437817543942761, -0.08473408882412871, 0.14404354975273737]","[""interaction_random"", ""interaction_bilinear"", ""pure_column_0"", ""pure_column_1"", ""pure_column_2"", ""pure_column_3""]",0.4742066411384317,0.1428571428571428,0.5,1.0254690232879475
B1_known_truth,nonlinear_or_hidden_confounding_misspecification,large,10000,20260919,soft_iot,1.3665058999999928,3.376750772781726,0.251756246015258,0.1446007931171777,0.1446007931171777,5.898265903820428e-14,"[0.2733174066157225, -0.15306449610532066, 0.6707224799683543, -0.18165332428556877, 0.4582913275313151, -0.45713383053933715]","[0.38897231772039315, -0.16122396526190672, 0.45962442444504603, -0.09834097201523916, 0.5252544595893616, -0.5120373630879408]","[""interaction_random"", ""interaction_bilinear"", ""pure_column_0"", ""pure_column_1"", ""pure_column_2"", ""pure_column_3""]",0.9631074454434106,0.8857142857142858,1.0,0.2716341457055403
B1_known_truth,nonlinear_or_hidden_confounding_misspecification,large,10000,20260919,hard_ot,0.1719983000000411,3.3751545063765698,0.2379669061125247,0.0,0.0,0.1225961669094714,"[0.2733174066157225, -0.15306449610532066, 0.6707224799683543, -0.18165332428556877, 0.4582913275313151, -0.45713383053933715]","[0.37764321551213115, -0.16106301032366846, 0.19225173828269665, 0.4665285561965217, 0.4331742091817442, -0.19506170253575245]","[""interaction_random"", ""interaction_bilinear"", ""pure_column_0"", ""pure_column_1"", ""pure_column_2"", ""pure_column_3""]",0.5707651963493476,0.2571428571428572,0.8333333333333334,0.9265363496923932
B1_known_truth,nonlinear_or_hidden_confounding_misspecification,large,10000,20260920,soft_iot,1.141936400000077,3.37061632957748,0.2534860217428559,0.2717035552102231,0.2859014975875595,1.0130538200248088e-13,"[0.14919105649098416, -0.2776885860680373, 0.5996432633597822, -0.4480218013752298, 0.5813412791280295, -0.04876286714447537]","[0.35039136152183387, -0.5650272497104332, 0.5434064917842287, -0.4252741629423889, 0.4782910225847624, 0.0542368008924703]","[""interaction_random"", ""interaction_bilinear"", ""pure_column_0"", ""pure_column_1"", ""pure_column_2"", ""pure_column_3""]",0.9334519539857776,0.942857142857143,0.8333333333333334,0.3648233710008784
B1_known_truth,nonlinear_or_hidden_confounding_misspecification,large,10000,20260920,hard_ot,0.1267513000000235,3.3678089699857785,0.2462986375210409,-4.4408920985006256e-10,-4.4408920985006256e-10,0.0873372969602336,"[0.14919105649098416, -0.2776885860680373, 0.5996432633597822, -0.4480218013752298, 0.5813412791280295, -0.04876286714447537]","[0.3186384924849909, -0.5062430216833111, 0.03955445086565495, 0.11982408977868472, -0.08488405337218044, 0.13566911587543493]","[""interaction_random"", ""interaction_bilinear"", ""pure_column_0"", ""pure_column_1"", ""pure_column_2"", ""pure_column_3""]",0.1617063351267477,-0.0285714285714285,0.5,1.2948310043192912
