dataset,benchmark,task,split,repeat,seed,method,method_version,metric,value,status,runtime_seconds,peak_memory_gb,failure_reason,artifact
identifiable_soft_marginal,B1_known_truth,known_truth_parameter_and_coupling_recovery,synthetic,400,20260916.0,soft_iot,iot-benchmark-0.1.0,heldout_coupling_relative_frobenius,0.0207699812570886,success,0.963803000000098,,,
identifiable_soft_marginal,B1_known_truth,known_truth_parameter_and_coupling_recovery,synthetic,400,20260916.0,hard_ot,iot-benchmark-0.1.0,heldout_coupling_relative_frobenius,0.08139394538595,success,0.1392136999998001,,,
identifiable_soft_marginal,B1_known_truth,known_truth_parameter_and_coupling_recovery,synthetic,400,20260917.0,soft_iot,iot-benchmark-0.1.0,heldout_coupling_relative_frobenius,0.0483479491346527,success,1.132093400000031,,,
identifiable_soft_marginal,B1_known_truth,known_truth_parameter_and_coupling_recovery,synthetic,400,20260917.0,hard_ot,iot-benchmark-0.1.0,heldout_coupling_relative_frobenius,0.103067401950881,success,0.1504667000003792,,,
identifiable_soft_marginal,B1_known_truth,known_truth_parameter_and_coupling_recovery,synthetic,400,20260918.0,soft_iot,iot-benchmark-0.1.0,heldout_coupling_relative_frobenius,0.0692560207677088,success,1.0148684000000685,,,
identifiable_soft_marginal,B1_known_truth,known_truth_parameter_and_coupling_recovery,synthetic,400,20260918.0,hard_ot,iot-benchmark-0.1.0,heldout_coupling_relative_frobenius,0.1101998461388334,success,0.1824176000000079,,,
identifiable_soft_marginal,B1_known_truth,known_truth_parameter_and_coupling_recovery,synthetic,400,20260919.0,soft_iot,iot-benchmark-0.1.0,heldout_coupling_relative_frobenius,0.0390708011924771,success,0.96355850000009,,,
identifiable_soft_marginal,B1_known_truth,known_truth_parameter_and_coupling_recovery,synthetic,400,20260919.0,hard_ot,iot-benchmark-0.1.0,heldout_coupling_relative_frobenius,0.0938627494564115,success,0.1000410000001466,,,
identifiable_soft_marginal,B1_known_truth,known_truth_parameter_and_coupling_recovery,synthetic,400,20260920.0,soft_iot,iot-benchmark-0.1.0,heldout_coupling_relative_frobenius,0.0294202931746749,success,0.8907831000001352,,,
identifiable_soft_marginal,B1_known_truth,known_truth_parameter_and_coupling_recovery,synthetic,400,20260920.0,hard_ot,iot-benchmark-0.1.0,heldout_coupling_relative_frobenius,0.0908772555966051,success,0.1080259000000296,,,
identifiable_soft_marginal,B1_known_truth,known_truth_parameter_and_coupling_recovery,synthetic,2000,20260916.0,soft_iot,iot-benchmark-0.1.0,heldout_coupling_relative_frobenius,0.0245554274172476,success,1.0275094999997236,,,
identifiable_soft_marginal,B1_known_truth,known_truth_parameter_and_coupling_recovery,synthetic,2000,20260916.0,hard_ot,iot-benchmark-0.1.0,heldout_coupling_relative_frobenius,0.038107670109363,success,0.1905112999997982,,,
identifiable_soft_marginal,B1_known_truth,known_truth_parameter_and_coupling_recovery,synthetic,2000,20260917.0,soft_iot,iot-benchmark-0.1.0,heldout_coupling_relative_frobenius,0.0141101646633622,success,1.0609501000003547,,,
identifiable_soft_marginal,B1_known_truth,known_truth_parameter_and_coupling_recovery,synthetic,2000,20260917.0,hard_ot,iot-benchmark-0.1.0,heldout_coupling_relative_frobenius,0.0339287372982511,success,0.1462578999999095,,,
identifiable_soft_marginal,B1_known_truth,known_truth_parameter_and_coupling_recovery,synthetic,2000,20260918.0,soft_iot,iot-benchmark-0.1.0,heldout_coupling_relative_frobenius,0.0167051991257651,success,0.9338363000001664,,,
identifiable_soft_marginal,B1_known_truth,known_truth_parameter_and_coupling_recovery,synthetic,2000,20260918.0,hard_ot,iot-benchmark-0.1.0,heldout_coupling_relative_frobenius,0.0464478470486312,success,0.1552415999999539,,,
identifiable_soft_marginal,B1_known_truth,known_truth_parameter_and_coupling_recovery,synthetic,2000,20260919.0,soft_iot,iot-benchmark-0.1.0,heldout_coupling_relative_frobenius,0.0181263318148039,success,1.0084128000003147,,,
identifiable_soft_marginal,B1_known_truth,known_truth_parameter_and_coupling_recovery,synthetic,2000,20260919.0,hard_ot,iot-benchmark-0.1.0,heldout_coupling_relative_frobenius,0.0443618739585832,success,0.0984231999996154,,,
identifiable_soft_marginal,B1_known_truth,known_truth_parameter_and_coupling_recovery,synthetic,2000,20260920.0,soft_iot,iot-benchmark-0.1.0,heldout_coupling_relative_frobenius,0.0205997198178066,success,0.8803312000000005,,,
identifiable_soft_marginal,B1_known_truth,known_truth_parameter_and_coupling_recovery,synthetic,2000,20260920.0,hard_ot,iot-benchmark-0.1.0,heldout_coupling_relative_frobenius,0.0297066091114038,success,0.0869949999996606,,,
identifiable_soft_marginal,B1_known_truth,known_truth_parameter_and_coupling_recovery,synthetic,10000,20260916.0,soft_iot,iot-benchmark-0.1.0,heldout_coupling_relative_frobenius,0.0102713758320923,success,0.945737800000188,,,
identifiable_soft_marginal,B1_known_truth,known_truth_parameter_and_coupling_recovery,synthetic,10000,20260916.0,hard_ot,iot-benchmark-0.1.0,heldout_coupling_relative_frobenius,0.0132257697783976,success,0.1422238999998626,,,
identifiable_soft_marginal,B1_known_truth,known_truth_parameter_and_coupling_recovery,synthetic,10000,20260917.0,soft_iot,iot-benchmark-0.1.0,heldout_coupling_relative_frobenius,0.0081133524744136,success,0.9946180000001732,,,
identifiable_soft_marginal,B1_known_truth,known_truth_parameter_and_coupling_recovery,synthetic,10000,20260917.0,hard_ot,iot-benchmark-0.1.0,heldout_coupling_relative_frobenius,0.0221702102194982,success,0.1672464999996918,,,
identifiable_soft_marginal,B1_known_truth,known_truth_parameter_and_coupling_recovery,synthetic,10000,20260918.0,soft_iot,iot-benchmark-0.1.0,heldout_coupling_relative_frobenius,0.0057823675716678,success,0.9884000000001834,,,
identifiable_soft_marginal,B1_known_truth,known_truth_parameter_and_coupling_recovery,synthetic,10000,20260918.0,hard_ot,iot-benchmark-0.1.0,heldout_coupling_relative_frobenius,0.0317945331356629,success,0.1465640000001258,,,
identifiable_soft_marginal,B1_known_truth,known_truth_parameter_and_coupling_recovery,synthetic,10000,20260919.0,soft_iot,iot-benchmark-0.1.0,heldout_coupling_relative_frobenius,0.0059571819291357,success,1.016133500000251,,,
identifiable_soft_marginal,B1_known_truth,known_truth_parameter_and_coupling_recovery,synthetic,10000,20260919.0,hard_ot,iot-benchmark-0.1.0,heldout_coupling_relative_frobenius,0.0201150755156233,success,0.1013747000001785,,,
identifiable_soft_marginal,B1_known_truth,known_truth_parameter_and_coupling_recovery,synthetic,10000,20260920.0,soft_iot,iot-benchmark-0.1.0,heldout_coupling_relative_frobenius,0.0112907843262237,success,0.9297907999998642,,,
identifiable_soft_marginal,B1_known_truth,known_truth_parameter_and_coupling_recovery,synthetic,10000,20260920.0,hard_ot,iot-benchmark-0.1.0,heldout_coupling_relative_frobenius,0.0167491157153561,success,0.0945558999997047,,,
hard_marginal_flat_direction,B1_known_truth,known_truth_parameter_and_coupling_recovery,synthetic,400,20260916.0,soft_iot,iot-benchmark-0.1.0,heldout_coupling_relative_frobenius,0.0207699812570886,success,1.5232843999997383,,,
hard_marginal_flat_direction,B1_known_truth,known_truth_parameter_and_coupling_recovery,synthetic,400,20260916.0,hard_ot,iot-benchmark-0.1.0,heldout_coupling_relative_frobenius,0.08139394538595,success,0.2748335000001134,,,
hard_marginal_flat_direction,B1_known_truth,known_truth_parameter_and_coupling_recovery,synthetic,400,20260917.0,soft_iot,iot-benchmark-0.1.0,heldout_coupling_relative_frobenius,0.0483479491346527,success,1.5501485000004325,,,
hard_marginal_flat_direction,B1_known_truth,known_truth_parameter_and_coupling_recovery,synthetic,400,20260917.0,hard_ot,iot-benchmark-0.1.0,heldout_coupling_relative_frobenius,0.103067401950881,success,0.2171367000000827,,,
hard_marginal_flat_direction,B1_known_truth,known_truth_parameter_and_coupling_recovery,synthetic,400,20260918.0,soft_iot,iot-benchmark-0.1.0,heldout_coupling_relative_frobenius,0.0692560207677088,success,1.3613313000000744,,,
hard_marginal_flat_direction,B1_known_truth,known_truth_parameter_and_coupling_recovery,synthetic,400,20260918.0,hard_ot,iot-benchmark-0.1.0,heldout_coupling_relative_frobenius,0.1101998461388334,success,0.2224190000001726,,,
hard_marginal_flat_direction,B1_known_truth,known_truth_parameter_and_coupling_recovery,synthetic,400,20260919.0,soft_iot,iot-benchmark-0.1.0,heldout_coupling_relative_frobenius,0.0390708011924771,success,1.1765565000000606,,,
hard_marginal_flat_direction,B1_known_truth,known_truth_parameter_and_coupling_recovery,synthetic,400,20260919.0,hard_ot,iot-benchmark-0.1.0,heldout_coupling_relative_frobenius,0.0938627494564115,success,0.1316170000000056,,,
hard_marginal_flat_direction,B1_known_truth,known_truth_parameter_and_coupling_recovery,synthetic,400,20260920.0,soft_iot,iot-benchmark-0.1.0,heldout_coupling_relative_frobenius,0.0294202931746749,success,1.1393797000000632,,,
hard_marginal_flat_direction,B1_known_truth,known_truth_parameter_and_coupling_recovery,synthetic,400,20260920.0,hard_ot,iot-benchmark-0.1.0,heldout_coupling_relative_frobenius,0.0908772555966051,success,0.1126588000001902,,,
hard_marginal_flat_direction,B1_known_truth,known_truth_parameter_and_coupling_recovery,synthetic,2000,20260916.0,soft_iot,iot-benchmark-0.1.0,heldout_coupling_relative_frobenius,0.0245554274172476,success,1.1556378999998742,,,
hard_marginal_flat_direction,B1_known_truth,known_truth_parameter_and_coupling_recovery,synthetic,2000,20260916.0,hard_ot,iot-benchmark-0.1.0,heldout_coupling_relative_frobenius,0.038107670109363,success,0.1678867000000536,,,
hard_marginal_flat_direction,B1_known_truth,known_truth_parameter_and_coupling_recovery,synthetic,2000,20260917.0,soft_iot,iot-benchmark-0.1.0,heldout_coupling_relative_frobenius,0.0141101646633622,success,1.0604648999997153,,,
hard_marginal_flat_direction,B1_known_truth,known_truth_parameter_and_coupling_recovery,synthetic,2000,20260917.0,hard_ot,iot-benchmark-0.1.0,heldout_coupling_relative_frobenius,0.0339287372982511,success,0.1387133999996876,,,
hard_marginal_flat_direction,B1_known_truth,known_truth_parameter_and_coupling_recovery,synthetic,2000,20260918.0,soft_iot,iot-benchmark-0.1.0,heldout_coupling_relative_frobenius,0.0167051991257651,success,1.0904113000001416,,,
hard_marginal_flat_direction,B1_known_truth,known_truth_parameter_and_coupling_recovery,synthetic,2000,20260918.0,hard_ot,iot-benchmark-0.1.0,heldout_coupling_relative_frobenius,0.0464478470486312,success,0.160927299999912,,,
hard_marginal_flat_direction,B1_known_truth,known_truth_parameter_and_coupling_recovery,synthetic,2000,20260919.0,soft_iot,iot-benchmark-0.1.0,heldout_coupling_relative_frobenius,0.0181263318148039,success,0.972682700000405,,,
hard_marginal_flat_direction,B1_known_truth,known_truth_parameter_and_coupling_recovery,synthetic,2000,20260919.0,hard_ot,iot-benchmark-0.1.0,heldout_coupling_relative_frobenius,0.0443618739585832,success,0.1193326000002343,,,
hard_marginal_flat_direction,B1_known_truth,known_truth_parameter_and_coupling_recovery,synthetic,2000,20260920.0,soft_iot,iot-benchmark-0.1.0,heldout_coupling_relative_frobenius,0.0205997198178066,success,1.0363537000002907,,,
hard_marginal_flat_direction,B1_known_truth,known_truth_parameter_and_coupling_recovery,synthetic,2000,20260920.0,hard_ot,iot-benchmark-0.1.0,heldout_coupling_relative_frobenius,0.0297066091114038,success,0.0963798000002498,,,
hard_marginal_flat_direction,B1_known_truth,known_truth_parameter_and_coupling_recovery,synthetic,10000,20260916.0,soft_iot,iot-benchmark-0.1.0,heldout_coupling_relative_frobenius,0.0102713758320923,success,0.9835258000002796,,,
hard_marginal_flat_direction,B1_known_truth,known_truth_parameter_and_coupling_recovery,synthetic,10000,20260916.0,hard_ot,iot-benchmark-0.1.0,heldout_coupling_relative_frobenius,0.0132257697783976,success,0.1285948999998254,,,
hard_marginal_flat_direction,B1_known_truth,known_truth_parameter_and_coupling_recovery,synthetic,10000,20260917.0,soft_iot,iot-benchmark-0.1.0,heldout_coupling_relative_frobenius,0.0081133524744136,success,1.0423848000000362,,,
hard_marginal_flat_direction,B1_known_truth,known_truth_parameter_and_coupling_recovery,synthetic,10000,20260917.0,hard_ot,iot-benchmark-0.1.0,heldout_coupling_relative_frobenius,0.0221702102194982,success,0.1711081999997077,,,
hard_marginal_flat_direction,B1_known_truth,known_truth_parameter_and_coupling_recovery,synthetic,10000,20260918.0,soft_iot,iot-benchmark-0.1.0,heldout_coupling_relative_frobenius,0.0057823675716678,success,1.0388536000000386,,,
hard_marginal_flat_direction,B1_known_truth,known_truth_parameter_and_coupling_recovery,synthetic,10000,20260918.0,hard_ot,iot-benchmark-0.1.0,heldout_coupling_relative_frobenius,0.0317945331356629,success,0.159653299999718,,,
hard_marginal_flat_direction,B1_known_truth,known_truth_parameter_and_coupling_recovery,synthetic,10000,20260919.0,soft_iot,iot-benchmark-0.1.0,heldout_coupling_relative_frobenius,0.0059571819291357,success,1.0565594999998211,,,
hard_marginal_flat_direction,B1_known_truth,known_truth_parameter_and_coupling_recovery,synthetic,10000,20260919.0,hard_ot,iot-benchmark-0.1.0,heldout_coupling_relative_frobenius,0.0201150755156233,success,0.1007915999998658,,,
hard_marginal_flat_direction,B1_known_truth,known_truth_parameter_and_coupling_recovery,synthetic,10000,20260920.0,soft_iot,iot-benchmark-0.1.0,heldout_coupling_relative_frobenius,0.0112907843262237,success,0.9896129000003384,,,
hard_marginal_flat_direction,B1_known_truth,known_truth_parameter_and_coupling_recovery,synthetic,10000,20260920.0,hard_ot,iot-benchmark-0.1.0,heldout_coupling_relative_frobenius,0.0167491157153561,success,0.1319333000001279,,,
equivalent_fit_multiple_parameters,B1_known_truth,known_truth_parameter_and_coupling_recovery,synthetic,400,20260916.0,soft_iot,iot-benchmark-0.1.0,heldout_coupling_relative_frobenius,0.0427323550456116,success,1.07515420000027,,,
equivalent_fit_multiple_parameters,B1_known_truth,known_truth_parameter_and_coupling_recovery,synthetic,400,20260916.0,hard_ot,iot-benchmark-0.1.0,heldout_coupling_relative_frobenius,0.0875453932936106,success,0.0828166999999666,,,
equivalent_fit_multiple_parameters,B1_known_truth,known_truth_parameter_and_coupling_recovery,synthetic,400,20260917.0,soft_iot,iot-benchmark-0.1.0,heldout_coupling_relative_frobenius,0.0214033771293042,success,0.9713815000000068,,,
equivalent_fit_multiple_parameters,B1_known_truth,known_truth_parameter_and_coupling_recovery,synthetic,400,20260917.0,hard_ot,iot-benchmark-0.1.0,heldout_coupling_relative_frobenius,0.0605575656889887,success,0.1086900999998761,,,
equivalent_fit_multiple_parameters,B1_known_truth,known_truth_parameter_and_coupling_recovery,synthetic,400,20260918.0,soft_iot,iot-benchmark-0.1.0,heldout_coupling_relative_frobenius,0.0434081974442864,success,0.8395845000000008,,,
equivalent_fit_multiple_parameters,B1_known_truth,known_truth_parameter_and_coupling_recovery,synthetic,400,20260918.0,hard_ot,iot-benchmark-0.1.0,heldout_coupling_relative_frobenius,0.1311706133258216,success,0.0948812999999972,,,
equivalent_fit_multiple_parameters,B1_known_truth,known_truth_parameter_and_coupling_recovery,synthetic,400,20260919.0,soft_iot,iot-benchmark-0.1.0,heldout_coupling_relative_frobenius,0.0364069158179338,success,1.1241503999999622,,,
equivalent_fit_multiple_parameters,B1_known_truth,known_truth_parameter_and_coupling_recovery,synthetic,400,20260919.0,hard_ot,iot-benchmark-0.1.0,heldout_coupling_relative_frobenius,0.0705487777894709,success,0.1172025000000758,,,
equivalent_fit_multiple_parameters,B1_known_truth,known_truth_parameter_and_coupling_recovery,synthetic,400,20260920.0,soft_iot,iot-benchmark-0.1.0,heldout_coupling_relative_frobenius,0.0296928592835332,success,1.0202758999998878,,,
equivalent_fit_multiple_parameters,B1_known_truth,known_truth_parameter_and_coupling_recovery,synthetic,400,20260920.0,hard_ot,iot-benchmark-0.1.0,heldout_coupling_relative_frobenius,0.1192635665109429,success,0.1098799000001236,,,
equivalent_fit_multiple_parameters,B1_known_truth,known_truth_parameter_and_coupling_recovery,synthetic,2000,20260916.0,soft_iot,iot-benchmark-0.1.0,heldout_coupling_relative_frobenius,0.0163441461380098,success,1.0049973999998656,,,
equivalent_fit_multiple_parameters,B1_known_truth,known_truth_parameter_and_coupling_recovery,synthetic,2000,20260916.0,hard_ot,iot-benchmark-0.1.0,heldout_coupling_relative_frobenius,0.0319856428657565,success,0.1029505999999855,,,
equivalent_fit_multiple_parameters,B1_known_truth,known_truth_parameter_and_coupling_recovery,synthetic,2000,20260917.0,soft_iot,iot-benchmark-0.1.0,heldout_coupling_relative_frobenius,0.0348825800328826,success,1.0348675000000185,,,
equivalent_fit_multiple_parameters,B1_known_truth,known_truth_parameter_and_coupling_recovery,synthetic,2000,20260917.0,hard_ot,iot-benchmark-0.1.0,heldout_coupling_relative_frobenius,0.0424517505675177,success,0.1132460000003448,,,
equivalent_fit_multiple_parameters,B1_known_truth,known_truth_parameter_and_coupling_recovery,synthetic,2000,20260918.0,soft_iot,iot-benchmark-0.1.0,heldout_coupling_relative_frobenius,0.0271331947292079,success,0.920255100000304,,,
equivalent_fit_multiple_parameters,B1_known_truth,known_truth_parameter_and_coupling_recovery,synthetic,2000,20260918.0,hard_ot,iot-benchmark-0.1.0,heldout_coupling_relative_frobenius,0.0482162871811523,success,0.0879520999997112,,,
equivalent_fit_multiple_parameters,B1_known_truth,known_truth_parameter_and_coupling_recovery,synthetic,2000,20260919.0,soft_iot,iot-benchmark-0.1.0,heldout_coupling_relative_frobenius,0.0119854824622326,success,1.1910577000003286,,,
equivalent_fit_multiple_parameters,B1_known_truth,known_truth_parameter_and_coupling_recovery,synthetic,2000,20260919.0,hard_ot,iot-benchmark-0.1.0,heldout_coupling_relative_frobenius,0.0410544587745597,success,0.122143799999776,,,
equivalent_fit_multiple_parameters,B1_known_truth,known_truth_parameter_and_coupling_recovery,synthetic,2000,20260920.0,soft_iot,iot-benchmark-0.1.0,heldout_coupling_relative_frobenius,0.0150904462852003,success,0.9830117999999856,,,
equivalent_fit_multiple_parameters,B1_known_truth,known_truth_parameter_and_coupling_recovery,synthetic,2000,20260920.0,hard_ot,iot-benchmark-0.1.0,heldout_coupling_relative_frobenius,0.0355185889801211,success,0.0942646000003151,,,
equivalent_fit_multiple_parameters,B1_known_truth,known_truth_parameter_and_coupling_recovery,synthetic,10000,20260916.0,soft_iot,iot-benchmark-0.1.0,heldout_coupling_relative_frobenius,0.0111491684792322,success,0.9429312000002028,,,
equivalent_fit_multiple_parameters,B1_known_truth,known_truth_parameter_and_coupling_recovery,synthetic,10000,20260916.0,hard_ot,iot-benchmark-0.1.0,heldout_coupling_relative_frobenius,0.0169125921828075,success,0.0865029000001413,,,
equivalent_fit_multiple_parameters,B1_known_truth,known_truth_parameter_and_coupling_recovery,synthetic,10000,20260917.0,soft_iot,iot-benchmark-0.1.0,heldout_coupling_relative_frobenius,0.0083046641255133,success,0.9786874000001262,,,
equivalent_fit_multiple_parameters,B1_known_truth,known_truth_parameter_and_coupling_recovery,synthetic,10000,20260917.0,hard_ot,iot-benchmark-0.1.0,heldout_coupling_relative_frobenius,0.0147721964442347,success,0.1116302999998879,,,
equivalent_fit_multiple_parameters,B1_known_truth,known_truth_parameter_and_coupling_recovery,synthetic,10000,20260918.0,soft_iot,iot-benchmark-0.1.0,heldout_coupling_relative_frobenius,0.0047919530726179,success,0.8395958000000974,,,
equivalent_fit_multiple_parameters,B1_known_truth,known_truth_parameter_and_coupling_recovery,synthetic,10000,20260918.0,hard_ot,iot-benchmark-0.1.0,heldout_coupling_relative_frobenius,0.0215679664373367,success,0.0872058999998444,,,
equivalent_fit_multiple_parameters,B1_known_truth,known_truth_parameter_and_coupling_recovery,synthetic,10000,20260919.0,soft_iot,iot-benchmark-0.1.0,heldout_coupling_relative_frobenius,0.0099398650088525,success,1.0072248999999829,,,
equivalent_fit_multiple_parameters,B1_known_truth,known_truth_parameter_and_coupling_recovery,synthetic,10000,20260919.0,hard_ot,iot-benchmark-0.1.0,heldout_coupling_relative_frobenius,0.0208767249517476,success,0.1041626000001088,,,
equivalent_fit_multiple_parameters,B1_known_truth,known_truth_parameter_and_coupling_recovery,synthetic,10000,20260920.0,soft_iot,iot-benchmark-0.1.0,heldout_coupling_relative_frobenius,0.0062984941245662,success,1.184292199999618,,,
equivalent_fit_multiple_parameters,B1_known_truth,known_truth_parameter_and_coupling_recovery,synthetic,10000,20260920.0,hard_ot,iot-benchmark-0.1.0,heldout_coupling_relative_frobenius,0.0100125374149177,success,0.1108207000002039,,,
shared_plus_context_offset,B1_known_truth,known_truth_parameter_and_coupling_recovery,synthetic,400,20260916.0,soft_iot,iot-benchmark-0.1.0,heldout_coupling_relative_frobenius,0.176349899588655,success,1.1123382999999194,,,
shared_plus_context_offset,B1_known_truth,known_truth_parameter_and_coupling_recovery,synthetic,400,20260916.0,hard_ot,iot-benchmark-0.1.0,heldout_coupling_relative_frobenius,0.0929479307921709,success,0.1654218999997283,,,
shared_plus_context_offset,B1_known_truth,known_truth_parameter_and_coupling_recovery,synthetic,400,20260917.0,soft_iot,iot-benchmark-0.1.0,heldout_coupling_relative_frobenius,0.1329219102447165,success,1.1023595999999998,,,
shared_plus_context_offset,B1_known_truth,known_truth_parameter_and_coupling_recovery,synthetic,400,20260917.0,hard_ot,iot-benchmark-0.1.0,heldout_coupling_relative_frobenius,0.1037580666377482,success,0.2124383000000307,,,
shared_plus_context_offset,B1_known_truth,known_truth_parameter_and_coupling_recovery,synthetic,400,20260918.0,soft_iot,iot-benchmark-0.1.0,heldout_coupling_relative_frobenius,0.0637899611819555,success,1.051800800000365,,,
shared_plus_context_offset,B1_known_truth,known_truth_parameter_and_coupling_recovery,synthetic,400,20260918.0,hard_ot,iot-benchmark-0.1.0,heldout_coupling_relative_frobenius,0.0926607502841339,success,0.1991322000003492,,,
shared_plus_context_offset,B1_known_truth,known_truth_parameter_and_coupling_recovery,synthetic,400,20260919.0,soft_iot,iot-benchmark-0.1.0,heldout_coupling_relative_frobenius,0.144652293603667,success,1.0626346999997622,,,
shared_plus_context_offset,B1_known_truth,known_truth_parameter_and_coupling_recovery,synthetic,400,20260919.0,hard_ot,iot-benchmark-0.1.0,heldout_coupling_relative_frobenius,0.0864115351641546,success,0.1177881999997225,,,
shared_plus_context_offset,B1_known_truth,known_truth_parameter_and_coupling_recovery,synthetic,400,20260920.0,soft_iot,iot-benchmark-0.1.0,heldout_coupling_relative_frobenius,0.1813906615021428,success,1.0025394999997843,,,
shared_plus_context_offset,B1_known_truth,known_truth_parameter_and_coupling_recovery,synthetic,400,20260920.0,hard_ot,iot-benchmark-0.1.0,heldout_coupling_relative_frobenius,0.0836533663402642,success,0.1008627999999589,,,
shared_plus_context_offset,B1_known_truth,known_truth_parameter_and_coupling_recovery,synthetic,2000,20260916.0,soft_iot,iot-benchmark-0.1.0,heldout_coupling_relative_frobenius,0.1615041974620064,success,0.9982817000000068,,,
shared_plus_context_offset,B1_known_truth,known_truth_parameter_and_coupling_recovery,synthetic,2000,20260916.0,hard_ot,iot-benchmark-0.1.0,heldout_coupling_relative_frobenius,0.0224646084401439,success,0.1455492000000049,,,
shared_plus_context_offset,B1_known_truth,known_truth_parameter_and_coupling_recovery,synthetic,2000,20260917.0,soft_iot,iot-benchmark-0.1.0,heldout_coupling_relative_frobenius,0.1418453657176784,success,1.02074599999969,,,
shared_plus_context_offset,B1_known_truth,known_truth_parameter_and_coupling_recovery,synthetic,2000,20260917.0,hard_ot,iot-benchmark-0.1.0,heldout_coupling_relative_frobenius,0.0315953102262114,success,0.1568135000002257,,,
shared_plus_context_offset,B1_known_truth,known_truth_parameter_and_coupling_recovery,synthetic,2000,20260918.0,soft_iot,iot-benchmark-0.1.0,heldout_coupling_relative_frobenius,0.0527372985266395,success,0.8786196999999447,,,
shared_plus_context_offset,B1_known_truth,known_truth_parameter_and_coupling_recovery,synthetic,2000,20260918.0,hard_ot,iot-benchmark-0.1.0,heldout_coupling_relative_frobenius,0.0630869160203272,success,0.1371281000001545,,,
shared_plus_context_offset,B1_known_truth,known_truth_parameter_and_coupling_recovery,synthetic,2000,20260919.0,soft_iot,iot-benchmark-0.1.0,heldout_coupling_relative_frobenius,0.1399247210575211,success,1.0219849000000067,,,
shared_plus_context_offset,B1_known_truth,known_truth_parameter_and_coupling_recovery,synthetic,2000,20260919.0,hard_ot,iot-benchmark-0.1.0,heldout_coupling_relative_frobenius,0.0359209204658064,success,0.1076626999997643,,,
shared_plus_context_offset,B1_known_truth,known_truth_parameter_and_coupling_recovery,synthetic,2000,20260920.0,soft_iot,iot-benchmark-0.1.0,heldout_coupling_relative_frobenius,0.1553583689571544,success,0.9431463000000804,,,
shared_plus_context_offset,B1_known_truth,known_truth_parameter_and_coupling_recovery,synthetic,2000,20260920.0,hard_ot,iot-benchmark-0.1.0,heldout_coupling_relative_frobenius,0.0398039337845239,success,0.085291600000346,,,
shared_plus_context_offset,B1_known_truth,known_truth_parameter_and_coupling_recovery,synthetic,10000,20260916.0,soft_iot,iot-benchmark-0.1.0,heldout_coupling_relative_frobenius,0.1508604888432931,success,0.9935421999998651,,,
shared_plus_context_offset,B1_known_truth,known_truth_parameter_and_coupling_recovery,synthetic,10000,20260916.0,hard_ot,iot-benchmark-0.1.0,heldout_coupling_relative_frobenius,0.0118957364246071,success,0.1351744000003236,,,
shared_plus_context_offset,B1_known_truth,known_truth_parameter_and_coupling_recovery,synthetic,10000,20260917.0,soft_iot,iot-benchmark-0.1.0,heldout_coupling_relative_frobenius,0.1186783539640445,success,0.963337700000011,,,
shared_plus_context_offset,B1_known_truth,known_truth_parameter_and_coupling_recovery,synthetic,10000,20260917.0,hard_ot,iot-benchmark-0.1.0,heldout_coupling_relative_frobenius,0.0225459509500254,success,0.1563703000001624,,,
shared_plus_context_offset,B1_known_truth,known_truth_parameter_and_coupling_recovery,synthetic,10000,20260918.0,soft_iot,iot-benchmark-0.1.0,heldout_coupling_relative_frobenius,0.0585936962044973,success,0.9668118999998114,,,
shared_plus_context_offset,B1_known_truth,known_truth_parameter_and_coupling_recovery,synthetic,10000,20260918.0,hard_ot,iot-benchmark-0.1.0,heldout_coupling_relative_frobenius,0.0174803305575769,success,0.1507541000000856,,,
shared_plus_context_offset,B1_known_truth,known_truth_parameter_and_coupling_recovery,synthetic,10000,20260919.0,soft_iot,iot-benchmark-0.1.0,heldout_coupling_relative_frobenius,0.1356045644629172,success,1.0804274999995869,,,
shared_plus_context_offset,B1_known_truth,known_truth_parameter_and_coupling_recovery,synthetic,10000,20260919.0,hard_ot,iot-benchmark-0.1.0,heldout_coupling_relative_frobenius,0.0119123228528906,success,0.0913902999996025,,,
shared_plus_context_offset,B1_known_truth,known_truth_parameter_and_coupling_recovery,synthetic,10000,20260920.0,soft_iot,iot-benchmark-0.1.0,heldout_coupling_relative_frobenius,0.1676694214899196,success,1.0419104000002335,,,
shared_plus_context_offset,B1_known_truth,known_truth_parameter_and_coupling_recovery,synthetic,10000,20260920.0,hard_ot,iot-benchmark-0.1.0,heldout_coupling_relative_frobenius,0.0146843564988675,success,0.0908484999999927,,,
observation_noise_and_dropout,B1_known_truth,known_truth_parameter_and_coupling_recovery,synthetic,400,20260916.0,soft_iot,iot-benchmark-0.1.0,heldout_coupling_relative_frobenius,0.0785321662065585,success,1.0358581000000413,,,
observation_noise_and_dropout,B1_known_truth,known_truth_parameter_and_coupling_recovery,synthetic,400,20260916.0,hard_ot,iot-benchmark-0.1.0,heldout_coupling_relative_frobenius,0.3385310251087775,success,0.1563836000000265,,,
observation_noise_and_dropout,B1_known_truth,known_truth_parameter_and_coupling_recovery,synthetic,400,20260917.0,soft_iot,iot-benchmark-0.1.0,heldout_coupling_relative_frobenius,0.0676958818428152,success,0.9919863999998596,,,
observation_noise_and_dropout,B1_known_truth,known_truth_parameter_and_coupling_recovery,synthetic,400,20260917.0,hard_ot,iot-benchmark-0.1.0,heldout_coupling_relative_frobenius,0.1987935033679807,success,0.133145599999807,,,
observation_noise_and_dropout,B1_known_truth,known_truth_parameter_and_coupling_recovery,synthetic,400,20260918.0,soft_iot,iot-benchmark-0.1.0,heldout_coupling_relative_frobenius,0.062622277152564,success,1.0540828999996847,,,
observation_noise_and_dropout,B1_known_truth,known_truth_parameter_and_coupling_recovery,synthetic,400,20260918.0,hard_ot,iot-benchmark-0.1.0,heldout_coupling_relative_frobenius,0.1847956895034365,success,0.1892931000002136,,,
observation_noise_and_dropout,B1_known_truth,known_truth_parameter_and_coupling_recovery,synthetic,400,20260919.0,soft_iot,iot-benchmark-0.1.0,heldout_coupling_relative_frobenius,0.1202146354463767,success,1.068597899999986,,,
observation_noise_and_dropout,B1_known_truth,known_truth_parameter_and_coupling_recovery,synthetic,400,20260919.0,hard_ot,iot-benchmark-0.1.0,heldout_coupling_relative_frobenius,0.2524986818699166,success,0.1380479999997987,,,
observation_noise_and_dropout,B1_known_truth,known_truth_parameter_and_coupling_recovery,synthetic,400,20260920.0,soft_iot,iot-benchmark-0.1.0,heldout_coupling_relative_frobenius,0.0513226043632217,success,1.0296806000001195,,,
observation_noise_and_dropout,B1_known_truth,known_truth_parameter_and_coupling_recovery,synthetic,400,20260920.0,hard_ot,iot-benchmark-0.1.0,heldout_coupling_relative_frobenius,0.1897818159811424,success,0.1098606999998992,,,
observation_noise_and_dropout,B1_known_truth,known_truth_parameter_and_coupling_recovery,synthetic,2000,20260916.0,soft_iot,iot-benchmark-0.1.0,heldout_coupling_relative_frobenius,0.1489549607851971,success,1.0135543000001237,,,
observation_noise_and_dropout,B1_known_truth,known_truth_parameter_and_coupling_recovery,synthetic,2000,20260916.0,hard_ot,iot-benchmark-0.1.0,heldout_coupling_relative_frobenius,0.16915864639523,success,0.1671473999999762,,,
observation_noise_and_dropout,B1_known_truth,known_truth_parameter_and_coupling_recovery,synthetic,2000,20260917.0,soft_iot,iot-benchmark-0.1.0,heldout_coupling_relative_frobenius,0.0471815021424743,success,1.0352265000001353,,,
observation_noise_and_dropout,B1_known_truth,known_truth_parameter_and_coupling_recovery,synthetic,2000,20260917.0,hard_ot,iot-benchmark-0.1.0,heldout_coupling_relative_frobenius,0.1653341247527186,success,0.1598726000001988,,,
observation_noise_and_dropout,B1_known_truth,known_truth_parameter_and_coupling_recovery,synthetic,2000,20260918.0,soft_iot,iot-benchmark-0.1.0,heldout_coupling_relative_frobenius,0.1433219112868007,success,1.039399499999945,,,
observation_noise_and_dropout,B1_known_truth,known_truth_parameter_and_coupling_recovery,synthetic,2000,20260918.0,hard_ot,iot-benchmark-0.1.0,heldout_coupling_relative_frobenius,0.2673372363766526,success,0.1720463000001473,,,
observation_noise_and_dropout,B1_known_truth,known_truth_parameter_and_coupling_recovery,synthetic,2000,20260919.0,soft_iot,iot-benchmark-0.1.0,heldout_coupling_relative_frobenius,0.0758910386508216,success,0.999287699999968,,,
observation_noise_and_dropout,B1_known_truth,known_truth_parameter_and_coupling_recovery,synthetic,2000,20260919.0,hard_ot,iot-benchmark-0.1.0,heldout_coupling_relative_frobenius,0.1199773030186652,success,0.1218624000002819,,,
observation_noise_and_dropout,B1_known_truth,known_truth_parameter_and_coupling_recovery,synthetic,2000,20260920.0,soft_iot,iot-benchmark-0.1.0,heldout_coupling_relative_frobenius,0.0576482462669196,success,1.0551024999999754,,,
observation_noise_and_dropout,B1_known_truth,known_truth_parameter_and_coupling_recovery,synthetic,2000,20260920.0,hard_ot,iot-benchmark-0.1.0,heldout_coupling_relative_frobenius,0.1140306187711368,success,0.1008802999999716,,,
observation_noise_and_dropout,B1_known_truth,known_truth_parameter_and_coupling_recovery,synthetic,10000,20260916.0,soft_iot,iot-benchmark-0.1.0,heldout_coupling_relative_frobenius,0.0774264174877618,success,1.0065113999999085,,,
observation_noise_and_dropout,B1_known_truth,known_truth_parameter_and_coupling_recovery,synthetic,10000,20260916.0,hard_ot,iot-benchmark-0.1.0,heldout_coupling_relative_frobenius,0.2087395408241687,success,0.1825636000003214,,,
observation_noise_and_dropout,B1_known_truth,known_truth_parameter_and_coupling_recovery,synthetic,10000,20260917.0,soft_iot,iot-benchmark-0.1.0,heldout_coupling_relative_frobenius,0.0818523159965736,success,1.1623053000002983,,,
observation_noise_and_dropout,B1_known_truth,known_truth_parameter_and_coupling_recovery,synthetic,10000,20260917.0,hard_ot,iot-benchmark-0.1.0,heldout_coupling_relative_frobenius,0.3166819352147227,success,0.1776282999999239,,,
observation_noise_and_dropout,B1_known_truth,known_truth_parameter_and_coupling_recovery,synthetic,10000,20260918.0,soft_iot,iot-benchmark-0.1.0,heldout_coupling_relative_frobenius,0.0911218942030977,success,0.9902772000000368,,,
observation_noise_and_dropout,B1_known_truth,known_truth_parameter_and_coupling_recovery,synthetic,10000,20260918.0,hard_ot,iot-benchmark-0.1.0,heldout_coupling_relative_frobenius,0.3205768007302343,success,0.1657964999999421,,,
observation_noise_and_dropout,B1_known_truth,known_truth_parameter_and_coupling_recovery,synthetic,10000,20260919.0,soft_iot,iot-benchmark-0.1.0,heldout_coupling_relative_frobenius,0.0672437305964824,success,1.043357399999877,,,
observation_noise_and_dropout,B1_known_truth,known_truth_parameter_and_coupling_recovery,synthetic,10000,20260919.0,hard_ot,iot-benchmark-0.1.0,heldout_coupling_relative_frobenius,0.1001306753922329,success,0.1143796999999722,,,
observation_noise_and_dropout,B1_known_truth,known_truth_parameter_and_coupling_recovery,synthetic,10000,20260920.0,soft_iot,iot-benchmark-0.1.0,heldout_coupling_relative_frobenius,0.0593827681687093,success,1.035367099999803,,,
observation_noise_and_dropout,B1_known_truth,known_truth_parameter_and_coupling_recovery,synthetic,10000,20260920.0,hard_ot,iot-benchmark-0.1.0,heldout_coupling_relative_frobenius,0.1462393856668217,success,0.1046404999997321,,,
nonlinear_or_hidden_confounding_misspecification,B1_known_truth,known_truth_parameter_and_coupling_recovery,synthetic,400,20260916.0,soft_iot,iot-benchmark-0.1.0,heldout_coupling_relative_frobenius,0.5530488137550039,success,1.336510399999952,,,
nonlinear_or_hidden_confounding_misspecification,B1_known_truth,known_truth_parameter_and_coupling_recovery,synthetic,400,20260916.0,hard_ot,iot-benchmark-0.1.0,heldout_coupling_relative_frobenius,0.555298431766314,success,0.2024116000002322,,,
nonlinear_or_hidden_confounding_misspecification,B1_known_truth,known_truth_parameter_and_coupling_recovery,synthetic,400,20260917.0,soft_iot,iot-benchmark-0.1.0,heldout_coupling_relative_frobenius,0.1875729995386292,success,1.113893200000348,,,
nonlinear_or_hidden_confounding_misspecification,B1_known_truth,known_truth_parameter_and_coupling_recovery,synthetic,400,20260917.0,hard_ot,iot-benchmark-0.1.0,heldout_coupling_relative_frobenius,0.1951288909076906,success,0.2007628999999724,,,
nonlinear_or_hidden_confounding_misspecification,B1_known_truth,known_truth_parameter_and_coupling_recovery,synthetic,400,20260918.0,soft_iot,iot-benchmark-0.1.0,heldout_coupling_relative_frobenius,0.4613756560568629,success,1.1119886000001316,,,
nonlinear_or_hidden_confounding_misspecification,B1_known_truth,known_truth_parameter_and_coupling_recovery,synthetic,400,20260918.0,hard_ot,iot-benchmark-0.1.0,heldout_coupling_relative_frobenius,0.447226059780135,success,0.2208121999997274,,,
nonlinear_or_hidden_confounding_misspecification,B1_known_truth,known_truth_parameter_and_coupling_recovery,synthetic,400,20260919.0,soft_iot,iot-benchmark-0.1.0,heldout_coupling_relative_frobenius,0.2128855635957705,success,1.0350179000001845,,,
nonlinear_or_hidden_confounding_misspecification,B1_known_truth,known_truth_parameter_and_coupling_recovery,synthetic,400,20260919.0,hard_ot,iot-benchmark-0.1.0,heldout_coupling_relative_frobenius,0.2079947501315176,success,0.12569749999966,,,
nonlinear_or_hidden_confounding_misspecification,B1_known_truth,known_truth_parameter_and_coupling_recovery,synthetic,400,20260920.0,soft_iot,iot-benchmark-0.1.0,heldout_coupling_relative_frobenius,0.200337403918906,success,1.0244719000002078,,,
nonlinear_or_hidden_confounding_misspecification,B1_known_truth,known_truth_parameter_and_coupling_recovery,synthetic,400,20260920.0,hard_ot,iot-benchmark-0.1.0,heldout_coupling_relative_frobenius,0.1883585556446613,success,0.1201066999997237,,,
nonlinear_or_hidden_confounding_misspecification,B1_known_truth,known_truth_parameter_and_coupling_recovery,synthetic,2000,20260916.0,soft_iot,iot-benchmark-0.1.0,heldout_coupling_relative_frobenius,0.491584882887873,success,1.476230199999918,,,
nonlinear_or_hidden_confounding_misspecification,B1_known_truth,known_truth_parameter_and_coupling_recovery,synthetic,2000,20260916.0,hard_ot,iot-benchmark-0.1.0,heldout_coupling_relative_frobenius,0.5091021717136246,success,0.2441287999999986,,,
nonlinear_or_hidden_confounding_misspecification,B1_known_truth,known_truth_parameter_and_coupling_recovery,synthetic,2000,20260917.0,soft_iot,iot-benchmark-0.1.0,heldout_coupling_relative_frobenius,0.2407665401154692,success,1.1467106999998578,,,
nonlinear_or_hidden_confounding_misspecification,B1_known_truth,known_truth_parameter_and_coupling_recovery,synthetic,2000,20260917.0,hard_ot,iot-benchmark-0.1.0,heldout_coupling_relative_frobenius,0.2359576598099584,success,0.2061431000001903,,,
nonlinear_or_hidden_confounding_misspecification,B1_known_truth,known_truth_parameter_and_coupling_recovery,synthetic,2000,20260918.0,soft_iot,iot-benchmark-0.1.0,heldout_coupling_relative_frobenius,0.5197733071256009,success,1.1300897999999506,,,
nonlinear_or_hidden_confounding_misspecification,B1_known_truth,known_truth_parameter_and_coupling_recovery,synthetic,2000,20260918.0,hard_ot,iot-benchmark-0.1.0,heldout_coupling_relative_frobenius,0.5163193138019204,success,0.1995476000001872,,,
nonlinear_or_hidden_confounding_misspecification,B1_known_truth,known_truth_parameter_and_coupling_recovery,synthetic,2000,20260919.0,soft_iot,iot-benchmark-0.1.0,heldout_coupling_relative_frobenius,0.2077759461548372,success,1.08436329999995,,,
nonlinear_or_hidden_confounding_misspecification,B1_known_truth,known_truth_parameter_and_coupling_recovery,synthetic,2000,20260919.0,hard_ot,iot-benchmark-0.1.0,heldout_coupling_relative_frobenius,0.1969283934338379,success,0.1443789999998443,,,
nonlinear_or_hidden_confounding_misspecification,B1_known_truth,known_truth_parameter_and_coupling_recovery,synthetic,2000,20260920.0,soft_iot,iot-benchmark-0.1.0,heldout_coupling_relative_frobenius,0.2562666787257949,success,0.9798384000000624,,,
nonlinear_or_hidden_confounding_misspecification,B1_known_truth,known_truth_parameter_and_coupling_recovery,synthetic,2000,20260920.0,hard_ot,iot-benchmark-0.1.0,heldout_coupling_relative_frobenius,0.2530387104095217,success,0.1209948999999142,,,
nonlinear_or_hidden_confounding_misspecification,B1_known_truth,known_truth_parameter_and_coupling_recovery,synthetic,10000,20260916.0,soft_iot,iot-benchmark-0.1.0,heldout_coupling_relative_frobenius,0.5323834661893728,success,1.4587419000004047,,,
nonlinear_or_hidden_confounding_misspecification,B1_known_truth,known_truth_parameter_and_coupling_recovery,synthetic,10000,20260916.0,hard_ot,iot-benchmark-0.1.0,heldout_coupling_relative_frobenius,0.534234276688569,success,0.2454908999998224,,,
nonlinear_or_hidden_confounding_misspecification,B1_known_truth,known_truth_parameter_and_coupling_recovery,synthetic,10000,20260917.0,soft_iot,iot-benchmark-0.1.0,heldout_coupling_relative_frobenius,0.2017044555456117,success,1.1241569000003435,,,
nonlinear_or_hidden_confounding_misspecification,B1_known_truth,known_truth_parameter_and_coupling_recovery,synthetic,10000,20260917.0,hard_ot,iot-benchmark-0.1.0,heldout_coupling_relative_frobenius,0.1979790952318598,success,0.204494699999941,,,
nonlinear_or_hidden_confounding_misspecification,B1_known_truth,known_truth_parameter_and_coupling_recovery,synthetic,10000,20260918.0,soft_iot,iot-benchmark-0.1.0,heldout_coupling_relative_frobenius,0.5198508568221593,success,1.1670874999999796,,,
nonlinear_or_hidden_confounding_misspecification,B1_known_truth,known_truth_parameter_and_coupling_recovery,synthetic,10000,20260918.0,hard_ot,iot-benchmark-0.1.0,heldout_coupling_relative_frobenius,0.4987486497025511,success,0.2254143000000112,,,
nonlinear_or_hidden_confounding_misspecification,B1_known_truth,known_truth_parameter_and_coupling_recovery,synthetic,10000,20260919.0,soft_iot,iot-benchmark-0.1.0,heldout_coupling_relative_frobenius,0.251756246015258,success,1.1234731999998075,,,
nonlinear_or_hidden_confounding_misspecification,B1_known_truth,known_truth_parameter_and_coupling_recovery,synthetic,10000,20260919.0,hard_ot,iot-benchmark-0.1.0,heldout_coupling_relative_frobenius,0.2379669061125247,success,0.1464865000002646,,,
nonlinear_or_hidden_confounding_misspecification,B1_known_truth,known_truth_parameter_and_coupling_recovery,synthetic,10000,20260920.0,soft_iot,iot-benchmark-0.1.0,heldout_coupling_relative_frobenius,0.2534860217428559,success,1.0709382000000005,,,
nonlinear_or_hidden_confounding_misspecification,B1_known_truth,known_truth_parameter_and_coupling_recovery,synthetic,10000,20260920.0,hard_ot,iot-benchmark-0.1.0,heldout_coupling_relative_frobenius,0.2462986375210409,success,0.1322454999999536,,,
identifiable_soft_marginal,B1_known_truth,known_truth_parameter_and_coupling_recovery,synthetic,400,20260916.0,soft_iot,iot-benchmark-0.1.0,coefficient_cosine,0.9995515514095292,success,0.963803000000098,,,
identifiable_soft_marginal,B1_known_truth,known_truth_parameter_and_coupling_recovery,synthetic,400,20260916.0,hard_ot,iot-benchmark-0.1.0,coefficient_cosine,0.7712668930877951,success,0.1392136999998001,,,
identifiable_soft_marginal,B1_known_truth,known_truth_parameter_and_coupling_recovery,synthetic,400,20260917.0,soft_iot,iot-benchmark-0.1.0,coefficient_cosine,0.9870719458365788,success,1.132093400000031,,,
identifiable_soft_marginal,B1_known_truth,known_truth_parameter_and_coupling_recovery,synthetic,400,20260917.0,hard_ot,iot-benchmark-0.1.0,coefficient_cosine,0.484518532715283,success,0.1504667000003792,,,
identifiable_soft_marginal,B1_known_truth,known_truth_parameter_and_coupling_recovery,synthetic,400,20260918.0,soft_iot,iot-benchmark-0.1.0,coefficient_cosine,0.9916753028340471,success,1.0148684000000685,,,
identifiable_soft_marginal,B1_known_truth,known_truth_parameter_and_coupling_recovery,synthetic,400,20260918.0,hard_ot,iot-benchmark-0.1.0,coefficient_cosine,-0.0632766628133919,success,0.1824176000000079,,,
identifiable_soft_marginal,B1_known_truth,known_truth_parameter_and_coupling_recovery,synthetic,400,20260919.0,soft_iot,iot-benchmark-0.1.0,coefficient_cosine,0.9980348207238112,success,0.96355850000009,,,
identifiable_soft_marginal,B1_known_truth,known_truth_parameter_and_coupling_recovery,synthetic,400,20260919.0,hard_ot,iot-benchmark-0.1.0,coefficient_cosine,0.8666165560203433,success,0.1000410000001466,,,
identifiable_soft_marginal,B1_known_truth,known_truth_parameter_and_coupling_recovery,synthetic,400,20260920.0,soft_iot,iot-benchmark-0.1.0,coefficient_cosine,0.996836900109119,success,0.8907831000001352,,,
identifiable_soft_marginal,B1_known_truth,known_truth_parameter_and_coupling_recovery,synthetic,400,20260920.0,hard_ot,iot-benchmark-0.1.0,coefficient_cosine,0.5702679681928934,success,0.1080259000000296,,,
identifiable_soft_marginal,B1_known_truth,known_truth_parameter_and_coupling_recovery,synthetic,2000,20260916.0,soft_iot,iot-benchmark-0.1.0,coefficient_cosine,0.9960828474529428,success,1.0275094999997236,,,
identifiable_soft_marginal,B1_known_truth,known_truth_parameter_and_coupling_recovery,synthetic,2000,20260916.0,hard_ot,iot-benchmark-0.1.0,coefficient_cosine,0.3190450724977434,success,0.1905112999997982,,,
identifiable_soft_marginal,B1_known_truth,known_truth_parameter_and_coupling_recovery,synthetic,2000,20260917.0,soft_iot,iot-benchmark-0.1.0,coefficient_cosine,0.9993891962380566,success,1.0609501000003547,,,
identifiable_soft_marginal,B1_known_truth,known_truth_parameter_and_coupling_recovery,synthetic,2000,20260917.0,hard_ot,iot-benchmark-0.1.0,coefficient_cosine,0.3295995061156788,success,0.1462578999999095,,,
identifiable_soft_marginal,B1_known_truth,known_truth_parameter_and_coupling_recovery,synthetic,2000,20260918.0,soft_iot,iot-benchmark-0.1.0,coefficient_cosine,0.9995368749643722,success,0.9338363000001664,,,
identifiable_soft_marginal,B1_known_truth,known_truth_parameter_and_coupling_recovery,synthetic,2000,20260918.0,hard_ot,iot-benchmark-0.1.0,coefficient_cosine,0.4521441527576409,success,0.1552415999999539,,,
identifiable_soft_marginal,B1_known_truth,known_truth_parameter_and_coupling_recovery,synthetic,2000,20260919.0,soft_iot,iot-benchmark-0.1.0,coefficient_cosine,0.9984738178844944,success,1.0084128000003147,,,
identifiable_soft_marginal,B1_known_truth,known_truth_parameter_and_coupling_recovery,synthetic,2000,20260919.0,hard_ot,iot-benchmark-0.1.0,coefficient_cosine,-0.3488767786058773,success,0.0984231999996154,,,
identifiable_soft_marginal,B1_known_truth,known_truth_parameter_and_coupling_recovery,synthetic,2000,20260920.0,soft_iot,iot-benchmark-0.1.0,coefficient_cosine,0.9995603201034752,success,0.8803312000000005,,,
identifiable_soft_marginal,B1_known_truth,known_truth_parameter_and_coupling_recovery,synthetic,2000,20260920.0,hard_ot,iot-benchmark-0.1.0,coefficient_cosine,-0.0758335875606693,success,0.0869949999996606,,,
identifiable_soft_marginal,B1_known_truth,known_truth_parameter_and_coupling_recovery,synthetic,10000,20260916.0,soft_iot,iot-benchmark-0.1.0,coefficient_cosine,0.9998579564004916,success,0.945737800000188,,,
identifiable_soft_marginal,B1_known_truth,known_truth_parameter_and_coupling_recovery,synthetic,10000,20260916.0,hard_ot,iot-benchmark-0.1.0,coefficient_cosine,0.316375537876772,success,0.1422238999998626,,,
identifiable_soft_marginal,B1_known_truth,known_truth_parameter_and_coupling_recovery,synthetic,10000,20260917.0,soft_iot,iot-benchmark-0.1.0,coefficient_cosine,0.9997504170476496,success,0.9946180000001732,,,
identifiable_soft_marginal,B1_known_truth,known_truth_parameter_and_coupling_recovery,synthetic,10000,20260917.0,hard_ot,iot-benchmark-0.1.0,coefficient_cosine,0.0264409597643551,success,0.1672464999996918,,,
identifiable_soft_marginal,B1_known_truth,known_truth_parameter_and_coupling_recovery,synthetic,10000,20260918.0,soft_iot,iot-benchmark-0.1.0,coefficient_cosine,0.9999396659191608,success,0.9884000000001834,,,
identifiable_soft_marginal,B1_known_truth,known_truth_parameter_and_coupling_recovery,synthetic,10000,20260918.0,hard_ot,iot-benchmark-0.1.0,coefficient_cosine,0.4514524370205405,success,0.1465640000001258,,,
identifiable_soft_marginal,B1_known_truth,known_truth_parameter_and_coupling_recovery,synthetic,10000,20260919.0,soft_iot,iot-benchmark-0.1.0,coefficient_cosine,0.9998448976822863,success,1.016133500000251,,,
identifiable_soft_marginal,B1_known_truth,known_truth_parameter_and_coupling_recovery,synthetic,10000,20260919.0,hard_ot,iot-benchmark-0.1.0,coefficient_cosine,0.1699418969750258,success,0.1013747000001785,,,
identifiable_soft_marginal,B1_known_truth,known_truth_parameter_and_coupling_recovery,synthetic,10000,20260920.0,soft_iot,iot-benchmark-0.1.0,coefficient_cosine,0.999849790398248,success,0.9297907999998642,,,
identifiable_soft_marginal,B1_known_truth,known_truth_parameter_and_coupling_recovery,synthetic,10000,20260920.0,hard_ot,iot-benchmark-0.1.0,coefficient_cosine,0.5713784211796334,success,0.0945558999997047,,,
hard_marginal_flat_direction,B1_known_truth,known_truth_parameter_and_coupling_recovery,synthetic,400,20260916.0,soft_iot,iot-benchmark-0.1.0,coefficient_cosine,0.9995515514095292,success,1.5232843999997383,,,
hard_marginal_flat_direction,B1_known_truth,known_truth_parameter_and_coupling_recovery,synthetic,400,20260916.0,hard_ot,iot-benchmark-0.1.0,coefficient_cosine,0.7712668930877951,success,0.2748335000001134,,,
hard_marginal_flat_direction,B1_known_truth,known_truth_parameter_and_coupling_recovery,synthetic,400,20260917.0,soft_iot,iot-benchmark-0.1.0,coefficient_cosine,0.9870719458365788,success,1.5501485000004325,,,
hard_marginal_flat_direction,B1_known_truth,known_truth_parameter_and_coupling_recovery,synthetic,400,20260917.0,hard_ot,iot-benchmark-0.1.0,coefficient_cosine,0.484518532715283,success,0.2171367000000827,,,
hard_marginal_flat_direction,B1_known_truth,known_truth_parameter_and_coupling_recovery,synthetic,400,20260918.0,soft_iot,iot-benchmark-0.1.0,coefficient_cosine,0.9916753028340471,success,1.3613313000000744,,,
hard_marginal_flat_direction,B1_known_truth,known_truth_parameter_and_coupling_recovery,synthetic,400,20260918.0,hard_ot,iot-benchmark-0.1.0,coefficient_cosine,-0.0632766628133919,success,0.2224190000001726,,,
hard_marginal_flat_direction,B1_known_truth,known_truth_parameter_and_coupling_recovery,synthetic,400,20260919.0,soft_iot,iot-benchmark-0.1.0,coefficient_cosine,0.9980348207238112,success,1.1765565000000606,,,
hard_marginal_flat_direction,B1_known_truth,known_truth_parameter_and_coupling_recovery,synthetic,400,20260919.0,hard_ot,iot-benchmark-0.1.0,coefficient_cosine,0.8666165560203433,success,0.1316170000000056,,,
hard_marginal_flat_direction,B1_known_truth,known_truth_parameter_and_coupling_recovery,synthetic,400,20260920.0,soft_iot,iot-benchmark-0.1.0,coefficient_cosine,0.996836900109119,success,1.1393797000000632,,,
hard_marginal_flat_direction,B1_known_truth,known_truth_parameter_and_coupling_recovery,synthetic,400,20260920.0,hard_ot,iot-benchmark-0.1.0,coefficient_cosine,0.5702679681928934,success,0.1126588000001902,,,
hard_marginal_flat_direction,B1_known_truth,known_truth_parameter_and_coupling_recovery,synthetic,2000,20260916.0,soft_iot,iot-benchmark-0.1.0,coefficient_cosine,0.9960828474529428,success,1.1556378999998742,,,
hard_marginal_flat_direction,B1_known_truth,known_truth_parameter_and_coupling_recovery,synthetic,2000,20260916.0,hard_ot,iot-benchmark-0.1.0,coefficient_cosine,0.3190450724977434,success,0.1678867000000536,,,
hard_marginal_flat_direction,B1_known_truth,known_truth_parameter_and_coupling_recovery,synthetic,2000,20260917.0,soft_iot,iot-benchmark-0.1.0,coefficient_cosine,0.9993891962380566,success,1.0604648999997153,,,
hard_marginal_flat_direction,B1_known_truth,known_truth_parameter_and_coupling_recovery,synthetic,2000,20260917.0,hard_ot,iot-benchmark-0.1.0,coefficient_cosine,0.3295995061156788,success,0.1387133999996876,,,
hard_marginal_flat_direction,B1_known_truth,known_truth_parameter_and_coupling_recovery,synthetic,2000,20260918.0,soft_iot,iot-benchmark-0.1.0,coefficient_cosine,0.9995368749643722,success,1.0904113000001416,,,
hard_marginal_flat_direction,B1_known_truth,known_truth_parameter_and_coupling_recovery,synthetic,2000,20260918.0,hard_ot,iot-benchmark-0.1.0,coefficient_cosine,0.4521441527576409,success,0.160927299999912,,,
hard_marginal_flat_direction,B1_known_truth,known_truth_parameter_and_coupling_recovery,synthetic,2000,20260919.0,soft_iot,iot-benchmark-0.1.0,coefficient_cosine,0.9984738178844944,success,0.972682700000405,,,
hard_marginal_flat_direction,B1_known_truth,known_truth_parameter_and_coupling_recovery,synthetic,2000,20260919.0,hard_ot,iot-benchmark-0.1.0,coefficient_cosine,-0.3488767786058773,success,0.1193326000002343,,,
hard_marginal_flat_direction,B1_known_truth,known_truth_parameter_and_coupling_recovery,synthetic,2000,20260920.0,soft_iot,iot-benchmark-0.1.0,coefficient_cosine,0.9995603201034752,success,1.0363537000002907,,,
hard_marginal_flat_direction,B1_known_truth,known_truth_parameter_and_coupling_recovery,synthetic,2000,20260920.0,hard_ot,iot-benchmark-0.1.0,coefficient_cosine,-0.0758335875606693,success,0.0963798000002498,,,
hard_marginal_flat_direction,B1_known_truth,known_truth_parameter_and_coupling_recovery,synthetic,10000,20260916.0,soft_iot,iot-benchmark-0.1.0,coefficient_cosine,0.9998579564004916,success,0.9835258000002796,,,
hard_marginal_flat_direction,B1_known_truth,known_truth_parameter_and_coupling_recovery,synthetic,10000,20260916.0,hard_ot,iot-benchmark-0.1.0,coefficient_cosine,0.316375537876772,success,0.1285948999998254,,,
hard_marginal_flat_direction,B1_known_truth,known_truth_parameter_and_coupling_recovery,synthetic,10000,20260917.0,soft_iot,iot-benchmark-0.1.0,coefficient_cosine,0.9997504170476496,success,1.0423848000000362,,,
hard_marginal_flat_direction,B1_known_truth,known_truth_parameter_and_coupling_recovery,synthetic,10000,20260917.0,hard_ot,iot-benchmark-0.1.0,coefficient_cosine,0.0264409597643551,success,0.1711081999997077,,,
hard_marginal_flat_direction,B1_known_truth,known_truth_parameter_and_coupling_recovery,synthetic,10000,20260918.0,soft_iot,iot-benchmark-0.1.0,coefficient_cosine,0.9999396659191608,success,1.0388536000000386,,,
hard_marginal_flat_direction,B1_known_truth,known_truth_parameter_and_coupling_recovery,synthetic,10000,20260918.0,hard_ot,iot-benchmark-0.1.0,coefficient_cosine,0.4514524370205405,success,0.159653299999718,,,
hard_marginal_flat_direction,B1_known_truth,known_truth_parameter_and_coupling_recovery,synthetic,10000,20260919.0,soft_iot,iot-benchmark-0.1.0,coefficient_cosine,0.9998448976822863,success,1.0565594999998211,,,
hard_marginal_flat_direction,B1_known_truth,known_truth_parameter_and_coupling_recovery,synthetic,10000,20260919.0,hard_ot,iot-benchmark-0.1.0,coefficient_cosine,0.1699418969750258,success,0.1007915999998658,,,
hard_marginal_flat_direction,B1_known_truth,known_truth_parameter_and_coupling_recovery,synthetic,10000,20260920.0,soft_iot,iot-benchmark-0.1.0,coefficient_cosine,0.999849790398248,success,0.9896129000003384,,,
hard_marginal_flat_direction,B1_known_truth,known_truth_parameter_and_coupling_recovery,synthetic,10000,20260920.0,hard_ot,iot-benchmark-0.1.0,coefficient_cosine,0.5713784211796334,success,0.1319333000001279,,,
equivalent_fit_multiple_parameters,B1_known_truth,known_truth_parameter_and_coupling_recovery,synthetic,400,20260916.0,soft_iot,iot-benchmark-0.1.0,coefficient_cosine,0.9933973250804814,success,1.07515420000027,,,
equivalent_fit_multiple_parameters,B1_known_truth,known_truth_parameter_and_coupling_recovery,synthetic,400,20260916.0,hard_ot,iot-benchmark-0.1.0,coefficient_cosine,-0.086935827326141,success,0.0828166999999666,,,
equivalent_fit_multiple_parameters,B1_known_truth,known_truth_parameter_and_coupling_recovery,synthetic,400,20260917.0,soft_iot,iot-benchmark-0.1.0,coefficient_cosine,0.9962197522673718,success,0.9713815000000068,,,
equivalent_fit_multiple_parameters,B1_known_truth,known_truth_parameter_and_coupling_recovery,synthetic,400,20260917.0,hard_ot,iot-benchmark-0.1.0,coefficient_cosine,0.5015138814101904,success,0.1086900999998761,,,
equivalent_fit_multiple_parameters,B1_known_truth,known_truth_parameter_and_coupling_recovery,synthetic,400,20260918.0,soft_iot,iot-benchmark-0.1.0,coefficient_cosine,0.9970543774757166,success,0.8395845000000008,,,
equivalent_fit_multiple_parameters,B1_known_truth,known_truth_parameter_and_coupling_recovery,synthetic,400,20260918.0,hard_ot,iot-benchmark-0.1.0,coefficient_cosine,0.9229497464064876,success,0.0948812999999972,,,
equivalent_fit_multiple_parameters,B1_known_truth,known_truth_parameter_and_coupling_recovery,synthetic,400,20260919.0,soft_iot,iot-benchmark-0.1.0,coefficient_cosine,0.9882838544868005,success,1.1241503999999622,,,
equivalent_fit_multiple_parameters,B1_known_truth,known_truth_parameter_and_coupling_recovery,synthetic,400,20260919.0,hard_ot,iot-benchmark-0.1.0,coefficient_cosine,0.8935480796886097,success,0.1172025000000758,,,
equivalent_fit_multiple_parameters,B1_known_truth,known_truth_parameter_and_coupling_recovery,synthetic,400,20260920.0,soft_iot,iot-benchmark-0.1.0,coefficient_cosine,0.9961502116092884,success,1.0202758999998878,,,
equivalent_fit_multiple_parameters,B1_known_truth,known_truth_parameter_and_coupling_recovery,synthetic,400,20260920.0,hard_ot,iot-benchmark-0.1.0,coefficient_cosine,0.5024514328571291,success,0.1098799000001236,,,
equivalent_fit_multiple_parameters,B1_known_truth,known_truth_parameter_and_coupling_recovery,synthetic,2000,20260916.0,soft_iot,iot-benchmark-0.1.0,coefficient_cosine,0.9991766712991011,success,1.0049973999998656,,,
equivalent_fit_multiple_parameters,B1_known_truth,known_truth_parameter_and_coupling_recovery,synthetic,2000,20260916.0,hard_ot,iot-benchmark-0.1.0,coefficient_cosine,0.4765973327281566,success,0.1029505999999855,,,
equivalent_fit_multiple_parameters,B1_known_truth,known_truth_parameter_and_coupling_recovery,synthetic,2000,20260917.0,soft_iot,iot-benchmark-0.1.0,coefficient_cosine,0.9976616705972364,success,1.0348675000000185,,,
equivalent_fit_multiple_parameters,B1_known_truth,known_truth_parameter_and_coupling_recovery,synthetic,2000,20260917.0,hard_ot,iot-benchmark-0.1.0,coefficient_cosine,0.0708728143413903,success,0.1132460000003448,,,
equivalent_fit_multiple_parameters,B1_known_truth,known_truth_parameter_and_coupling_recovery,synthetic,2000,20260918.0,soft_iot,iot-benchmark-0.1.0,coefficient_cosine,0.9972327813034714,success,0.920255100000304,,,
equivalent_fit_multiple_parameters,B1_known_truth,known_truth_parameter_and_coupling_recovery,synthetic,2000,20260918.0,hard_ot,iot-benchmark-0.1.0,coefficient_cosine,-0.3772857049065223,success,0.0879520999997112,,,
equivalent_fit_multiple_parameters,B1_known_truth,known_truth_parameter_and_coupling_recovery,synthetic,2000,20260919.0,soft_iot,iot-benchmark-0.1.0,coefficient_cosine,0.9987712549925823,success,1.1910577000003286,,,
equivalent_fit_multiple_parameters,B1_known_truth,known_truth_parameter_and_coupling_recovery,synthetic,2000,20260919.0,hard_ot,iot-benchmark-0.1.0,coefficient_cosine,0.0246986205077229,success,0.122143799999776,,,
equivalent_fit_multiple_parameters,B1_known_truth,known_truth_parameter_and_coupling_recovery,synthetic,2000,20260920.0,soft_iot,iot-benchmark-0.1.0,coefficient_cosine,0.998865194550723,success,0.9830117999999856,,,
equivalent_fit_multiple_parameters,B1_known_truth,known_truth_parameter_and_coupling_recovery,synthetic,2000,20260920.0,hard_ot,iot-benchmark-0.1.0,coefficient_cosine,-0.4434178673618426,success,0.0942646000003151,,,
equivalent_fit_multiple_parameters,B1_known_truth,known_truth_parameter_and_coupling_recovery,synthetic,10000,20260916.0,soft_iot,iot-benchmark-0.1.0,coefficient_cosine,0.9997310842464964,success,0.9429312000002028,,,
equivalent_fit_multiple_parameters,B1_known_truth,known_truth_parameter_and_coupling_recovery,synthetic,10000,20260916.0,hard_ot,iot-benchmark-0.1.0,coefficient_cosine,0.4775169754532443,success,0.0865029000001413,,,
equivalent_fit_multiple_parameters,B1_known_truth,known_truth_parameter_and_coupling_recovery,synthetic,10000,20260917.0,soft_iot,iot-benchmark-0.1.0,coefficient_cosine,0.9999423232429754,success,0.9786874000001262,,,
equivalent_fit_multiple_parameters,B1_known_truth,known_truth_parameter_and_coupling_recovery,synthetic,10000,20260917.0,hard_ot,iot-benchmark-0.1.0,coefficient_cosine,0.0709185158105209,success,0.1116302999998879,,,
equivalent_fit_multiple_parameters,B1_known_truth,known_truth_parameter_and_coupling_recovery,synthetic,10000,20260918.0,soft_iot,iot-benchmark-0.1.0,coefficient_cosine,0.9999084203638527,success,0.8395958000000974,,,
equivalent_fit_multiple_parameters,B1_known_truth,known_truth_parameter_and_coupling_recovery,synthetic,10000,20260918.0,hard_ot,iot-benchmark-0.1.0,coefficient_cosine,-0.7660071869150487,success,0.0872058999998444,,,
equivalent_fit_multiple_parameters,B1_known_truth,known_truth_parameter_and_coupling_recovery,synthetic,10000,20260919.0,soft_iot,iot-benchmark-0.1.0,coefficient_cosine,0.9992575602603914,success,1.0072248999999829,,,
equivalent_fit_multiple_parameters,B1_known_truth,known_truth_parameter_and_coupling_recovery,synthetic,10000,20260919.0,hard_ot,iot-benchmark-0.1.0,coefficient_cosine,-0.6109088938530205,success,0.1041626000001088,,,
equivalent_fit_multiple_parameters,B1_known_truth,known_truth_parameter_and_coupling_recovery,synthetic,10000,20260920.0,soft_iot,iot-benchmark-0.1.0,coefficient_cosine,0.9995831487565456,success,1.184292199999618,,,
equivalent_fit_multiple_parameters,B1_known_truth,known_truth_parameter_and_coupling_recovery,synthetic,10000,20260920.0,hard_ot,iot-benchmark-0.1.0,coefficient_cosine,-0.44357625490468,success,0.1108207000002039,,,
shared_plus_context_offset,B1_known_truth,known_truth_parameter_and_coupling_recovery,synthetic,400,20260916.0,soft_iot,iot-benchmark-0.1.0,coefficient_cosine,0.983878363311385,success,1.1123382999999194,,,
shared_plus_context_offset,B1_known_truth,known_truth_parameter_and_coupling_recovery,synthetic,400,20260916.0,hard_ot,iot-benchmark-0.1.0,coefficient_cosine,0.774355873752146,success,0.1654218999997283,,,
shared_plus_context_offset,B1_known_truth,known_truth_parameter_and_coupling_recovery,synthetic,400,20260917.0,soft_iot,iot-benchmark-0.1.0,coefficient_cosine,0.96230632166459,success,1.1023595999999998,,,
shared_plus_context_offset,B1_known_truth,known_truth_parameter_and_coupling_recovery,synthetic,400,20260917.0,hard_ot,iot-benchmark-0.1.0,coefficient_cosine,0.6050969771079389,success,0.2124383000000307,,,
shared_plus_context_offset,B1_known_truth,known_truth_parameter_and_coupling_recovery,synthetic,400,20260918.0,soft_iot,iot-benchmark-0.1.0,coefficient_cosine,0.9669640280409444,success,1.051800800000365,,,
shared_plus_context_offset,B1_known_truth,known_truth_parameter_and_coupling_recovery,synthetic,400,20260918.0,hard_ot,iot-benchmark-0.1.0,coefficient_cosine,0.4530605726931598,success,0.1991322000003492,,,
shared_plus_context_offset,B1_known_truth,known_truth_parameter_and_coupling_recovery,synthetic,400,20260919.0,soft_iot,iot-benchmark-0.1.0,coefficient_cosine,0.9446925475013228,success,1.0626346999997622,,,
shared_plus_context_offset,B1_known_truth,known_truth_parameter_and_coupling_recovery,synthetic,400,20260919.0,hard_ot,iot-benchmark-0.1.0,coefficient_cosine,-0.3092309272785552,success,0.1177881999997225,,,
shared_plus_context_offset,B1_known_truth,known_truth_parameter_and_coupling_recovery,synthetic,400,20260920.0,soft_iot,iot-benchmark-0.1.0,coefficient_cosine,0.9948654215672548,success,1.0025394999997843,,,
shared_plus_context_offset,B1_known_truth,known_truth_parameter_and_coupling_recovery,synthetic,400,20260920.0,hard_ot,iot-benchmark-0.1.0,coefficient_cosine,0.2557131357030778,success,0.1008627999999589,,,
shared_plus_context_offset,B1_known_truth,known_truth_parameter_and_coupling_recovery,synthetic,2000,20260916.0,soft_iot,iot-benchmark-0.1.0,coefficient_cosine,0.9947159533334876,success,0.9982817000000068,,,
shared_plus_context_offset,B1_known_truth,known_truth_parameter_and_coupling_recovery,synthetic,2000,20260916.0,hard_ot,iot-benchmark-0.1.0,coefficient_cosine,0.663379793073201,success,0.1455492000000049,,,
shared_plus_context_offset,B1_known_truth,known_truth_parameter_and_coupling_recovery,synthetic,2000,20260917.0,soft_iot,iot-benchmark-0.1.0,coefficient_cosine,0.9940173153758532,success,1.02074599999969,,,
shared_plus_context_offset,B1_known_truth,known_truth_parameter_and_coupling_recovery,synthetic,2000,20260917.0,hard_ot,iot-benchmark-0.1.0,coefficient_cosine,0.0340950528890312,success,0.1568135000002257,,,
shared_plus_context_offset,B1_known_truth,known_truth_parameter_and_coupling_recovery,synthetic,2000,20260918.0,soft_iot,iot-benchmark-0.1.0,coefficient_cosine,0.9869180104974438,success,0.8786196999999447,,,
shared_plus_context_offset,B1_known_truth,known_truth_parameter_and_coupling_recovery,synthetic,2000,20260918.0,hard_ot,iot-benchmark-0.1.0,coefficient_cosine,-0.0701477080561162,success,0.1371281000001545,,,
shared_plus_context_offset,B1_known_truth,known_truth_parameter_and_coupling_recovery,synthetic,2000,20260919.0,soft_iot,iot-benchmark-0.1.0,coefficient_cosine,0.991196724280534,success,1.0219849000000067,,,
shared_plus_context_offset,B1_known_truth,known_truth_parameter_and_coupling_recovery,synthetic,2000,20260919.0,hard_ot,iot-benchmark-0.1.0,coefficient_cosine,-0.3528420535419301,success,0.1076626999997643,,,
shared_plus_context_offset,B1_known_truth,known_truth_parameter_and_coupling_recovery,synthetic,2000,20260920.0,soft_iot,iot-benchmark-0.1.0,coefficient_cosine,0.9956360081988342,success,0.9431463000000804,,,
shared_plus_context_offset,B1_known_truth,known_truth_parameter_and_coupling_recovery,synthetic,2000,20260920.0,hard_ot,iot-benchmark-0.1.0,coefficient_cosine,-0.0498502101016429,success,0.085291600000346,,,
shared_plus_context_offset,B1_known_truth,known_truth_parameter_and_coupling_recovery,synthetic,10000,20260916.0,soft_iot,iot-benchmark-0.1.0,coefficient_cosine,0.9886918705817698,success,0.9935421999998651,,,
shared_plus_context_offset,B1_known_truth,known_truth_parameter_and_coupling_recovery,synthetic,10000,20260916.0,hard_ot,iot-benchmark-0.1.0,coefficient_cosine,0.3143560047441472,success,0.1351744000003236,,,
shared_plus_context_offset,B1_known_truth,known_truth_parameter_and_coupling_recovery,synthetic,10000,20260917.0,soft_iot,iot-benchmark-0.1.0,coefficient_cosine,0.9912723253419724,success,0.963337700000011,,,
shared_plus_context_offset,B1_known_truth,known_truth_parameter_and_coupling_recovery,synthetic,10000,20260917.0,hard_ot,iot-benchmark-0.1.0,coefficient_cosine,0.0229061740865776,success,0.1563703000001624,,,
shared_plus_context_offset,B1_known_truth,known_truth_parameter_and_coupling_recovery,synthetic,10000,20260918.0,soft_iot,iot-benchmark-0.1.0,coefficient_cosine,0.9867369147137156,success,0.9668118999998114,,,
shared_plus_context_offset,B1_known_truth,known_truth_parameter_and_coupling_recovery,synthetic,10000,20260918.0,hard_ot,iot-benchmark-0.1.0,coefficient_cosine,0.5671697964903925,success,0.1507541000000856,,,
shared_plus_context_offset,B1_known_truth,known_truth_parameter_and_coupling_recovery,synthetic,10000,20260919.0,soft_iot,iot-benchmark-0.1.0,coefficient_cosine,0.9936065125452672,success,1.0804274999995869,,,
shared_plus_context_offset,B1_known_truth,known_truth_parameter_and_coupling_recovery,synthetic,10000,20260919.0,hard_ot,iot-benchmark-0.1.0,coefficient_cosine,0.8854736399930558,success,0.0913902999996025,,,
shared_plus_context_offset,B1_known_truth,known_truth_parameter_and_coupling_recovery,synthetic,10000,20260920.0,soft_iot,iot-benchmark-0.1.0,coefficient_cosine,0.9950878219702546,success,1.0419104000002335,,,
shared_plus_context_offset,B1_known_truth,known_truth_parameter_and_coupling_recovery,synthetic,10000,20260920.0,hard_ot,iot-benchmark-0.1.0,coefficient_cosine,0.5708800265730167,success,0.0908484999999927,,,
observation_noise_and_dropout,B1_known_truth,known_truth_parameter_and_coupling_recovery,synthetic,400,20260916.0,soft_iot,iot-benchmark-0.1.0,coefficient_cosine,0.9967472535164869,success,1.0358581000000413,,,
observation_noise_and_dropout,B1_known_truth,known_truth_parameter_and_coupling_recovery,synthetic,400,20260916.0,hard_ot,iot-benchmark-0.1.0,coefficient_cosine,0.788320671521866,success,0.1563836000000265,,,
observation_noise_and_dropout,B1_known_truth,known_truth_parameter_and_coupling_recovery,synthetic,400,20260917.0,soft_iot,iot-benchmark-0.1.0,coefficient_cosine,0.9767322798458258,success,0.9919863999998596,,,
observation_noise_and_dropout,B1_known_truth,known_truth_parameter_and_coupling_recovery,synthetic,400,20260917.0,hard_ot,iot-benchmark-0.1.0,coefficient_cosine,0.3009814902726925,success,0.133145599999807,,,
observation_noise_and_dropout,B1_known_truth,known_truth_parameter_and_coupling_recovery,synthetic,400,20260918.0,soft_iot,iot-benchmark-0.1.0,coefficient_cosine,0.9951018292662792,success,1.0540828999996847,,,
observation_noise_and_dropout,B1_known_truth,known_truth_parameter_and_coupling_recovery,synthetic,400,20260918.0,hard_ot,iot-benchmark-0.1.0,coefficient_cosine,0.5522973752933453,success,0.1892931000002136,,,
observation_noise_and_dropout,B1_known_truth,known_truth_parameter_and_coupling_recovery,synthetic,400,20260919.0,soft_iot,iot-benchmark-0.1.0,coefficient_cosine,0.9759492051878528,success,1.068597899999986,,,
observation_noise_and_dropout,B1_known_truth,known_truth_parameter_and_coupling_recovery,synthetic,400,20260919.0,hard_ot,iot-benchmark-0.1.0,coefficient_cosine,0.2125765308847584,success,0.1380479999997987,,,
observation_noise_and_dropout,B1_known_truth,known_truth_parameter_and_coupling_recovery,synthetic,400,20260920.0,soft_iot,iot-benchmark-0.1.0,coefficient_cosine,0.9891256859744548,success,1.0296806000001195,,,
observation_noise_and_dropout,B1_known_truth,known_truth_parameter_and_coupling_recovery,synthetic,400,20260920.0,hard_ot,iot-benchmark-0.1.0,coefficient_cosine,0.2468557591401806,success,0.1098606999998992,,,
observation_noise_and_dropout,B1_known_truth,known_truth_parameter_and_coupling_recovery,synthetic,2000,20260916.0,soft_iot,iot-benchmark-0.1.0,coefficient_cosine,0.9539626078210164,success,1.0135543000001237,,,
observation_noise_and_dropout,B1_known_truth,known_truth_parameter_and_coupling_recovery,synthetic,2000,20260916.0,hard_ot,iot-benchmark-0.1.0,coefficient_cosine,0.2898920609117478,success,0.1671473999999762,,,
observation_noise_and_dropout,B1_known_truth,known_truth_parameter_and_coupling_recovery,synthetic,2000,20260917.0,soft_iot,iot-benchmark-0.1.0,coefficient_cosine,0.9829699891816968,success,1.0352265000001353,,,
observation_noise_and_dropout,B1_known_truth,known_truth_parameter_and_coupling_recovery,synthetic,2000,20260917.0,hard_ot,iot-benchmark-0.1.0,coefficient_cosine,0.0563999151773294,success,0.1598726000001988,,,
observation_noise_and_dropout,B1_known_truth,known_truth_parameter_and_coupling_recovery,synthetic,2000,20260918.0,soft_iot,iot-benchmark-0.1.0,coefficient_cosine,0.9570087202260006,success,1.039399499999945,,,
observation_noise_and_dropout,B1_known_truth,known_truth_parameter_and_coupling_recovery,synthetic,2000,20260918.0,hard_ot,iot-benchmark-0.1.0,coefficient_cosine,0.919302640081237,success,0.1720463000001473,,,
observation_noise_and_dropout,B1_known_truth,known_truth_parameter_and_coupling_recovery,synthetic,2000,20260919.0,soft_iot,iot-benchmark-0.1.0,coefficient_cosine,0.9819286242784604,success,0.999287699999968,,,
observation_noise_and_dropout,B1_known_truth,known_truth_parameter_and_coupling_recovery,synthetic,2000,20260919.0,hard_ot,iot-benchmark-0.1.0,coefficient_cosine,0.5695723813291148,success,0.1218624000002819,,,
observation_noise_and_dropout,B1_known_truth,known_truth_parameter_and_coupling_recovery,synthetic,2000,20260920.0,soft_iot,iot-benchmark-0.1.0,coefficient_cosine,0.982696784288408,success,1.0551024999999754,,,
observation_noise_and_dropout,B1_known_truth,known_truth_parameter_and_coupling_recovery,synthetic,2000,20260920.0,hard_ot,iot-benchmark-0.1.0,coefficient_cosine,-0.1019750431180877,success,0.1008802999999716,,,
observation_noise_and_dropout,B1_known_truth,known_truth_parameter_and_coupling_recovery,synthetic,10000,20260916.0,soft_iot,iot-benchmark-0.1.0,coefficient_cosine,0.9481737487714266,success,1.0065113999999085,,,
observation_noise_and_dropout,B1_known_truth,known_truth_parameter_and_coupling_recovery,synthetic,10000,20260916.0,hard_ot,iot-benchmark-0.1.0,coefficient_cosine,0.318531697740089,success,0.1825636000003214,,,
observation_noise_and_dropout,B1_known_truth,known_truth_parameter_and_coupling_recovery,synthetic,10000,20260917.0,soft_iot,iot-benchmark-0.1.0,coefficient_cosine,0.9855488641140872,success,1.1623053000002983,,,
observation_noise_and_dropout,B1_known_truth,known_truth_parameter_and_coupling_recovery,synthetic,10000,20260917.0,hard_ot,iot-benchmark-0.1.0,coefficient_cosine,0.4851799547327994,success,0.1776282999999239,,,
observation_noise_and_dropout,B1_known_truth,known_truth_parameter_and_coupling_recovery,synthetic,10000,20260918.0,soft_iot,iot-benchmark-0.1.0,coefficient_cosine,0.9904971490355312,success,0.9902772000000368,,,
observation_noise_and_dropout,B1_known_truth,known_truth_parameter_and_coupling_recovery,synthetic,10000,20260918.0,hard_ot,iot-benchmark-0.1.0,coefficient_cosine,0.5578115224001341,success,0.1657964999999421,,,
observation_noise_and_dropout,B1_known_truth,known_truth_parameter_and_coupling_recovery,synthetic,10000,20260919.0,soft_iot,iot-benchmark-0.1.0,coefficient_cosine,0.980333690010186,success,1.043357399999877,,,
observation_noise_and_dropout,B1_known_truth,known_truth_parameter_and_coupling_recovery,synthetic,10000,20260919.0,hard_ot,iot-benchmark-0.1.0,coefficient_cosine,0.5659673141968419,success,0.1143796999999722,,,
observation_noise_and_dropout,B1_known_truth,known_truth_parameter_and_coupling_recovery,synthetic,10000,20260920.0,soft_iot,iot-benchmark-0.1.0,coefficient_cosine,0.9776783571805892,success,1.035367099999803,,,
observation_noise_and_dropout,B1_known_truth,known_truth_parameter_and_coupling_recovery,synthetic,10000,20260920.0,hard_ot,iot-benchmark-0.1.0,coefficient_cosine,-0.0078934015798952,success,0.1046404999997321,,,
nonlinear_or_hidden_confounding_misspecification,B1_known_truth,known_truth_parameter_and_coupling_recovery,synthetic,400,20260916.0,soft_iot,iot-benchmark-0.1.0,coefficient_cosine,0.8966584726140575,success,1.336510399999952,,,
nonlinear_or_hidden_confounding_misspecification,B1_known_truth,known_truth_parameter_and_coupling_recovery,synthetic,400,20260916.0,hard_ot,iot-benchmark-0.1.0,coefficient_cosine,0.6720125262978333,success,0.2024116000002322,,,
nonlinear_or_hidden_confounding_misspecification,B1_known_truth,known_truth_parameter_and_coupling_recovery,synthetic,400,20260917.0,soft_iot,iot-benchmark-0.1.0,coefficient_cosine,0.8289730472803564,success,1.113893200000348,,,
nonlinear_or_hidden_confounding_misspecification,B1_known_truth,known_truth_parameter_and_coupling_recovery,synthetic,400,20260917.0,hard_ot,iot-benchmark-0.1.0,coefficient_cosine,0.5798326502004336,success,0.2007628999999724,,,
nonlinear_or_hidden_confounding_misspecification,B1_known_truth,known_truth_parameter_and_coupling_recovery,synthetic,400,20260918.0,soft_iot,iot-benchmark-0.1.0,coefficient_cosine,0.9544044316458592,success,1.1119886000001316,,,
nonlinear_or_hidden_confounding_misspecification,B1_known_truth,known_truth_parameter_and_coupling_recovery,synthetic,400,20260918.0,hard_ot,iot-benchmark-0.1.0,coefficient_cosine,0.0170810173016286,success,0.2208121999997274,,,
nonlinear_or_hidden_confounding_misspecification,B1_known_truth,known_truth_parameter_and_coupling_recovery,synthetic,400,20260919.0,soft_iot,iot-benchmark-0.1.0,coefficient_cosine,0.9554574627723031,success,1.0350179000001845,,,
nonlinear_or_hidden_confounding_misspecification,B1_known_truth,known_truth_parameter_and_coupling_recovery,synthetic,400,20260919.0,hard_ot,iot-benchmark-0.1.0,coefficient_cosine,0.5699760842478638,success,0.12569749999966,,,
nonlinear_or_hidden_confounding_misspecification,B1_known_truth,known_truth_parameter_and_coupling_recovery,synthetic,400,20260920.0,soft_iot,iot-benchmark-0.1.0,coefficient_cosine,0.9154458439019598,success,1.0244719000002078,,,
nonlinear_or_hidden_confounding_misspecification,B1_known_truth,known_truth_parameter_and_coupling_recovery,synthetic,400,20260920.0,hard_ot,iot-benchmark-0.1.0,coefficient_cosine,0.3087393497014509,success,0.1201066999997237,,,
nonlinear_or_hidden_confounding_misspecification,B1_known_truth,known_truth_parameter_and_coupling_recovery,synthetic,2000,20260916.0,soft_iot,iot-benchmark-0.1.0,coefficient_cosine,0.902726064130205,success,1.476230199999918,,,
nonlinear_or_hidden_confounding_misspecification,B1_known_truth,known_truth_parameter_and_coupling_recovery,synthetic,2000,20260916.0,hard_ot,iot-benchmark-0.1.0,coefficient_cosine,0.7787957164230688,success,0.2441287999999986,,,
nonlinear_or_hidden_confounding_misspecification,B1_known_truth,known_truth_parameter_and_coupling_recovery,synthetic,2000,20260917.0,soft_iot,iot-benchmark-0.1.0,coefficient_cosine,0.860660210840053,success,1.1467106999998578,,,
nonlinear_or_hidden_confounding_misspecification,B1_known_truth,known_truth_parameter_and_coupling_recovery,synthetic,2000,20260917.0,hard_ot,iot-benchmark-0.1.0,coefficient_cosine,0.3136889313382608,success,0.2061431000001903,,,
nonlinear_or_hidden_confounding_misspecification,B1_known_truth,known_truth_parameter_and_coupling_recovery,synthetic,2000,20260918.0,soft_iot,iot-benchmark-0.1.0,coefficient_cosine,0.9585627830935328,success,1.1300897999999506,,,
nonlinear_or_hidden_confounding_misspecification,B1_known_truth,known_truth_parameter_and_coupling_recovery,synthetic,2000,20260918.0,hard_ot,iot-benchmark-0.1.0,coefficient_cosine,0.9015184231185902,success,0.1995476000001872,,,
nonlinear_or_hidden_confounding_misspecification,B1_known_truth,known_truth_parameter_and_coupling_recovery,synthetic,2000,20260919.0,soft_iot,iot-benchmark-0.1.0,coefficient_cosine,0.9604787581213314,success,1.08436329999995,,,
nonlinear_or_hidden_confounding_misspecification,B1_known_truth,known_truth_parameter_and_coupling_recovery,synthetic,2000,20260919.0,hard_ot,iot-benchmark-0.1.0,coefficient_cosine,-0.2823761639212537,success,0.1443789999998443,,,
nonlinear_or_hidden_confounding_misspecification,B1_known_truth,known_truth_parameter_and_coupling_recovery,synthetic,2000,20260920.0,soft_iot,iot-benchmark-0.1.0,coefficient_cosine,0.9233885887604308,success,0.9798384000000624,,,
nonlinear_or_hidden_confounding_misspecification,B1_known_truth,known_truth_parameter_and_coupling_recovery,synthetic,2000,20260920.0,hard_ot,iot-benchmark-0.1.0,coefficient_cosine,0.5562364773440662,success,0.1209948999999142,,,
nonlinear_or_hidden_confounding_misspecification,B1_known_truth,known_truth_parameter_and_coupling_recovery,synthetic,10000,20260916.0,soft_iot,iot-benchmark-0.1.0,coefficient_cosine,0.8845401639712659,success,1.4587419000004047,,,
nonlinear_or_hidden_confounding_misspecification,B1_known_truth,known_truth_parameter_and_coupling_recovery,synthetic,10000,20260916.0,hard_ot,iot-benchmark-0.1.0,coefficient_cosine,0.7761515004235421,success,0.2454908999998224,,,
nonlinear_or_hidden_confounding_misspecification,B1_known_truth,known_truth_parameter_and_coupling_recovery,synthetic,10000,20260917.0,soft_iot,iot-benchmark-0.1.0,coefficient_cosine,0.860745098013487,success,1.1241569000003435,,,
nonlinear_or_hidden_confounding_misspecification,B1_known_truth,known_truth_parameter_and_coupling_recovery,synthetic,10000,20260917.0,hard_ot,iot-benchmark-0.1.0,coefficient_cosine,0.4691785073556372,success,0.204494699999941,,,
nonlinear_or_hidden_confounding_misspecification,B1_known_truth,known_truth_parameter_and_coupling_recovery,synthetic,10000,20260918.0,soft_iot,iot-benchmark-0.1.0,coefficient_cosine,0.9670472557916912,success,1.1670874999999796,,,
nonlinear_or_hidden_confounding_misspecification,B1_known_truth,known_truth_parameter_and_coupling_recovery,synthetic,10000,20260918.0,hard_ot,iot-benchmark-0.1.0,coefficient_cosine,0.4742066411384317,success,0.2254143000000112,,,
nonlinear_or_hidden_confounding_misspecification,B1_known_truth,known_truth_parameter_and_coupling_recovery,synthetic,10000,20260919.0,soft_iot,iot-benchmark-0.1.0,coefficient_cosine,0.9631074454434106,success,1.1234731999998075,,,
nonlinear_or_hidden_confounding_misspecification,B1_known_truth,known_truth_parameter_and_coupling_recovery,synthetic,10000,20260919.0,hard_ot,iot-benchmark-0.1.0,coefficient_cosine,0.5707651963493476,success,0.1464865000002646,,,
nonlinear_or_hidden_confounding_misspecification,B1_known_truth,known_truth_parameter_and_coupling_recovery,synthetic,10000,20260920.0,soft_iot,iot-benchmark-0.1.0,coefficient_cosine,0.9334519539857776,success,1.0709382000000005,,,
nonlinear_or_hidden_confounding_misspecification,B1_known_truth,known_truth_parameter_and_coupling_recovery,synthetic,10000,20260920.0,hard_ot,iot-benchmark-0.1.0,coefficient_cosine,0.1617063351267477,success,0.1322454999999536,,,
identifiable_soft_marginal,B1_known_truth,known_truth_parameter_and_coupling_recovery,synthetic,400,20260916.0,soft_iot,iot-benchmark-0.1.0,coefficient_sign_accuracy,1.0,success,0.963803000000098,,,
identifiable_soft_marginal,B1_known_truth,known_truth_parameter_and_coupling_recovery,synthetic,400,20260916.0,hard_ot,iot-benchmark-0.1.0,coefficient_sign_accuracy,0.8333333333333334,success,0.1392136999998001,,,
identifiable_soft_marginal,B1_known_truth,known_truth_parameter_and_coupling_recovery,synthetic,400,20260917.0,soft_iot,iot-benchmark-0.1.0,coefficient_sign_accuracy,1.0,success,1.132093400000031,,,
identifiable_soft_marginal,B1_known_truth,known_truth_parameter_and_coupling_recovery,synthetic,400,20260917.0,hard_ot,iot-benchmark-0.1.0,coefficient_sign_accuracy,0.6666666666666666,success,0.1504667000003792,,,
identifiable_soft_marginal,B1_known_truth,known_truth_parameter_and_coupling_recovery,synthetic,400,20260918.0,soft_iot,iot-benchmark-0.1.0,coefficient_sign_accuracy,0.8333333333333334,success,1.0148684000000685,,,
identifiable_soft_marginal,B1_known_truth,known_truth_parameter_and_coupling_recovery,synthetic,400,20260918.0,hard_ot,iot-benchmark-0.1.0,coefficient_sign_accuracy,0.5,success,0.1824176000000079,,,
identifiable_soft_marginal,B1_known_truth,known_truth_parameter_and_coupling_recovery,synthetic,400,20260919.0,soft_iot,iot-benchmark-0.1.0,coefficient_sign_accuracy,1.0,success,0.96355850000009,,,
identifiable_soft_marginal,B1_known_truth,known_truth_parameter_and_coupling_recovery,synthetic,400,20260919.0,hard_ot,iot-benchmark-0.1.0,coefficient_sign_accuracy,1.0,success,0.1000410000001466,,,
identifiable_soft_marginal,B1_known_truth,known_truth_parameter_and_coupling_recovery,synthetic,400,20260920.0,soft_iot,iot-benchmark-0.1.0,coefficient_sign_accuracy,1.0,success,0.8907831000001352,,,
identifiable_soft_marginal,B1_known_truth,known_truth_parameter_and_coupling_recovery,synthetic,400,20260920.0,hard_ot,iot-benchmark-0.1.0,coefficient_sign_accuracy,1.0,success,0.1080259000000296,,,
identifiable_soft_marginal,B1_known_truth,known_truth_parameter_and_coupling_recovery,synthetic,2000,20260916.0,soft_iot,iot-benchmark-0.1.0,coefficient_sign_accuracy,1.0,success,1.0275094999997236,,,
identifiable_soft_marginal,B1_known_truth,known_truth_parameter_and_coupling_recovery,synthetic,2000,20260916.0,hard_ot,iot-benchmark-0.1.0,coefficient_sign_accuracy,0.6666666666666666,success,0.1905112999997982,,,
identifiable_soft_marginal,B1_known_truth,known_truth_parameter_and_coupling_recovery,synthetic,2000,20260917.0,soft_iot,iot-benchmark-0.1.0,coefficient_sign_accuracy,1.0,success,1.0609501000003547,,,
identifiable_soft_marginal,B1_known_truth,known_truth_parameter_and_coupling_recovery,synthetic,2000,20260917.0,hard_ot,iot-benchmark-0.1.0,coefficient_sign_accuracy,0.6666666666666666,success,0.1462578999999095,,,
identifiable_soft_marginal,B1_known_truth,known_truth_parameter_and_coupling_recovery,synthetic,2000,20260918.0,soft_iot,iot-benchmark-0.1.0,coefficient_sign_accuracy,1.0,success,0.9338363000001664,,,
identifiable_soft_marginal,B1_known_truth,known_truth_parameter_and_coupling_recovery,synthetic,2000,20260918.0,hard_ot,iot-benchmark-0.1.0,coefficient_sign_accuracy,0.5,success,0.1552415999999539,,,
identifiable_soft_marginal,B1_known_truth,known_truth_parameter_and_coupling_recovery,synthetic,2000,20260919.0,soft_iot,iot-benchmark-0.1.0,coefficient_sign_accuracy,1.0,success,1.0084128000003147,,,
identifiable_soft_marginal,B1_known_truth,known_truth_parameter_and_coupling_recovery,synthetic,2000,20260919.0,hard_ot,iot-benchmark-0.1.0,coefficient_sign_accuracy,0.3333333333333333,success,0.0984231999996154,,,
identifiable_soft_marginal,B1_known_truth,known_truth_parameter_and_coupling_recovery,synthetic,2000,20260920.0,soft_iot,iot-benchmark-0.1.0,coefficient_sign_accuracy,1.0,success,0.8803312000000005,,,
identifiable_soft_marginal,B1_known_truth,known_truth_parameter_and_coupling_recovery,synthetic,2000,20260920.0,hard_ot,iot-benchmark-0.1.0,coefficient_sign_accuracy,0.6666666666666666,success,0.0869949999996606,,,
identifiable_soft_marginal,B1_known_truth,known_truth_parameter_and_coupling_recovery,synthetic,10000,20260916.0,soft_iot,iot-benchmark-0.1.0,coefficient_sign_accuracy,1.0,success,0.945737800000188,,,
identifiable_soft_marginal,B1_known_truth,known_truth_parameter_and_coupling_recovery,synthetic,10000,20260916.0,hard_ot,iot-benchmark-0.1.0,coefficient_sign_accuracy,0.6666666666666666,success,0.1422238999998626,,,
identifiable_soft_marginal,B1_known_truth,known_truth_parameter_and_coupling_recovery,synthetic,10000,20260917.0,soft_iot,iot-benchmark-0.1.0,coefficient_sign_accuracy,1.0,success,0.9946180000001732,,,
identifiable_soft_marginal,B1_known_truth,known_truth_parameter_and_coupling_recovery,synthetic,10000,20260917.0,hard_ot,iot-benchmark-0.1.0,coefficient_sign_accuracy,0.5,success,0.1672464999996918,,,
identifiable_soft_marginal,B1_known_truth,known_truth_parameter_and_coupling_recovery,synthetic,10000,20260918.0,soft_iot,iot-benchmark-0.1.0,coefficient_sign_accuracy,1.0,success,0.9884000000001834,,,
identifiable_soft_marginal,B1_known_truth,known_truth_parameter_and_coupling_recovery,synthetic,10000,20260918.0,hard_ot,iot-benchmark-0.1.0,coefficient_sign_accuracy,0.5,success,0.1465640000001258,,,
identifiable_soft_marginal,B1_known_truth,known_truth_parameter_and_coupling_recovery,synthetic,10000,20260919.0,soft_iot,iot-benchmark-0.1.0,coefficient_sign_accuracy,1.0,success,1.016133500000251,,,
identifiable_soft_marginal,B1_known_truth,known_truth_parameter_and_coupling_recovery,synthetic,10000,20260919.0,hard_ot,iot-benchmark-0.1.0,coefficient_sign_accuracy,0.6666666666666666,success,0.1013747000001785,,,
identifiable_soft_marginal,B1_known_truth,known_truth_parameter_and_coupling_recovery,synthetic,10000,20260920.0,soft_iot,iot-benchmark-0.1.0,coefficient_sign_accuracy,1.0,success,0.9297907999998642,,,
identifiable_soft_marginal,B1_known_truth,known_truth_parameter_and_coupling_recovery,synthetic,10000,20260920.0,hard_ot,iot-benchmark-0.1.0,coefficient_sign_accuracy,1.0,success,0.0945558999997047,,,
hard_marginal_flat_direction,B1_known_truth,known_truth_parameter_and_coupling_recovery,synthetic,400,20260916.0,soft_iot,iot-benchmark-0.1.0,coefficient_sign_accuracy,1.0,success,1.5232843999997383,,,
hard_marginal_flat_direction,B1_known_truth,known_truth_parameter_and_coupling_recovery,synthetic,400,20260916.0,hard_ot,iot-benchmark-0.1.0,coefficient_sign_accuracy,0.8333333333333334,success,0.2748335000001134,,,
hard_marginal_flat_direction,B1_known_truth,known_truth_parameter_and_coupling_recovery,synthetic,400,20260917.0,soft_iot,iot-benchmark-0.1.0,coefficient_sign_accuracy,1.0,success,1.5501485000004325,,,
hard_marginal_flat_direction,B1_known_truth,known_truth_parameter_and_coupling_recovery,synthetic,400,20260917.0,hard_ot,iot-benchmark-0.1.0,coefficient_sign_accuracy,0.6666666666666666,success,0.2171367000000827,,,
hard_marginal_flat_direction,B1_known_truth,known_truth_parameter_and_coupling_recovery,synthetic,400,20260918.0,soft_iot,iot-benchmark-0.1.0,coefficient_sign_accuracy,0.8333333333333334,success,1.3613313000000744,,,
hard_marginal_flat_direction,B1_known_truth,known_truth_parameter_and_coupling_recovery,synthetic,400,20260918.0,hard_ot,iot-benchmark-0.1.0,coefficient_sign_accuracy,0.5,success,0.2224190000001726,,,
hard_marginal_flat_direction,B1_known_truth,known_truth_parameter_and_coupling_recovery,synthetic,400,20260919.0,soft_iot,iot-benchmark-0.1.0,coefficient_sign_accuracy,1.0,success,1.1765565000000606,,,
hard_marginal_flat_direction,B1_known_truth,known_truth_parameter_and_coupling_recovery,synthetic,400,20260919.0,hard_ot,iot-benchmark-0.1.0,coefficient_sign_accuracy,1.0,success,0.1316170000000056,,,
hard_marginal_flat_direction,B1_known_truth,known_truth_parameter_and_coupling_recovery,synthetic,400,20260920.0,soft_iot,iot-benchmark-0.1.0,coefficient_sign_accuracy,1.0,success,1.1393797000000632,,,
hard_marginal_flat_direction,B1_known_truth,known_truth_parameter_and_coupling_recovery,synthetic,400,20260920.0,hard_ot,iot-benchmark-0.1.0,coefficient_sign_accuracy,1.0,success,0.1126588000001902,,,
hard_marginal_flat_direction,B1_known_truth,known_truth_parameter_and_coupling_recovery,synthetic,2000,20260916.0,soft_iot,iot-benchmark-0.1.0,coefficient_sign_accuracy,1.0,success,1.1556378999998742,,,
hard_marginal_flat_direction,B1_known_truth,known_truth_parameter_and_coupling_recovery,synthetic,2000,20260916.0,hard_ot,iot-benchmark-0.1.0,coefficient_sign_accuracy,0.6666666666666666,success,0.1678867000000536,,,
hard_marginal_flat_direction,B1_known_truth,known_truth_parameter_and_coupling_recovery,synthetic,2000,20260917.0,soft_iot,iot-benchmark-0.1.0,coefficient_sign_accuracy,1.0,success,1.0604648999997153,,,
hard_marginal_flat_direction,B1_known_truth,known_truth_parameter_and_coupling_recovery,synthetic,2000,20260917.0,hard_ot,iot-benchmark-0.1.0,coefficient_sign_accuracy,0.6666666666666666,success,0.1387133999996876,,,
hard_marginal_flat_direction,B1_known_truth,known_truth_parameter_and_coupling_recovery,synthetic,2000,20260918.0,soft_iot,iot-benchmark-0.1.0,coefficient_sign_accuracy,1.0,success,1.0904113000001416,,,
hard_marginal_flat_direction,B1_known_truth,known_truth_parameter_and_coupling_recovery,synthetic,2000,20260918.0,hard_ot,iot-benchmark-0.1.0,coefficient_sign_accuracy,0.5,success,0.160927299999912,,,
hard_marginal_flat_direction,B1_known_truth,known_truth_parameter_and_coupling_recovery,synthetic,2000,20260919.0,soft_iot,iot-benchmark-0.1.0,coefficient_sign_accuracy,1.0,success,0.972682700000405,,,
hard_marginal_flat_direction,B1_known_truth,known_truth_parameter_and_coupling_recovery,synthetic,2000,20260919.0,hard_ot,iot-benchmark-0.1.0,coefficient_sign_accuracy,0.3333333333333333,success,0.1193326000002343,,,
hard_marginal_flat_direction,B1_known_truth,known_truth_parameter_and_coupling_recovery,synthetic,2000,20260920.0,soft_iot,iot-benchmark-0.1.0,coefficient_sign_accuracy,1.0,success,1.0363537000002907,,,
hard_marginal_flat_direction,B1_known_truth,known_truth_parameter_and_coupling_recovery,synthetic,2000,20260920.0,hard_ot,iot-benchmark-0.1.0,coefficient_sign_accuracy,0.6666666666666666,success,0.0963798000002498,,,
hard_marginal_flat_direction,B1_known_truth,known_truth_parameter_and_coupling_recovery,synthetic,10000,20260916.0,soft_iot,iot-benchmark-0.1.0,coefficient_sign_accuracy,1.0,success,0.9835258000002796,,,
hard_marginal_flat_direction,B1_known_truth,known_truth_parameter_and_coupling_recovery,synthetic,10000,20260916.0,hard_ot,iot-benchmark-0.1.0,coefficient_sign_accuracy,0.6666666666666666,success,0.1285948999998254,,,
hard_marginal_flat_direction,B1_known_truth,known_truth_parameter_and_coupling_recovery,synthetic,10000,20260917.0,soft_iot,iot-benchmark-0.1.0,coefficient_sign_accuracy,1.0,success,1.0423848000000362,,,
hard_marginal_flat_direction,B1_known_truth,known_truth_parameter_and_coupling_recovery,synthetic,10000,20260917.0,hard_ot,iot-benchmark-0.1.0,coefficient_sign_accuracy,0.5,success,0.1711081999997077,,,
hard_marginal_flat_direction,B1_known_truth,known_truth_parameter_and_coupling_recovery,synthetic,10000,20260918.0,soft_iot,iot-benchmark-0.1.0,coefficient_sign_accuracy,1.0,success,1.0388536000000386,,,
hard_marginal_flat_direction,B1_known_truth,known_truth_parameter_and_coupling_recovery,synthetic,10000,20260918.0,hard_ot,iot-benchmark-0.1.0,coefficient_sign_accuracy,0.5,success,0.159653299999718,,,
hard_marginal_flat_direction,B1_known_truth,known_truth_parameter_and_coupling_recovery,synthetic,10000,20260919.0,soft_iot,iot-benchmark-0.1.0,coefficient_sign_accuracy,1.0,success,1.0565594999998211,,,
hard_marginal_flat_direction,B1_known_truth,known_truth_parameter_and_coupling_recovery,synthetic,10000,20260919.0,hard_ot,iot-benchmark-0.1.0,coefficient_sign_accuracy,0.6666666666666666,success,0.1007915999998658,,,
hard_marginal_flat_direction,B1_known_truth,known_truth_parameter_and_coupling_recovery,synthetic,10000,20260920.0,soft_iot,iot-benchmark-0.1.0,coefficient_sign_accuracy,1.0,success,0.9896129000003384,,,
hard_marginal_flat_direction,B1_known_truth,known_truth_parameter_and_coupling_recovery,synthetic,10000,20260920.0,hard_ot,iot-benchmark-0.1.0,coefficient_sign_accuracy,1.0,success,0.1319333000001279,,,
equivalent_fit_multiple_parameters,B1_known_truth,known_truth_parameter_and_coupling_recovery,synthetic,400,20260916.0,soft_iot,iot-benchmark-0.1.0,coefficient_sign_accuracy,1.0,success,1.07515420000027,,,
equivalent_fit_multiple_parameters,B1_known_truth,known_truth_parameter_and_coupling_recovery,synthetic,400,20260916.0,hard_ot,iot-benchmark-0.1.0,coefficient_sign_accuracy,0.5,success,0.0828166999999666,,,
equivalent_fit_multiple_parameters,B1_known_truth,known_truth_parameter_and_coupling_recovery,synthetic,400,20260917.0,soft_iot,iot-benchmark-0.1.0,coefficient_sign_accuracy,1.0,success,0.9713815000000068,,,
equivalent_fit_multiple_parameters,B1_known_truth,known_truth_parameter_and_coupling_recovery,synthetic,400,20260917.0,hard_ot,iot-benchmark-0.1.0,coefficient_sign_accuracy,0.5,success,0.1086900999998761,,,
equivalent_fit_multiple_parameters,B1_known_truth,known_truth_parameter_and_coupling_recovery,synthetic,400,20260918.0,soft_iot,iot-benchmark-0.1.0,coefficient_sign_accuracy,0.75,success,0.8395845000000008,,,
equivalent_fit_multiple_parameters,B1_known_truth,known_truth_parameter_and_coupling_recovery,synthetic,400,20260918.0,hard_ot,iot-benchmark-0.1.0,coefficient_sign_accuracy,1.0,success,0.0948812999999972,,,
equivalent_fit_multiple_parameters,B1_known_truth,known_truth_parameter_and_coupling_recovery,synthetic,400,20260919.0,soft_iot,iot-benchmark-0.1.0,coefficient_sign_accuracy,1.0,success,1.1241503999999622,,,
equivalent_fit_multiple_parameters,B1_known_truth,known_truth_parameter_and_coupling_recovery,synthetic,400,20260919.0,hard_ot,iot-benchmark-0.1.0,coefficient_sign_accuracy,1.0,success,0.1172025000000758,,,
equivalent_fit_multiple_parameters,B1_known_truth,known_truth_parameter_and_coupling_recovery,synthetic,400,20260920.0,soft_iot,iot-benchmark-0.1.0,coefficient_sign_accuracy,1.0,success,1.0202758999998878,,,
equivalent_fit_multiple_parameters,B1_known_truth,known_truth_parameter_and_coupling_recovery,synthetic,400,20260920.0,hard_ot,iot-benchmark-0.1.0,coefficient_sign_accuracy,1.0,success,0.1098799000001236,,,
equivalent_fit_multiple_parameters,B1_known_truth,known_truth_parameter_and_coupling_recovery,synthetic,2000,20260916.0,soft_iot,iot-benchmark-0.1.0,coefficient_sign_accuracy,1.0,success,1.0049973999998656,,,
equivalent_fit_multiple_parameters,B1_known_truth,known_truth_parameter_and_coupling_recovery,synthetic,2000,20260916.0,hard_ot,iot-benchmark-0.1.0,coefficient_sign_accuracy,0.75,success,0.1029505999999855,,,
equivalent_fit_multiple_parameters,B1_known_truth,known_truth_parameter_and_coupling_recovery,synthetic,2000,20260917.0,soft_iot,iot-benchmark-0.1.0,coefficient_sign_accuracy,1.0,success,1.0348675000000185,,,
equivalent_fit_multiple_parameters,B1_known_truth,known_truth_parameter_and_coupling_recovery,synthetic,2000,20260917.0,hard_ot,iot-benchmark-0.1.0,coefficient_sign_accuracy,0.5,success,0.1132460000003448,,,
equivalent_fit_multiple_parameters,B1_known_truth,known_truth_parameter_and_coupling_recovery,synthetic,2000,20260918.0,soft_iot,iot-benchmark-0.1.0,coefficient_sign_accuracy,1.0,success,0.920255100000304,,,
equivalent_fit_multiple_parameters,B1_known_truth,known_truth_parameter_and_coupling_recovery,synthetic,2000,20260918.0,hard_ot,iot-benchmark-0.1.0,coefficient_sign_accuracy,0.25,success,0.0879520999997112,,,
equivalent_fit_multiple_parameters,B1_known_truth,known_truth_parameter_and_coupling_recovery,synthetic,2000,20260919.0,soft_iot,iot-benchmark-0.1.0,coefficient_sign_accuracy,1.0,success,1.1910577000003286,,,
equivalent_fit_multiple_parameters,B1_known_truth,known_truth_parameter_and_coupling_recovery,synthetic,2000,20260919.0,hard_ot,iot-benchmark-0.1.0,coefficient_sign_accuracy,0.5,success,0.122143799999776,,,
equivalent_fit_multiple_parameters,B1_known_truth,known_truth_parameter_and_coupling_recovery,synthetic,2000,20260920.0,soft_iot,iot-benchmark-0.1.0,coefficient_sign_accuracy,1.0,success,0.9830117999999856,,,
equivalent_fit_multiple_parameters,B1_known_truth,known_truth_parameter_and_coupling_recovery,synthetic,2000,20260920.0,hard_ot,iot-benchmark-0.1.0,coefficient_sign_accuracy,0.25,success,0.0942646000003151,,,
equivalent_fit_multiple_parameters,B1_known_truth,known_truth_parameter_and_coupling_recovery,synthetic,10000,20260916.0,soft_iot,iot-benchmark-0.1.0,coefficient_sign_accuracy,1.0,success,0.9429312000002028,,,
equivalent_fit_multiple_parameters,B1_known_truth,known_truth_parameter_and_coupling_recovery,synthetic,10000,20260916.0,hard_ot,iot-benchmark-0.1.0,coefficient_sign_accuracy,0.75,success,0.0865029000001413,,,
equivalent_fit_multiple_parameters,B1_known_truth,known_truth_parameter_and_coupling_recovery,synthetic,10000,20260917.0,soft_iot,iot-benchmark-0.1.0,coefficient_sign_accuracy,1.0,success,0.9786874000001262,,,
equivalent_fit_multiple_parameters,B1_known_truth,known_truth_parameter_and_coupling_recovery,synthetic,10000,20260917.0,hard_ot,iot-benchmark-0.1.0,coefficient_sign_accuracy,0.5,success,0.1116302999998879,,,
equivalent_fit_multiple_parameters,B1_known_truth,known_truth_parameter_and_coupling_recovery,synthetic,10000,20260918.0,soft_iot,iot-benchmark-0.1.0,coefficient_sign_accuracy,1.0,success,0.8395958000000974,,,
equivalent_fit_multiple_parameters,B1_known_truth,known_truth_parameter_and_coupling_recovery,synthetic,10000,20260918.0,hard_ot,iot-benchmark-0.1.0,coefficient_sign_accuracy,0.25,success,0.0872058999998444,,,
equivalent_fit_multiple_parameters,B1_known_truth,known_truth_parameter_and_coupling_recovery,synthetic,10000,20260919.0,soft_iot,iot-benchmark-0.1.0,coefficient_sign_accuracy,1.0,success,1.0072248999999829,,,
equivalent_fit_multiple_parameters,B1_known_truth,known_truth_parameter_and_coupling_recovery,synthetic,10000,20260919.0,hard_ot,iot-benchmark-0.1.0,coefficient_sign_accuracy,0.0,success,0.1041626000001088,,,
equivalent_fit_multiple_parameters,B1_known_truth,known_truth_parameter_and_coupling_recovery,synthetic,10000,20260920.0,soft_iot,iot-benchmark-0.1.0,coefficient_sign_accuracy,1.0,success,1.184292199999618,,,
equivalent_fit_multiple_parameters,B1_known_truth,known_truth_parameter_and_coupling_recovery,synthetic,10000,20260920.0,hard_ot,iot-benchmark-0.1.0,coefficient_sign_accuracy,0.25,success,0.1108207000002039,,,
shared_plus_context_offset,B1_known_truth,known_truth_parameter_and_coupling_recovery,synthetic,400,20260916.0,soft_iot,iot-benchmark-0.1.0,coefficient_sign_accuracy,1.0,success,1.1123382999999194,,,
shared_plus_context_offset,B1_known_truth,known_truth_parameter_and_coupling_recovery,synthetic,400,20260916.0,hard_ot,iot-benchmark-0.1.0,coefficient_sign_accuracy,0.8333333333333334,success,0.1654218999997283,,,
shared_plus_context_offset,B1_known_truth,known_truth_parameter_and_coupling_recovery,synthetic,400,20260917.0,soft_iot,iot-benchmark-0.1.0,coefficient_sign_accuracy,1.0,success,1.1023595999999998,,,
shared_plus_context_offset,B1_known_truth,known_truth_parameter_and_coupling_recovery,synthetic,400,20260917.0,hard_ot,iot-benchmark-0.1.0,coefficient_sign_accuracy,0.6666666666666666,success,0.2124383000000307,,,
shared_plus_context_offset,B1_known_truth,known_truth_parameter_and_coupling_recovery,synthetic,400,20260918.0,soft_iot,iot-benchmark-0.1.0,coefficient_sign_accuracy,0.8333333333333334,success,1.051800800000365,,,
shared_plus_context_offset,B1_known_truth,known_truth_parameter_and_coupling_recovery,synthetic,400,20260918.0,hard_ot,iot-benchmark-0.1.0,coefficient_sign_accuracy,0.5,success,0.1991322000003492,,,
shared_plus_context_offset,B1_known_truth,known_truth_parameter_and_coupling_recovery,synthetic,400,20260919.0,soft_iot,iot-benchmark-0.1.0,coefficient_sign_accuracy,1.0,success,1.0626346999997622,,,
shared_plus_context_offset,B1_known_truth,known_truth_parameter_and_coupling_recovery,synthetic,400,20260919.0,hard_ot,iot-benchmark-0.1.0,coefficient_sign_accuracy,0.3333333333333333,success,0.1177881999997225,,,
shared_plus_context_offset,B1_known_truth,known_truth_parameter_and_coupling_recovery,synthetic,400,20260920.0,soft_iot,iot-benchmark-0.1.0,coefficient_sign_accuracy,1.0,success,1.0025394999997843,,,
shared_plus_context_offset,B1_known_truth,known_truth_parameter_and_coupling_recovery,synthetic,400,20260920.0,hard_ot,iot-benchmark-0.1.0,coefficient_sign_accuracy,0.8333333333333334,success,0.1008627999999589,,,
shared_plus_context_offset,B1_known_truth,known_truth_parameter_and_coupling_recovery,synthetic,2000,20260916.0,soft_iot,iot-benchmark-0.1.0,coefficient_sign_accuracy,1.0,success,0.9982817000000068,,,
shared_plus_context_offset,B1_known_truth,known_truth_parameter_and_coupling_recovery,synthetic,2000,20260916.0,hard_ot,iot-benchmark-0.1.0,coefficient_sign_accuracy,0.6666666666666666,success,0.1455492000000049,,,
shared_plus_context_offset,B1_known_truth,known_truth_parameter_and_coupling_recovery,synthetic,2000,20260917.0,soft_iot,iot-benchmark-0.1.0,coefficient_sign_accuracy,1.0,success,1.02074599999969,,,
shared_plus_context_offset,B1_known_truth,known_truth_parameter_and_coupling_recovery,synthetic,2000,20260917.0,hard_ot,iot-benchmark-0.1.0,coefficient_sign_accuracy,0.5,success,0.1568135000002257,,,
shared_plus_context_offset,B1_known_truth,known_truth_parameter_and_coupling_recovery,synthetic,2000,20260918.0,soft_iot,iot-benchmark-0.1.0,coefficient_sign_accuracy,1.0,success,0.8786196999999447,,,
shared_plus_context_offset,B1_known_truth,known_truth_parameter_and_coupling_recovery,synthetic,2000,20260918.0,hard_ot,iot-benchmark-0.1.0,coefficient_sign_accuracy,0.5,success,0.1371281000001545,,,
shared_plus_context_offset,B1_known_truth,known_truth_parameter_and_coupling_recovery,synthetic,2000,20260919.0,soft_iot,iot-benchmark-0.1.0,coefficient_sign_accuracy,1.0,success,1.0219849000000067,,,
shared_plus_context_offset,B1_known_truth,known_truth_parameter_and_coupling_recovery,synthetic,2000,20260919.0,hard_ot,iot-benchmark-0.1.0,coefficient_sign_accuracy,0.3333333333333333,success,0.1076626999997643,,,
shared_plus_context_offset,B1_known_truth,known_truth_parameter_and_coupling_recovery,synthetic,2000,20260920.0,soft_iot,iot-benchmark-0.1.0,coefficient_sign_accuracy,1.0,success,0.9431463000000804,,,
shared_plus_context_offset,B1_known_truth,known_truth_parameter_and_coupling_recovery,synthetic,2000,20260920.0,hard_ot,iot-benchmark-0.1.0,coefficient_sign_accuracy,0.6666666666666666,success,0.085291600000346,,,
shared_plus_context_offset,B1_known_truth,known_truth_parameter_and_coupling_recovery,synthetic,10000,20260916.0,soft_iot,iot-benchmark-0.1.0,coefficient_sign_accuracy,1.0,success,0.9935421999998651,,,
shared_plus_context_offset,B1_known_truth,known_truth_parameter_and_coupling_recovery,synthetic,10000,20260916.0,hard_ot,iot-benchmark-0.1.0,coefficient_sign_accuracy,0.6666666666666666,success,0.1351744000003236,,,
shared_plus_context_offset,B1_known_truth,known_truth_parameter_and_coupling_recovery,synthetic,10000,20260917.0,soft_iot,iot-benchmark-0.1.0,coefficient_sign_accuracy,1.0,success,0.963337700000011,,,
shared_plus_context_offset,B1_known_truth,known_truth_parameter_and_coupling_recovery,synthetic,10000,20260917.0,hard_ot,iot-benchmark-0.1.0,coefficient_sign_accuracy,0.5,success,0.1563703000001624,,,
shared_plus_context_offset,B1_known_truth,known_truth_parameter_and_coupling_recovery,synthetic,10000,20260918.0,soft_iot,iot-benchmark-0.1.0,coefficient_sign_accuracy,1.0,success,0.9668118999998114,,,
shared_plus_context_offset,B1_known_truth,known_truth_parameter_and_coupling_recovery,synthetic,10000,20260918.0,hard_ot,iot-benchmark-0.1.0,coefficient_sign_accuracy,0.6666666666666666,success,0.1507541000000856,,,
shared_plus_context_offset,B1_known_truth,known_truth_parameter_and_coupling_recovery,synthetic,10000,20260919.0,soft_iot,iot-benchmark-0.1.0,coefficient_sign_accuracy,1.0,success,1.0804274999995869,,,
shared_plus_context_offset,B1_known_truth,known_truth_parameter_and_coupling_recovery,synthetic,10000,20260919.0,hard_ot,iot-benchmark-0.1.0,coefficient_sign_accuracy,1.0,success,0.0913902999996025,,,
shared_plus_context_offset,B1_known_truth,known_truth_parameter_and_coupling_recovery,synthetic,10000,20260920.0,soft_iot,iot-benchmark-0.1.0,coefficient_sign_accuracy,1.0,success,1.0419104000002335,,,
shared_plus_context_offset,B1_known_truth,known_truth_parameter_and_coupling_recovery,synthetic,10000,20260920.0,hard_ot,iot-benchmark-0.1.0,coefficient_sign_accuracy,1.0,success,0.0908484999999927,,,
observation_noise_and_dropout,B1_known_truth,known_truth_parameter_and_coupling_recovery,synthetic,400,20260916.0,soft_iot,iot-benchmark-0.1.0,coefficient_sign_accuracy,1.0,success,1.0358581000000413,,,
observation_noise_and_dropout,B1_known_truth,known_truth_parameter_and_coupling_recovery,synthetic,400,20260916.0,hard_ot,iot-benchmark-0.1.0,coefficient_sign_accuracy,0.8333333333333334,success,0.1563836000000265,,,
observation_noise_and_dropout,B1_known_truth,known_truth_parameter_and_coupling_recovery,synthetic,400,20260917.0,soft_iot,iot-benchmark-0.1.0,coefficient_sign_accuracy,0.8333333333333334,success,0.9919863999998596,,,
observation_noise_and_dropout,B1_known_truth,known_truth_parameter_and_coupling_recovery,synthetic,400,20260917.0,hard_ot,iot-benchmark-0.1.0,coefficient_sign_accuracy,0.6666666666666666,success,0.133145599999807,,,
observation_noise_and_dropout,B1_known_truth,known_truth_parameter_and_coupling_recovery,synthetic,400,20260918.0,soft_iot,iot-benchmark-0.1.0,coefficient_sign_accuracy,0.8333333333333334,success,1.0540828999996847,,,
observation_noise_and_dropout,B1_known_truth,known_truth_parameter_and_coupling_recovery,synthetic,400,20260918.0,hard_ot,iot-benchmark-0.1.0,coefficient_sign_accuracy,0.6666666666666666,success,0.1892931000002136,,,
observation_noise_and_dropout,B1_known_truth,known_truth_parameter_and_coupling_recovery,synthetic,400,20260919.0,soft_iot,iot-benchmark-0.1.0,coefficient_sign_accuracy,1.0,success,1.068597899999986,,,
observation_noise_and_dropout,B1_known_truth,known_truth_parameter_and_coupling_recovery,synthetic,400,20260919.0,hard_ot,iot-benchmark-0.1.0,coefficient_sign_accuracy,0.6666666666666666,success,0.1380479999997987,,,
observation_noise_and_dropout,B1_known_truth,known_truth_parameter_and_coupling_recovery,synthetic,400,20260920.0,soft_iot,iot-benchmark-0.1.0,coefficient_sign_accuracy,0.8333333333333334,success,1.0296806000001195,,,
observation_noise_and_dropout,B1_known_truth,known_truth_parameter_and_coupling_recovery,synthetic,400,20260920.0,hard_ot,iot-benchmark-0.1.0,coefficient_sign_accuracy,0.8333333333333334,success,0.1098606999998992,,,
observation_noise_and_dropout,B1_known_truth,known_truth_parameter_and_coupling_recovery,synthetic,2000,20260916.0,soft_iot,iot-benchmark-0.1.0,coefficient_sign_accuracy,1.0,success,1.0135543000001237,,,
observation_noise_and_dropout,B1_known_truth,known_truth_parameter_and_coupling_recovery,synthetic,2000,20260916.0,hard_ot,iot-benchmark-0.1.0,coefficient_sign_accuracy,0.6666666666666666,success,0.1671473999999762,,,
observation_noise_and_dropout,B1_known_truth,known_truth_parameter_and_coupling_recovery,synthetic,2000,20260917.0,soft_iot,iot-benchmark-0.1.0,coefficient_sign_accuracy,1.0,success,1.0352265000001353,,,
observation_noise_and_dropout,B1_known_truth,known_truth_parameter_and_coupling_recovery,synthetic,2000,20260917.0,hard_ot,iot-benchmark-0.1.0,coefficient_sign_accuracy,0.5,success,0.1598726000001988,,,
observation_noise_and_dropout,B1_known_truth,known_truth_parameter_and_coupling_recovery,synthetic,2000,20260918.0,soft_iot,iot-benchmark-0.1.0,coefficient_sign_accuracy,0.8333333333333334,success,1.039399499999945,,,
observation_noise_and_dropout,B1_known_truth,known_truth_parameter_and_coupling_recovery,synthetic,2000,20260918.0,hard_ot,iot-benchmark-0.1.0,coefficient_sign_accuracy,1.0,success,0.1720463000001473,,,
observation_noise_and_dropout,B1_known_truth,known_truth_parameter_and_coupling_recovery,synthetic,2000,20260919.0,soft_iot,iot-benchmark-0.1.0,coefficient_sign_accuracy,1.0,success,0.999287699999968,,,
observation_noise_and_dropout,B1_known_truth,known_truth_parameter_and_coupling_recovery,synthetic,2000,20260919.0,hard_ot,iot-benchmark-0.1.0,coefficient_sign_accuracy,0.8333333333333334,success,0.1218624000002819,,,
observation_noise_and_dropout,B1_known_truth,known_truth_parameter_and_coupling_recovery,synthetic,2000,20260920.0,soft_iot,iot-benchmark-0.1.0,coefficient_sign_accuracy,0.8333333333333334,success,1.0551024999999754,,,
observation_noise_and_dropout,B1_known_truth,known_truth_parameter_and_coupling_recovery,synthetic,2000,20260920.0,hard_ot,iot-benchmark-0.1.0,coefficient_sign_accuracy,0.6666666666666666,success,0.1008802999999716,,,
observation_noise_and_dropout,B1_known_truth,known_truth_parameter_and_coupling_recovery,synthetic,10000,20260916.0,soft_iot,iot-benchmark-0.1.0,coefficient_sign_accuracy,1.0,success,1.0065113999999085,,,
observation_noise_and_dropout,B1_known_truth,known_truth_parameter_and_coupling_recovery,synthetic,10000,20260916.0,hard_ot,iot-benchmark-0.1.0,coefficient_sign_accuracy,0.6666666666666666,success,0.1825636000003214,,,
observation_noise_and_dropout,B1_known_truth,known_truth_parameter_and_coupling_recovery,synthetic,10000,20260917.0,soft_iot,iot-benchmark-0.1.0,coefficient_sign_accuracy,1.0,success,1.1623053000002983,,,
observation_noise_and_dropout,B1_known_truth,known_truth_parameter_and_coupling_recovery,synthetic,10000,20260917.0,hard_ot,iot-benchmark-0.1.0,coefficient_sign_accuracy,0.6666666666666666,success,0.1776282999999239,,,
observation_noise_and_dropout,B1_known_truth,known_truth_parameter_and_coupling_recovery,synthetic,10000,20260918.0,soft_iot,iot-benchmark-0.1.0,coefficient_sign_accuracy,1.0,success,0.9902772000000368,,,
observation_noise_and_dropout,B1_known_truth,known_truth_parameter_and_coupling_recovery,synthetic,10000,20260918.0,hard_ot,iot-benchmark-0.1.0,coefficient_sign_accuracy,0.6666666666666666,success,0.1657964999999421,,,
observation_noise_and_dropout,B1_known_truth,known_truth_parameter_and_coupling_recovery,synthetic,10000,20260919.0,soft_iot,iot-benchmark-0.1.0,coefficient_sign_accuracy,1.0,success,1.043357399999877,,,
observation_noise_and_dropout,B1_known_truth,known_truth_parameter_and_coupling_recovery,synthetic,10000,20260919.0,hard_ot,iot-benchmark-0.1.0,coefficient_sign_accuracy,0.8333333333333334,success,0.1143796999999722,,,
observation_noise_and_dropout,B1_known_truth,known_truth_parameter_and_coupling_recovery,synthetic,10000,20260920.0,soft_iot,iot-benchmark-0.1.0,coefficient_sign_accuracy,1.0,success,1.035367099999803,,,
observation_noise_and_dropout,B1_known_truth,known_truth_parameter_and_coupling_recovery,synthetic,10000,20260920.0,hard_ot,iot-benchmark-0.1.0,coefficient_sign_accuracy,0.6666666666666666,success,0.1046404999997321,,,
nonlinear_or_hidden_confounding_misspecification,B1_known_truth,known_truth_parameter_and_coupling_recovery,synthetic,400,20260916.0,soft_iot,iot-benchmark-0.1.0,coefficient_sign_accuracy,0.8333333333333334,success,1.336510399999952,,,
nonlinear_or_hidden_confounding_misspecification,B1_known_truth,known_truth_parameter_and_coupling_recovery,synthetic,400,20260916.0,hard_ot,iot-benchmark-0.1.0,coefficient_sign_accuracy,0.6666666666666666,success,0.2024116000002322,,,
nonlinear_or_hidden_confounding_misspecification,B1_known_truth,known_truth_parameter_and_coupling_recovery,synthetic,400,20260917.0,soft_iot,iot-benchmark-0.1.0,coefficient_sign_accuracy,0.6666666666666666,success,1.113893200000348,,,
nonlinear_or_hidden_confounding_misspecification,B1_known_truth,known_truth_parameter_and_coupling_recovery,synthetic,400,20260917.0,hard_ot,iot-benchmark-0.1.0,coefficient_sign_accuracy,0.5,success,0.2007628999999724,,,
nonlinear_or_hidden_confounding_misspecification,B1_known_truth,known_truth_parameter_and_coupling_recovery,synthetic,400,20260918.0,soft_iot,iot-benchmark-0.1.0,coefficient_sign_accuracy,0.8333333333333334,success,1.1119886000001316,,,
nonlinear_or_hidden_confounding_misspecification,B1_known_truth,known_truth_parameter_and_coupling_recovery,synthetic,400,20260918.0,hard_ot,iot-benchmark-0.1.0,coefficient_sign_accuracy,0.5,success,0.2208121999997274,,,
nonlinear_or_hidden_confounding_misspecification,B1_known_truth,known_truth_parameter_and_coupling_recovery,synthetic,400,20260919.0,soft_iot,iot-benchmark-0.1.0,coefficient_sign_accuracy,1.0,success,1.0350179000001845,,,
nonlinear_or_hidden_confounding_misspecification,B1_known_truth,known_truth_parameter_and_coupling_recovery,synthetic,400,20260919.0,hard_ot,iot-benchmark-0.1.0,coefficient_sign_accuracy,0.8333333333333334,success,0.12569749999966,,,
nonlinear_or_hidden_confounding_misspecification,B1_known_truth,known_truth_parameter_and_coupling_recovery,synthetic,400,20260920.0,soft_iot,iot-benchmark-0.1.0,coefficient_sign_accuracy,0.8333333333333334,success,1.0244719000002078,,,
nonlinear_or_hidden_confounding_misspecification,B1_known_truth,known_truth_parameter_and_coupling_recovery,synthetic,400,20260920.0,hard_ot,iot-benchmark-0.1.0,coefficient_sign_accuracy,0.8333333333333334,success,0.1201066999997237,,,
nonlinear_or_hidden_confounding_misspecification,B1_known_truth,known_truth_parameter_and_coupling_recovery,synthetic,2000,20260916.0,soft_iot,iot-benchmark-0.1.0,coefficient_sign_accuracy,0.8333333333333334,success,1.476230199999918,,,
nonlinear_or_hidden_confounding_misspecification,B1_known_truth,known_truth_parameter_and_coupling_recovery,synthetic,2000,20260916.0,hard_ot,iot-benchmark-0.1.0,coefficient_sign_accuracy,0.8333333333333334,success,0.2441287999999986,,,
nonlinear_or_hidden_confounding_misspecification,B1_known_truth,known_truth_parameter_and_coupling_recovery,synthetic,2000,20260917.0,soft_iot,iot-benchmark-0.1.0,coefficient_sign_accuracy,0.6666666666666666,success,1.1467106999998578,,,
nonlinear_or_hidden_confounding_misspecification,B1_known_truth,known_truth_parameter_and_coupling_recovery,synthetic,2000,20260917.0,hard_ot,iot-benchmark-0.1.0,coefficient_sign_accuracy,0.5,success,0.2061431000001903,,,
nonlinear_or_hidden_confounding_misspecification,B1_known_truth,known_truth_parameter_and_coupling_recovery,synthetic,2000,20260918.0,soft_iot,iot-benchmark-0.1.0,coefficient_sign_accuracy,0.8333333333333334,success,1.1300897999999506,,,
nonlinear_or_hidden_confounding_misspecification,B1_known_truth,known_truth_parameter_and_coupling_recovery,synthetic,2000,20260918.0,hard_ot,iot-benchmark-0.1.0,coefficient_sign_accuracy,1.0,success,0.1995476000001872,,,
nonlinear_or_hidden_confounding_misspecification,B1_known_truth,known_truth_parameter_and_coupling_recovery,synthetic,2000,20260919.0,soft_iot,iot-benchmark-0.1.0,coefficient_sign_accuracy,1.0,success,1.08436329999995,,,
nonlinear_or_hidden_confounding_misspecification,B1_known_truth,known_truth_parameter_and_coupling_recovery,synthetic,2000,20260919.0,hard_ot,iot-benchmark-0.1.0,coefficient_sign_accuracy,0.3333333333333333,success,0.1443789999998443,,,
nonlinear_or_hidden_confounding_misspecification,B1_known_truth,known_truth_parameter_and_coupling_recovery,synthetic,2000,20260920.0,soft_iot,iot-benchmark-0.1.0,coefficient_sign_accuracy,0.8333333333333334,success,0.9798384000000624,,,
nonlinear_or_hidden_confounding_misspecification,B1_known_truth,known_truth_parameter_and_coupling_recovery,synthetic,2000,20260920.0,hard_ot,iot-benchmark-0.1.0,coefficient_sign_accuracy,1.0,success,0.1209948999999142,,,
nonlinear_or_hidden_confounding_misspecification,B1_known_truth,known_truth_parameter_and_coupling_recovery,synthetic,10000,20260916.0,soft_iot,iot-benchmark-0.1.0,coefficient_sign_accuracy,0.8333333333333334,success,1.4587419000004047,,,
nonlinear_or_hidden_confounding_misspecification,B1_known_truth,known_truth_parameter_and_coupling_recovery,synthetic,10000,20260916.0,hard_ot,iot-benchmark-0.1.0,coefficient_sign_accuracy,0.8333333333333334,success,0.2454908999998224,,,
nonlinear_or_hidden_confounding_misspecification,B1_known_truth,known_truth_parameter_and_coupling_recovery,synthetic,10000,20260917.0,soft_iot,iot-benchmark-0.1.0,coefficient_sign_accuracy,0.6666666666666666,success,1.1241569000003435,,,
nonlinear_or_hidden_confounding_misspecification,B1_known_truth,known_truth_parameter_and_coupling_recovery,synthetic,10000,20260917.0,hard_ot,iot-benchmark-0.1.0,coefficient_sign_accuracy,0.5,success,0.204494699999941,,,
nonlinear_or_hidden_confounding_misspecification,B1_known_truth,known_truth_parameter_and_coupling_recovery,synthetic,10000,20260918.0,soft_iot,iot-benchmark-0.1.0,coefficient_sign_accuracy,0.8333333333333334,success,1.1670874999999796,,,
nonlinear_or_hidden_confounding_misspecification,B1_known_truth,known_truth_parameter_and_coupling_recovery,synthetic,10000,20260918.0,hard_ot,iot-benchmark-0.1.0,coefficient_sign_accuracy,0.5,success,0.2254143000000112,,,
nonlinear_or_hidden_confounding_misspecification,B1_known_truth,known_truth_parameter_and_coupling_recovery,synthetic,10000,20260919.0,soft_iot,iot-benchmark-0.1.0,coefficient_sign_accuracy,1.0,success,1.1234731999998075,,,
nonlinear_or_hidden_confounding_misspecification,B1_known_truth,known_truth_parameter_and_coupling_recovery,synthetic,10000,20260919.0,hard_ot,iot-benchmark-0.1.0,coefficient_sign_accuracy,0.8333333333333334,success,0.1464865000002646,,,
nonlinear_or_hidden_confounding_misspecification,B1_known_truth,known_truth_parameter_and_coupling_recovery,synthetic,10000,20260920.0,soft_iot,iot-benchmark-0.1.0,coefficient_sign_accuracy,0.8333333333333334,success,1.0709382000000005,,,
nonlinear_or_hidden_confounding_misspecification,B1_known_truth,known_truth_parameter_and_coupling_recovery,synthetic,10000,20260920.0,hard_ot,iot-benchmark-0.1.0,coefficient_sign_accuracy,0.5,success,0.1322454999999536,,,
identifiable_soft_marginal,B1_known_truth,known_truth_parameter_and_coupling_recovery,synthetic,400,20260916.0,soft_iot,iot-benchmark-0.1.0,pure_column_minimum_curvature,0.237363408928104,success,0.963803000000098,,,
identifiable_soft_marginal,B1_known_truth,known_truth_parameter_and_coupling_recovery,synthetic,400,20260916.0,hard_ot,iot-benchmark-0.1.0,pure_column_minimum_curvature,0.0,success,0.1392136999998001,,,
identifiable_soft_marginal,B1_known_truth,known_truth_parameter_and_coupling_recovery,synthetic,400,20260917.0,soft_iot,iot-benchmark-0.1.0,pure_column_minimum_curvature,0.283165268566421,success,1.132093400000031,,,
identifiable_soft_marginal,B1_known_truth,known_truth_parameter_and_coupling_recovery,synthetic,400,20260917.0,hard_ot,iot-benchmark-0.1.0,pure_column_minimum_curvature,0.0,success,0.1504667000003792,,,
identifiable_soft_marginal,B1_known_truth,known_truth_parameter_and_coupling_recovery,synthetic,400,20260918.0,soft_iot,iot-benchmark-0.1.0,pure_column_minimum_curvature,0.3292938188792504,success,1.0148684000000685,,,
identifiable_soft_marginal,B1_known_truth,known_truth_parameter_and_coupling_recovery,synthetic,400,20260918.0,hard_ot,iot-benchmark-0.1.0,pure_column_minimum_curvature,-8.88178419700125e-10,success,0.1824176000000079,,,
identifiable_soft_marginal,B1_known_truth,known_truth_parameter_and_coupling_recovery,synthetic,400,20260919.0,soft_iot,iot-benchmark-0.1.0,pure_column_minimum_curvature,0.1107706522063267,success,0.96355850000009,,,
identifiable_soft_marginal,B1_known_truth,known_truth_parameter_and_coupling_recovery,synthetic,400,20260919.0,hard_ot,iot-benchmark-0.1.0,pure_column_minimum_curvature,-4.4408920985006256e-10,success,0.1000410000001466,,,
identifiable_soft_marginal,B1_known_truth,known_truth_parameter_and_coupling_recovery,synthetic,400,20260920.0,soft_iot,iot-benchmark-0.1.0,pure_column_minimum_curvature,0.295903165525857,success,0.8907831000001352,,,
identifiable_soft_marginal,B1_known_truth,known_truth_parameter_and_coupling_recovery,synthetic,400,20260920.0,hard_ot,iot-benchmark-0.1.0,pure_column_minimum_curvature,0.0,success,0.1080259000000296,,,
identifiable_soft_marginal,B1_known_truth,known_truth_parameter_and_coupling_recovery,synthetic,2000,20260916.0,soft_iot,iot-benchmark-0.1.0,pure_column_minimum_curvature,0.246458566888208,success,1.0275094999997236,,,
identifiable_soft_marginal,B1_known_truth,known_truth_parameter_and_coupling_recovery,synthetic,2000,20260916.0,hard_ot,iot-benchmark-0.1.0,pure_column_minimum_curvature,0.0,success,0.1905112999997982,,,
identifiable_soft_marginal,B1_known_truth,known_truth_parameter_and_coupling_recovery,synthetic,2000,20260917.0,soft_iot,iot-benchmark-0.1.0,pure_column_minimum_curvature,0.2543337140892276,success,1.0609501000003547,,,
identifiable_soft_marginal,B1_known_truth,known_truth_parameter_and_coupling_recovery,synthetic,2000,20260917.0,hard_ot,iot-benchmark-0.1.0,pure_column_minimum_curvature,0.0,success,0.1462578999999095,,,
identifiable_soft_marginal,B1_known_truth,known_truth_parameter_and_coupling_recovery,synthetic,2000,20260918.0,soft_iot,iot-benchmark-0.1.0,pure_column_minimum_curvature,0.3291534254046269,success,0.9338363000001664,,,
identifiable_soft_marginal,B1_known_truth,known_truth_parameter_and_coupling_recovery,synthetic,2000,20260918.0,hard_ot,iot-benchmark-0.1.0,pure_column_minimum_curvature,0.0,success,0.1552415999999539,,,
identifiable_soft_marginal,B1_known_truth,known_truth_parameter_and_coupling_recovery,synthetic,2000,20260919.0,soft_iot,iot-benchmark-0.1.0,pure_column_minimum_curvature,0.1249358936306066,success,1.0084128000003147,,,
identifiable_soft_marginal,B1_known_truth,known_truth_parameter_and_coupling_recovery,synthetic,2000,20260919.0,hard_ot,iot-benchmark-0.1.0,pure_column_minimum_curvature,0.0,success,0.0984231999996154,,,
identifiable_soft_marginal,B1_known_truth,known_truth_parameter_and_coupling_recovery,synthetic,2000,20260920.0,soft_iot,iot-benchmark-0.1.0,pure_column_minimum_curvature,0.2849015992012482,success,0.8803312000000005,,,
identifiable_soft_marginal,B1_known_truth,known_truth_parameter_and_coupling_recovery,synthetic,2000,20260920.0,hard_ot,iot-benchmark-0.1.0,pure_column_minimum_curvature,-8.88178419700125e-10,success,0.0869949999996606,,,
identifiable_soft_marginal,B1_known_truth,known_truth_parameter_and_coupling_recovery,synthetic,10000,20260916.0,soft_iot,iot-benchmark-0.1.0,pure_column_minimum_curvature,0.2294812202485729,success,0.945737800000188,,,
identifiable_soft_marginal,B1_known_truth,known_truth_parameter_and_coupling_recovery,synthetic,10000,20260916.0,hard_ot,iot-benchmark-0.1.0,pure_column_minimum_curvature,-1.7763568394002503e-09,success,0.1422238999998626,,,
identifiable_soft_marginal,B1_known_truth,known_truth_parameter_and_coupling_recovery,synthetic,10000,20260917.0,soft_iot,iot-benchmark-0.1.0,pure_column_minimum_curvature,0.258035866451678,success,0.9946180000001732,,,
identifiable_soft_marginal,B1_known_truth,known_truth_parameter_and_coupling_recovery,synthetic,10000,20260917.0,hard_ot,iot-benchmark-0.1.0,pure_column_minimum_curvature,0.0,success,0.1672464999996918,,,
identifiable_soft_marginal,B1_known_truth,known_truth_parameter_and_coupling_recovery,synthetic,10000,20260918.0,soft_iot,iot-benchmark-0.1.0,pure_column_minimum_curvature,0.3427808876743654,success,0.9884000000001834,,,
identifiable_soft_marginal,B1_known_truth,known_truth_parameter_and_coupling_recovery,synthetic,10000,20260918.0,hard_ot,iot-benchmark-0.1.0,pure_column_minimum_curvature,0.0,success,0.1465640000001258,,,
identifiable_soft_marginal,B1_known_truth,known_truth_parameter_and_coupling_recovery,synthetic,10000,20260919.0,soft_iot,iot-benchmark-0.1.0,pure_column_minimum_curvature,0.1206422153288144,success,1.016133500000251,,,
identifiable_soft_marginal,B1_known_truth,known_truth_parameter_and_coupling_recovery,synthetic,10000,20260919.0,hard_ot,iot-benchmark-0.1.0,pure_column_minimum_curvature,0.0,success,0.1013747000001785,,,
identifiable_soft_marginal,B1_known_truth,known_truth_parameter_and_coupling_recovery,synthetic,10000,20260920.0,soft_iot,iot-benchmark-0.1.0,pure_column_minimum_curvature,0.2952847126813651,success,0.9297907999998642,,,
identifiable_soft_marginal,B1_known_truth,known_truth_parameter_and_coupling_recovery,synthetic,10000,20260920.0,hard_ot,iot-benchmark-0.1.0,pure_column_minimum_curvature,0.0,success,0.0945558999997047,,,
hard_marginal_flat_direction,B1_known_truth,known_truth_parameter_and_coupling_recovery,synthetic,400,20260916.0,soft_iot,iot-benchmark-0.1.0,pure_column_minimum_curvature,0.237363408928104,success,1.5232843999997383,,,
hard_marginal_flat_direction,B1_known_truth,known_truth_parameter_and_coupling_recovery,synthetic,400,20260916.0,hard_ot,iot-benchmark-0.1.0,pure_column_minimum_curvature,0.0,success,0.2748335000001134,,,
hard_marginal_flat_direction,B1_known_truth,known_truth_parameter_and_coupling_recovery,synthetic,400,20260917.0,soft_iot,iot-benchmark-0.1.0,pure_column_minimum_curvature,0.283165268566421,success,1.5501485000004325,,,
hard_marginal_flat_direction,B1_known_truth,known_truth_parameter_and_coupling_recovery,synthetic,400,20260917.0,hard_ot,iot-benchmark-0.1.0,pure_column_minimum_curvature,0.0,success,0.2171367000000827,,,
hard_marginal_flat_direction,B1_known_truth,known_truth_parameter_and_coupling_recovery,synthetic,400,20260918.0,soft_iot,iot-benchmark-0.1.0,pure_column_minimum_curvature,0.3292938188792504,success,1.3613313000000744,,,
hard_marginal_flat_direction,B1_known_truth,known_truth_parameter_and_coupling_recovery,synthetic,400,20260918.0,hard_ot,iot-benchmark-0.1.0,pure_column_minimum_curvature,-8.88178419700125e-10,success,0.2224190000001726,,,
hard_marginal_flat_direction,B1_known_truth,known_truth_parameter_and_coupling_recovery,synthetic,400,20260919.0,soft_iot,iot-benchmark-0.1.0,pure_column_minimum_curvature,0.1107706522063267,success,1.1765565000000606,,,
hard_marginal_flat_direction,B1_known_truth,known_truth_parameter_and_coupling_recovery,synthetic,400,20260919.0,hard_ot,iot-benchmark-0.1.0,pure_column_minimum_curvature,-4.4408920985006256e-10,success,0.1316170000000056,,,
hard_marginal_flat_direction,B1_known_truth,known_truth_parameter_and_coupling_recovery,synthetic,400,20260920.0,soft_iot,iot-benchmark-0.1.0,pure_column_minimum_curvature,0.295903165525857,success,1.1393797000000632,,,
hard_marginal_flat_direction,B1_known_truth,known_truth_parameter_and_coupling_recovery,synthetic,400,20260920.0,hard_ot,iot-benchmark-0.1.0,pure_column_minimum_curvature,0.0,success,0.1126588000001902,,,
hard_marginal_flat_direction,B1_known_truth,known_truth_parameter_and_coupling_recovery,synthetic,2000,20260916.0,soft_iot,iot-benchmark-0.1.0,pure_column_minimum_curvature,0.246458566888208,success,1.1556378999998742,,,
hard_marginal_flat_direction,B1_known_truth,known_truth_parameter_and_coupling_recovery,synthetic,2000,20260916.0,hard_ot,iot-benchmark-0.1.0,pure_column_minimum_curvature,0.0,success,0.1678867000000536,,,
hard_marginal_flat_direction,B1_known_truth,known_truth_parameter_and_coupling_recovery,synthetic,2000,20260917.0,soft_iot,iot-benchmark-0.1.0,pure_column_minimum_curvature,0.2543337140892276,success,1.0604648999997153,,,
hard_marginal_flat_direction,B1_known_truth,known_truth_parameter_and_coupling_recovery,synthetic,2000,20260917.0,hard_ot,iot-benchmark-0.1.0,pure_column_minimum_curvature,0.0,success,0.1387133999996876,,,
hard_marginal_flat_direction,B1_known_truth,known_truth_parameter_and_coupling_recovery,synthetic,2000,20260918.0,soft_iot,iot-benchmark-0.1.0,pure_column_minimum_curvature,0.3291534254046269,success,1.0904113000001416,,,
hard_marginal_flat_direction,B1_known_truth,known_truth_parameter_and_coupling_recovery,synthetic,2000,20260918.0,hard_ot,iot-benchmark-0.1.0,pure_column_minimum_curvature,0.0,success,0.160927299999912,,,
hard_marginal_flat_direction,B1_known_truth,known_truth_parameter_and_coupling_recovery,synthetic,2000,20260919.0,soft_iot,iot-benchmark-0.1.0,pure_column_minimum_curvature,0.1249358936306066,success,0.972682700000405,,,
hard_marginal_flat_direction,B1_known_truth,known_truth_parameter_and_coupling_recovery,synthetic,2000,20260919.0,hard_ot,iot-benchmark-0.1.0,pure_column_minimum_curvature,0.0,success,0.1193326000002343,,,
hard_marginal_flat_direction,B1_known_truth,known_truth_parameter_and_coupling_recovery,synthetic,2000,20260920.0,soft_iot,iot-benchmark-0.1.0,pure_column_minimum_curvature,0.2849015992012482,success,1.0363537000002907,,,
hard_marginal_flat_direction,B1_known_truth,known_truth_parameter_and_coupling_recovery,synthetic,2000,20260920.0,hard_ot,iot-benchmark-0.1.0,pure_column_minimum_curvature,-8.88178419700125e-10,success,0.0963798000002498,,,
hard_marginal_flat_direction,B1_known_truth,known_truth_parameter_and_coupling_recovery,synthetic,10000,20260916.0,soft_iot,iot-benchmark-0.1.0,pure_column_minimum_curvature,0.2294812202485729,success,0.9835258000002796,,,
hard_marginal_flat_direction,B1_known_truth,known_truth_parameter_and_coupling_recovery,synthetic,10000,20260916.0,hard_ot,iot-benchmark-0.1.0,pure_column_minimum_curvature,-1.7763568394002503e-09,success,0.1285948999998254,,,
hard_marginal_flat_direction,B1_known_truth,known_truth_parameter_and_coupling_recovery,synthetic,10000,20260917.0,soft_iot,iot-benchmark-0.1.0,pure_column_minimum_curvature,0.258035866451678,success,1.0423848000000362,,,
hard_marginal_flat_direction,B1_known_truth,known_truth_parameter_and_coupling_recovery,synthetic,10000,20260917.0,hard_ot,iot-benchmark-0.1.0,pure_column_minimum_curvature,0.0,success,0.1711081999997077,,,
hard_marginal_flat_direction,B1_known_truth,known_truth_parameter_and_coupling_recovery,synthetic,10000,20260918.0,soft_iot,iot-benchmark-0.1.0,pure_column_minimum_curvature,0.3427808876743654,success,1.0388536000000386,,,
hard_marginal_flat_direction,B1_known_truth,known_truth_parameter_and_coupling_recovery,synthetic,10000,20260918.0,hard_ot,iot-benchmark-0.1.0,pure_column_minimum_curvature,0.0,success,0.159653299999718,,,
hard_marginal_flat_direction,B1_known_truth,known_truth_parameter_and_coupling_recovery,synthetic,10000,20260919.0,soft_iot,iot-benchmark-0.1.0,pure_column_minimum_curvature,0.1206422153288144,success,1.0565594999998211,,,
hard_marginal_flat_direction,B1_known_truth,known_truth_parameter_and_coupling_recovery,synthetic,10000,20260919.0,hard_ot,iot-benchmark-0.1.0,pure_column_minimum_curvature,0.0,success,0.1007915999998658,,,
hard_marginal_flat_direction,B1_known_truth,known_truth_parameter_and_coupling_recovery,synthetic,10000,20260920.0,soft_iot,iot-benchmark-0.1.0,pure_column_minimum_curvature,0.2952847126813651,success,0.9896129000003384,,,
hard_marginal_flat_direction,B1_known_truth,known_truth_parameter_and_coupling_recovery,synthetic,10000,20260920.0,hard_ot,iot-benchmark-0.1.0,pure_column_minimum_curvature,0.0,success,0.1319333000001279,,,
equivalent_fit_multiple_parameters,B1_known_truth,known_truth_parameter_and_coupling_recovery,synthetic,400,20260916.0,soft_iot,iot-benchmark-0.1.0,pure_column_minimum_curvature,0.1199783619121319,success,1.07515420000027,,,
equivalent_fit_multiple_parameters,B1_known_truth,known_truth_parameter_and_coupling_recovery,synthetic,400,20260916.0,hard_ot,iot-benchmark-0.1.0,pure_column_minimum_curvature,0.0,success,0.0828166999999666,,,
equivalent_fit_multiple_parameters,B1_known_truth,known_truth_parameter_and_coupling_recovery,synthetic,400,20260917.0,soft_iot,iot-benchmark-0.1.0,pure_column_minimum_curvature,0.2637516596237788,success,0.9713815000000068,,,
equivalent_fit_multiple_parameters,B1_known_truth,known_truth_parameter_and_coupling_recovery,synthetic,400,20260917.0,hard_ot,iot-benchmark-0.1.0,pure_column_minimum_curvature,0.0,success,0.1086900999998761,,,
equivalent_fit_multiple_parameters,B1_known_truth,known_truth_parameter_and_coupling_recovery,synthetic,400,20260918.0,soft_iot,iot-benchmark-0.1.0,pure_column_minimum_curvature,0.3244111845823738,success,0.8395845000000008,,,
equivalent_fit_multiple_parameters,B1_known_truth,known_truth_parameter_and_coupling_recovery,synthetic,400,20260918.0,hard_ot,iot-benchmark-0.1.0,pure_column_minimum_curvature,0.0,success,0.0948812999999972,,,
equivalent_fit_multiple_parameters,B1_known_truth,known_truth_parameter_and_coupling_recovery,synthetic,400,20260919.0,soft_iot,iot-benchmark-0.1.0,pure_column_minimum_curvature,0.1272069249935725,success,1.1241503999999622,,,
equivalent_fit_multiple_parameters,B1_known_truth,known_truth_parameter_and_coupling_recovery,synthetic,400,20260919.0,hard_ot,iot-benchmark-0.1.0,pure_column_minimum_curvature,0.0,success,0.1172025000000758,,,
equivalent_fit_multiple_parameters,B1_known_truth,known_truth_parameter_and_coupling_recovery,synthetic,400,20260920.0,soft_iot,iot-benchmark-0.1.0,pure_column_minimum_curvature,0.2829631009504396,success,1.0202758999998878,,,
equivalent_fit_multiple_parameters,B1_known_truth,known_truth_parameter_and_coupling_recovery,synthetic,400,20260920.0,hard_ot,iot-benchmark-0.1.0,pure_column_minimum_curvature,0.0,success,0.1098799000001236,,,
equivalent_fit_multiple_parameters,B1_known_truth,known_truth_parameter_and_coupling_recovery,synthetic,2000,20260916.0,soft_iot,iot-benchmark-0.1.0,pure_column_minimum_curvature,0.1437502330503548,success,1.0049973999998656,,,
equivalent_fit_multiple_parameters,B1_known_truth,known_truth_parameter_and_coupling_recovery,synthetic,2000,20260916.0,hard_ot,iot-benchmark-0.1.0,pure_column_minimum_curvature,0.0,success,0.1029505999999855,,,
equivalent_fit_multiple_parameters,B1_known_truth,known_truth_parameter_and_coupling_recovery,synthetic,2000,20260917.0,soft_iot,iot-benchmark-0.1.0,pure_column_minimum_curvature,0.2399015306409069,success,1.0348675000000185,,,
equivalent_fit_multiple_parameters,B1_known_truth,known_truth_parameter_and_coupling_recovery,synthetic,2000,20260917.0,hard_ot,iot-benchmark-0.1.0,pure_column_minimum_curvature,0.0,success,0.1132460000003448,,,
equivalent_fit_multiple_parameters,B1_known_truth,known_truth_parameter_and_coupling_recovery,synthetic,2000,20260918.0,soft_iot,iot-benchmark-0.1.0,pure_column_minimum_curvature,0.324619757741118,success,0.920255100000304,,,
equivalent_fit_multiple_parameters,B1_known_truth,known_truth_parameter_and_coupling_recovery,synthetic,2000,20260918.0,hard_ot,iot-benchmark-0.1.0,pure_column_minimum_curvature,0.0,success,0.0879520999997112,,,
equivalent_fit_multiple_parameters,B1_known_truth,known_truth_parameter_and_coupling_recovery,synthetic,2000,20260919.0,soft_iot,iot-benchmark-0.1.0,pure_column_minimum_curvature,0.1059039700379571,success,1.1910577000003286,,,
equivalent_fit_multiple_parameters,B1_known_truth,known_truth_parameter_and_coupling_recovery,synthetic,2000,20260919.0,hard_ot,iot-benchmark-0.1.0,pure_column_minimum_curvature,0.0,success,0.122143799999776,,,
equivalent_fit_multiple_parameters,B1_known_truth,known_truth_parameter_and_coupling_recovery,synthetic,2000,20260920.0,soft_iot,iot-benchmark-0.1.0,pure_column_minimum_curvature,0.2641526317681553,success,0.9830117999999856,,,
equivalent_fit_multiple_parameters,B1_known_truth,known_truth_parameter_and_coupling_recovery,synthetic,2000,20260920.0,hard_ot,iot-benchmark-0.1.0,pure_column_minimum_curvature,0.0,success,0.0942646000003151,,,
equivalent_fit_multiple_parameters,B1_known_truth,known_truth_parameter_and_coupling_recovery,synthetic,10000,20260916.0,soft_iot,iot-benchmark-0.1.0,pure_column_minimum_curvature,0.1565104570389053,success,0.9429312000002028,,,
equivalent_fit_multiple_parameters,B1_known_truth,known_truth_parameter_and_coupling_recovery,synthetic,10000,20260916.0,hard_ot,iot-benchmark-0.1.0,pure_column_minimum_curvature,-1.332267629550187e-09,success,0.0865029000001413,,,
equivalent_fit_multiple_parameters,B1_known_truth,known_truth_parameter_and_coupling_recovery,synthetic,10000,20260917.0,soft_iot,iot-benchmark-0.1.0,pure_column_minimum_curvature,0.2716886933207263,success,0.9786874000001262,,,
equivalent_fit_multiple_parameters,B1_known_truth,known_truth_parameter_and_coupling_recovery,synthetic,10000,20260917.0,hard_ot,iot-benchmark-0.1.0,pure_column_minimum_curvature,0.0,success,0.1116302999998879,,,
equivalent_fit_multiple_parameters,B1_known_truth,known_truth_parameter_and_coupling_recovery,synthetic,10000,20260918.0,soft_iot,iot-benchmark-0.1.0,pure_column_minimum_curvature,0.3175619514017569,success,0.8395958000000974,,,
equivalent_fit_multiple_parameters,B1_known_truth,known_truth_parameter_and_coupling_recovery,synthetic,10000,20260918.0,hard_ot,iot-benchmark-0.1.0,pure_column_minimum_curvature,-8.88178419700125e-10,success,0.0872058999998444,,,
equivalent_fit_multiple_parameters,B1_known_truth,known_truth_parameter_and_coupling_recovery,synthetic,10000,20260919.0,soft_iot,iot-benchmark-0.1.0,pure_column_minimum_curvature,0.1005256939912158,success,1.0072248999999829,,,
equivalent_fit_multiple_parameters,B1_known_truth,known_truth_parameter_and_coupling_recovery,synthetic,10000,20260919.0,hard_ot,iot-benchmark-0.1.0,pure_column_minimum_curvature,0.0,success,0.1041626000001088,,,
equivalent_fit_multiple_parameters,B1_known_truth,known_truth_parameter_and_coupling_recovery,synthetic,10000,20260920.0,soft_iot,iot-benchmark-0.1.0,pure_column_minimum_curvature,0.2568372825528797,success,1.184292199999618,,,
equivalent_fit_multiple_parameters,B1_known_truth,known_truth_parameter_and_coupling_recovery,synthetic,10000,20260920.0,hard_ot,iot-benchmark-0.1.0,pure_column_minimum_curvature,0.0,success,0.1108207000002039,,,
shared_plus_context_offset,B1_known_truth,known_truth_parameter_and_coupling_recovery,synthetic,400,20260916.0,soft_iot,iot-benchmark-0.1.0,pure_column_minimum_curvature,0.1806251819225224,success,1.1123382999999194,,,
shared_plus_context_offset,B1_known_truth,known_truth_parameter_and_coupling_recovery,synthetic,400,20260916.0,hard_ot,iot-benchmark-0.1.0,pure_column_minimum_curvature,0.0,success,0.1654218999997283,,,
shared_plus_context_offset,B1_known_truth,known_truth_parameter_and_coupling_recovery,synthetic,400,20260917.0,soft_iot,iot-benchmark-0.1.0,pure_column_minimum_curvature,0.2427997798370995,success,1.1023595999999998,,,
shared_plus_context_offset,B1_known_truth,known_truth_parameter_and_coupling_recovery,synthetic,400,20260917.0,hard_ot,iot-benchmark-0.1.0,pure_column_minimum_curvature,0.0,success,0.2124383000000307,,,
shared_plus_context_offset,B1_known_truth,known_truth_parameter_and_coupling_recovery,synthetic,400,20260918.0,soft_iot,iot-benchmark-0.1.0,pure_column_minimum_curvature,0.2876988536293368,success,1.051800800000365,,,
shared_plus_context_offset,B1_known_truth,known_truth_parameter_and_coupling_recovery,synthetic,400,20260918.0,hard_ot,iot-benchmark-0.1.0,pure_column_minimum_curvature,0.0,success,0.1991322000003492,,,
shared_plus_context_offset,B1_known_truth,known_truth_parameter_and_coupling_recovery,synthetic,400,20260919.0,soft_iot,iot-benchmark-0.1.0,pure_column_minimum_curvature,0.1217018432697614,success,1.0626346999997622,,,
shared_plus_context_offset,B1_known_truth,known_truth_parameter_and_coupling_recovery,synthetic,400,20260919.0,hard_ot,iot-benchmark-0.1.0,pure_column_minimum_curvature,0.0,success,0.1177881999997225,,,
shared_plus_context_offset,B1_known_truth,known_truth_parameter_and_coupling_recovery,synthetic,400,20260920.0,soft_iot,iot-benchmark-0.1.0,pure_column_minimum_curvature,0.2268075411926418,success,1.0025394999997843,,,
shared_plus_context_offset,B1_known_truth,known_truth_parameter_and_coupling_recovery,synthetic,400,20260920.0,hard_ot,iot-benchmark-0.1.0,pure_column_minimum_curvature,0.0,success,0.1008627999999589,,,
shared_plus_context_offset,B1_known_truth,known_truth_parameter_and_coupling_recovery,synthetic,2000,20260916.0,soft_iot,iot-benchmark-0.1.0,pure_column_minimum_curvature,0.2064917388189258,success,0.9982817000000068,,,
shared_plus_context_offset,B1_known_truth,known_truth_parameter_and_coupling_recovery,synthetic,2000,20260916.0,hard_ot,iot-benchmark-0.1.0,pure_column_minimum_curvature,0.0,success,0.1455492000000049,,,
shared_plus_context_offset,B1_known_truth,known_truth_parameter_and_coupling_recovery,synthetic,2000,20260917.0,soft_iot,iot-benchmark-0.1.0,pure_column_minimum_curvature,0.2419019109467513,success,1.02074599999969,,,
shared_plus_context_offset,B1_known_truth,known_truth_parameter_and_coupling_recovery,synthetic,2000,20260917.0,hard_ot,iot-benchmark-0.1.0,pure_column_minimum_curvature,0.0,success,0.1568135000002257,,,
shared_plus_context_offset,B1_known_truth,known_truth_parameter_and_coupling_recovery,synthetic,2000,20260918.0,soft_iot,iot-benchmark-0.1.0,pure_column_minimum_curvature,0.311526185292621,success,0.8786196999999447,,,
shared_plus_context_offset,B1_known_truth,known_truth_parameter_and_coupling_recovery,synthetic,2000,20260918.0,hard_ot,iot-benchmark-0.1.0,pure_column_minimum_curvature,0.0,success,0.1371281000001545,,,
shared_plus_context_offset,B1_known_truth,known_truth_parameter_and_coupling_recovery,synthetic,2000,20260919.0,soft_iot,iot-benchmark-0.1.0,pure_column_minimum_curvature,0.0918527791604617,success,1.0219849000000067,,,
shared_plus_context_offset,B1_known_truth,known_truth_parameter_and_coupling_recovery,synthetic,2000,20260919.0,hard_ot,iot-benchmark-0.1.0,pure_column_minimum_curvature,0.0,success,0.1076626999997643,,,
shared_plus_context_offset,B1_known_truth,known_truth_parameter_and_coupling_recovery,synthetic,2000,20260920.0,soft_iot,iot-benchmark-0.1.0,pure_column_minimum_curvature,0.2594209096429267,success,0.9431463000000804,,,
shared_plus_context_offset,B1_known_truth,known_truth_parameter_and_coupling_recovery,synthetic,2000,20260920.0,hard_ot,iot-benchmark-0.1.0,pure_column_minimum_curvature,0.0,success,0.085291600000346,,,
shared_plus_context_offset,B1_known_truth,known_truth_parameter_and_coupling_recovery,synthetic,10000,20260916.0,soft_iot,iot-benchmark-0.1.0,pure_column_minimum_curvature,0.206235566402313,success,0.9935421999998651,,,
shared_plus_context_offset,B1_known_truth,known_truth_parameter_and_coupling_recovery,synthetic,10000,20260916.0,hard_ot,iot-benchmark-0.1.0,pure_column_minimum_curvature,0.0,success,0.1351744000003236,,,
shared_plus_context_offset,B1_known_truth,known_truth_parameter_and_coupling_recovery,synthetic,10000,20260917.0,soft_iot,iot-benchmark-0.1.0,pure_column_minimum_curvature,0.2205297464641376,success,0.963337700000011,,,
shared_plus_context_offset,B1_known_truth,known_truth_parameter_and_coupling_recovery,synthetic,10000,20260917.0,hard_ot,iot-benchmark-0.1.0,pure_column_minimum_curvature,0.0,success,0.1563703000001624,,,
shared_plus_context_offset,B1_known_truth,known_truth_parameter_and_coupling_recovery,synthetic,10000,20260918.0,soft_iot,iot-benchmark-0.1.0,pure_column_minimum_curvature,0.3250866451587342,success,0.9668118999998114,,,
shared_plus_context_offset,B1_known_truth,known_truth_parameter_and_coupling_recovery,synthetic,10000,20260918.0,hard_ot,iot-benchmark-0.1.0,pure_column_minimum_curvature,0.0,success,0.1507541000000856,,,
shared_plus_context_offset,B1_known_truth,known_truth_parameter_and_coupling_recovery,synthetic,10000,20260919.0,soft_iot,iot-benchmark-0.1.0,pure_column_minimum_curvature,0.1004778722446531,success,1.0804274999995869,,,
shared_plus_context_offset,B1_known_truth,known_truth_parameter_and_coupling_recovery,synthetic,10000,20260919.0,hard_ot,iot-benchmark-0.1.0,pure_column_minimum_curvature,4.4408920985006256e-10,success,0.0913902999996025,,,
shared_plus_context_offset,B1_known_truth,known_truth_parameter_and_coupling_recovery,synthetic,10000,20260920.0,soft_iot,iot-benchmark-0.1.0,pure_column_minimum_curvature,0.2255028102027267,success,1.0419104000002335,,,
shared_plus_context_offset,B1_known_truth,known_truth_parameter_and_coupling_recovery,synthetic,10000,20260920.0,hard_ot,iot-benchmark-0.1.0,pure_column_minimum_curvature,0.0,success,0.0908484999999927,,,
observation_noise_and_dropout,B1_known_truth,known_truth_parameter_and_coupling_recovery,synthetic,400,20260916.0,soft_iot,iot-benchmark-0.1.0,pure_column_minimum_curvature,0.2300501353857953,success,1.0358581000000413,,,
observation_noise_and_dropout,B1_known_truth,known_truth_parameter_and_coupling_recovery,synthetic,400,20260916.0,hard_ot,iot-benchmark-0.1.0,pure_column_minimum_curvature,0.0,success,0.1563836000000265,,,
observation_noise_and_dropout,B1_known_truth,known_truth_parameter_and_coupling_recovery,synthetic,400,20260917.0,soft_iot,iot-benchmark-0.1.0,pure_column_minimum_curvature,0.2561734717687614,success,0.9919863999998596,,,
observation_noise_and_dropout,B1_known_truth,known_truth_parameter_and_coupling_recovery,synthetic,400,20260917.0,hard_ot,iot-benchmark-0.1.0,pure_column_minimum_curvature,0.0,success,0.133145599999807,,,
observation_noise_and_dropout,B1_known_truth,known_truth_parameter_and_coupling_recovery,synthetic,400,20260918.0,soft_iot,iot-benchmark-0.1.0,pure_column_minimum_curvature,0.3082016704070156,success,1.0540828999996847,,,
observation_noise_and_dropout,B1_known_truth,known_truth_parameter_and_coupling_recovery,synthetic,400,20260918.0,hard_ot,iot-benchmark-0.1.0,pure_column_minimum_curvature,0.0,success,0.1892931000002136,,,
observation_noise_and_dropout,B1_known_truth,known_truth_parameter_and_coupling_recovery,synthetic,400,20260919.0,soft_iot,iot-benchmark-0.1.0,pure_column_minimum_curvature,0.1348554334867913,success,1.068597899999986,,,
observation_noise_and_dropout,B1_known_truth,known_truth_parameter_and_coupling_recovery,synthetic,400,20260919.0,hard_ot,iot-benchmark-0.1.0,pure_column_minimum_curvature,-8.88178419700125e-10,success,0.1380479999997987,,,
observation_noise_and_dropout,B1_known_truth,known_truth_parameter_and_coupling_recovery,synthetic,400,20260920.0,soft_iot,iot-benchmark-0.1.0,pure_column_minimum_curvature,0.2890735504301744,success,1.0296806000001195,,,
observation_noise_and_dropout,B1_known_truth,known_truth_parameter_and_coupling_recovery,synthetic,400,20260920.0,hard_ot,iot-benchmark-0.1.0,pure_column_minimum_curvature,0.0,success,0.1098606999998992,,,
observation_noise_and_dropout,B1_known_truth,known_truth_parameter_and_coupling_recovery,synthetic,2000,20260916.0,soft_iot,iot-benchmark-0.1.0,pure_column_minimum_curvature,0.2689885496565125,success,1.0135543000001237,,,
observation_noise_and_dropout,B1_known_truth,known_truth_parameter_and_coupling_recovery,synthetic,2000,20260916.0,hard_ot,iot-benchmark-0.1.0,pure_column_minimum_curvature,0.0,success,0.1671473999999762,,,
observation_noise_and_dropout,B1_known_truth,known_truth_parameter_and_coupling_recovery,synthetic,2000,20260917.0,soft_iot,iot-benchmark-0.1.0,pure_column_minimum_curvature,0.2714303373174687,success,1.0352265000001353,,,
observation_noise_and_dropout,B1_known_truth,known_truth_parameter_and_coupling_recovery,synthetic,2000,20260917.0,hard_ot,iot-benchmark-0.1.0,pure_column_minimum_curvature,0.0,success,0.1598726000001988,,,
observation_noise_and_dropout,B1_known_truth,known_truth_parameter_and_coupling_recovery,synthetic,2000,20260918.0,soft_iot,iot-benchmark-0.1.0,pure_column_minimum_curvature,0.3183389041261364,success,1.039399499999945,,,
observation_noise_and_dropout,B1_known_truth,known_truth_parameter_and_coupling_recovery,synthetic,2000,20260918.0,hard_ot,iot-benchmark-0.1.0,pure_column_minimum_curvature,0.0,success,0.1720463000001473,,,
observation_noise_and_dropout,B1_known_truth,known_truth_parameter_and_coupling_recovery,synthetic,2000,20260919.0,soft_iot,iot-benchmark-0.1.0,pure_column_minimum_curvature,0.1017459156926747,success,0.999287699999968,,,
observation_noise_and_dropout,B1_known_truth,known_truth_parameter_and_coupling_recovery,synthetic,2000,20260919.0,hard_ot,iot-benchmark-0.1.0,pure_column_minimum_curvature,0.0,success,0.1218624000002819,,,
observation_noise_and_dropout,B1_known_truth,known_truth_parameter_and_coupling_recovery,synthetic,2000,20260920.0,soft_iot,iot-benchmark-0.1.0,pure_column_minimum_curvature,0.2851953828653109,success,1.0551024999999754,,,
observation_noise_and_dropout,B1_known_truth,known_truth_parameter_and_coupling_recovery,synthetic,2000,20260920.0,hard_ot,iot-benchmark-0.1.0,pure_column_minimum_curvature,0.0,success,0.1008802999999716,,,
observation_noise_and_dropout,B1_known_truth,known_truth_parameter_and_coupling_recovery,synthetic,10000,20260916.0,soft_iot,iot-benchmark-0.1.0,pure_column_minimum_curvature,0.2984883269441241,success,1.0065113999999085,,,
observation_noise_and_dropout,B1_known_truth,known_truth_parameter_and_coupling_recovery,synthetic,10000,20260916.0,hard_ot,iot-benchmark-0.1.0,pure_column_minimum_curvature,0.0,success,0.1825636000003214,,,
observation_noise_and_dropout,B1_known_truth,known_truth_parameter_and_coupling_recovery,synthetic,10000,20260917.0,soft_iot,iot-benchmark-0.1.0,pure_column_minimum_curvature,0.2692835407991367,success,1.1623053000002983,,,
observation_noise_and_dropout,B1_known_truth,known_truth_parameter_and_coupling_recovery,synthetic,10000,20260917.0,hard_ot,iot-benchmark-0.1.0,pure_column_minimum_curvature,0.0,success,0.1776282999999239,,,
observation_noise_and_dropout,B1_known_truth,known_truth_parameter_and_coupling_recovery,synthetic,10000,20260918.0,soft_iot,iot-benchmark-0.1.0,pure_column_minimum_curvature,0.3291365713309346,success,0.9902772000000368,,,
observation_noise_and_dropout,B1_known_truth,known_truth_parameter_and_coupling_recovery,synthetic,10000,20260918.0,hard_ot,iot-benchmark-0.1.0,pure_column_minimum_curvature,0.0,success,0.1657964999999421,,,
observation_noise_and_dropout,B1_known_truth,known_truth_parameter_and_coupling_recovery,synthetic,10000,20260919.0,soft_iot,iot-benchmark-0.1.0,pure_column_minimum_curvature,0.118524962289257,success,1.043357399999877,,,
observation_noise_and_dropout,B1_known_truth,known_truth_parameter_and_coupling_recovery,synthetic,10000,20260919.0,hard_ot,iot-benchmark-0.1.0,pure_column_minimum_curvature,0.0,success,0.1143796999999722,,,
observation_noise_and_dropout,B1_known_truth,known_truth_parameter_and_coupling_recovery,synthetic,10000,20260920.0,soft_iot,iot-benchmark-0.1.0,pure_column_minimum_curvature,0.2751476753104498,success,1.035367099999803,,,
observation_noise_and_dropout,B1_known_truth,known_truth_parameter_and_coupling_recovery,synthetic,10000,20260920.0,hard_ot,iot-benchmark-0.1.0,pure_column_minimum_curvature,0.0,success,0.1046404999997321,,,
nonlinear_or_hidden_confounding_misspecification,B1_known_truth,known_truth_parameter_and_coupling_recovery,synthetic,400,20260916.0,soft_iot,iot-benchmark-0.1.0,pure_column_minimum_curvature,0.2528508473709223,success,1.336510399999952,,,
nonlinear_or_hidden_confounding_misspecification,B1_known_truth,known_truth_parameter_and_coupling_recovery,synthetic,400,20260916.0,hard_ot,iot-benchmark-0.1.0,pure_column_minimum_curvature,4.4408920985006256e-10,success,0.2024116000002322,,,
nonlinear_or_hidden_confounding_misspecification,B1_known_truth,known_truth_parameter_and_coupling_recovery,synthetic,400,20260917.0,soft_iot,iot-benchmark-0.1.0,pure_column_minimum_curvature,0.2090664694698318,success,1.113893200000348,,,
nonlinear_or_hidden_confounding_misspecification,B1_known_truth,known_truth_parameter_and_coupling_recovery,synthetic,400,20260917.0,hard_ot,iot-benchmark-0.1.0,pure_column_minimum_curvature,0.0,success,0.2007628999999724,,,
nonlinear_or_hidden_confounding_misspecification,B1_known_truth,known_truth_parameter_and_coupling_recovery,synthetic,400,20260918.0,soft_iot,iot-benchmark-0.1.0,pure_column_minimum_curvature,0.3039915452696107,success,1.1119886000001316,,,
nonlinear_or_hidden_confounding_misspecification,B1_known_truth,known_truth_parameter_and_coupling_recovery,synthetic,400,20260918.0,hard_ot,iot-benchmark-0.1.0,pure_column_minimum_curvature,-4.4408920985006256e-10,success,0.2208121999997274,,,
nonlinear_or_hidden_confounding_misspecification,B1_known_truth,known_truth_parameter_and_coupling_recovery,synthetic,400,20260919.0,soft_iot,iot-benchmark-0.1.0,pure_column_minimum_curvature,0.1596318677243857,success,1.0350179000001845,,,
nonlinear_or_hidden_confounding_misspecification,B1_known_truth,known_truth_parameter_and_coupling_recovery,synthetic,400,20260919.0,hard_ot,iot-benchmark-0.1.0,pure_column_minimum_curvature,0.0,success,0.12569749999966,,,
nonlinear_or_hidden_confounding_misspecification,B1_known_truth,known_truth_parameter_and_coupling_recovery,synthetic,400,20260920.0,soft_iot,iot-benchmark-0.1.0,pure_column_minimum_curvature,0.2868084658658176,success,1.0244719000002078,,,
nonlinear_or_hidden_confounding_misspecification,B1_known_truth,known_truth_parameter_and_coupling_recovery,synthetic,400,20260920.0,hard_ot,iot-benchmark-0.1.0,pure_column_minimum_curvature,-8.88178419700125e-10,success,0.1201066999997237,,,
nonlinear_or_hidden_confounding_misspecification,B1_known_truth,known_truth_parameter_and_coupling_recovery,synthetic,2000,20260916.0,soft_iot,iot-benchmark-0.1.0,pure_column_minimum_curvature,0.2275319093136829,success,1.476230199999918,,,
nonlinear_or_hidden_confounding_misspecification,B1_known_truth,known_truth_parameter_and_coupling_recovery,synthetic,2000,20260916.0,hard_ot,iot-benchmark-0.1.0,pure_column_minimum_curvature,4.4408920985006256e-10,success,0.2441287999999986,,,
nonlinear_or_hidden_confounding_misspecification,B1_known_truth,known_truth_parameter_and_coupling_recovery,synthetic,2000,20260917.0,soft_iot,iot-benchmark-0.1.0,pure_column_minimum_curvature,0.2040247149004415,success,1.1467106999998578,,,
nonlinear_or_hidden_confounding_misspecification,B1_known_truth,known_truth_parameter_and_coupling_recovery,synthetic,2000,20260917.0,hard_ot,iot-benchmark-0.1.0,pure_column_minimum_curvature,0.0,success,0.2061431000001903,,,
nonlinear_or_hidden_confounding_misspecification,B1_known_truth,known_truth_parameter_and_coupling_recovery,synthetic,2000,20260918.0,soft_iot,iot-benchmark-0.1.0,pure_column_minimum_curvature,0.3354325874838082,success,1.1300897999999506,,,
nonlinear_or_hidden_confounding_misspecification,B1_known_truth,known_truth_parameter_and_coupling_recovery,synthetic,2000,20260918.0,hard_ot,iot-benchmark-0.1.0,pure_column_minimum_curvature,0.0,success,0.1995476000001872,,,
nonlinear_or_hidden_confounding_misspecification,B1_known_truth,known_truth_parameter_and_coupling_recovery,synthetic,2000,20260919.0,soft_iot,iot-benchmark-0.1.0,pure_column_minimum_curvature,0.1409240706351511,success,1.08436329999995,,,
nonlinear_or_hidden_confounding_misspecification,B1_known_truth,known_truth_parameter_and_coupling_recovery,synthetic,2000,20260919.0,hard_ot,iot-benchmark-0.1.0,pure_column_minimum_curvature,0.0,success,0.1443789999998443,,,
nonlinear_or_hidden_confounding_misspecification,B1_known_truth,known_truth_parameter_and_coupling_recovery,synthetic,2000,20260920.0,soft_iot,iot-benchmark-0.1.0,pure_column_minimum_curvature,0.26413883125187,success,0.9798384000000624,,,
nonlinear_or_hidden_confounding_misspecification,B1_known_truth,known_truth_parameter_and_coupling_recovery,synthetic,2000,20260920.0,hard_ot,iot-benchmark-0.1.0,pure_column_minimum_curvature,0.0,success,0.1209948999999142,,,
nonlinear_or_hidden_confounding_misspecification,B1_known_truth,known_truth_parameter_and_coupling_recovery,synthetic,10000,20260916.0,soft_iot,iot-benchmark-0.1.0,pure_column_minimum_curvature,0.2489873067723635,success,1.4587419000004047,,,
nonlinear_or_hidden_confounding_misspecification,B1_known_truth,known_truth_parameter_and_coupling_recovery,synthetic,10000,20260916.0,hard_ot,iot-benchmark-0.1.0,pure_column_minimum_curvature,-8.88178419700125e-10,success,0.2454908999998224,,,
nonlinear_or_hidden_confounding_misspecification,B1_known_truth,known_truth_parameter_and_coupling_recovery,synthetic,10000,20260917.0,soft_iot,iot-benchmark-0.1.0,pure_column_minimum_curvature,0.2118321718036497,success,1.1241569000003435,,,
nonlinear_or_hidden_confounding_misspecification,B1_known_truth,known_truth_parameter_and_coupling_recovery,synthetic,10000,20260917.0,hard_ot,iot-benchmark-0.1.0,pure_column_minimum_curvature,0.0,success,0.204494699999941,,,
nonlinear_or_hidden_confounding_misspecification,B1_known_truth,known_truth_parameter_and_coupling_recovery,synthetic,10000,20260918.0,soft_iot,iot-benchmark-0.1.0,pure_column_minimum_curvature,0.3107082746645062,success,1.1670874999999796,,,
nonlinear_or_hidden_confounding_misspecification,B1_known_truth,known_truth_parameter_and_coupling_recovery,synthetic,10000,20260918.0,hard_ot,iot-benchmark-0.1.0,pure_column_minimum_curvature,0.0,success,0.2254143000000112,,,
nonlinear_or_hidden_confounding_misspecification,B1_known_truth,known_truth_parameter_and_coupling_recovery,synthetic,10000,20260919.0,soft_iot,iot-benchmark-0.1.0,pure_column_minimum_curvature,0.1446007931171777,success,1.1234731999998075,,,
nonlinear_or_hidden_confounding_misspecification,B1_known_truth,known_truth_parameter_and_coupling_recovery,synthetic,10000,20260919.0,hard_ot,iot-benchmark-0.1.0,pure_column_minimum_curvature,0.0,success,0.1464865000002646,,,
nonlinear_or_hidden_confounding_misspecification,B1_known_truth,known_truth_parameter_and_coupling_recovery,synthetic,10000,20260920.0,soft_iot,iot-benchmark-0.1.0,pure_column_minimum_curvature,0.2859014975875595,success,1.0709382000000005,,,
nonlinear_or_hidden_confounding_misspecification,B1_known_truth,known_truth_parameter_and_coupling_recovery,synthetic,10000,20260920.0,hard_ot,iot-benchmark-0.1.0,pure_column_minimum_curvature,-4.4408920985006256e-10,success,0.1322454999999536,,,
identifiable_soft_marginal,B1_known_truth,known_truth_parameter_and_coupling_recovery,synthetic,400,20260916.0,soft_iot,iot-benchmark-0.1.0,restart_direction_variance,3.798305901454861e-13,success,0.963803000000098,,,
identifiable_soft_marginal,B1_known_truth,known_truth_parameter_and_coupling_recovery,synthetic,400,20260916.0,hard_ot,iot-benchmark-0.1.0,restart_direction_variance,0.0647746140579003,success,0.1392136999998001,,,
identifiable_soft_marginal,B1_known_truth,known_truth_parameter_and_coupling_recovery,synthetic,400,20260917.0,soft_iot,iot-benchmark-0.1.0,restart_direction_variance,2.788812695977547e-13,success,1.132093400000031,,,
identifiable_soft_marginal,B1_known_truth,known_truth_parameter_and_coupling_recovery,synthetic,400,20260917.0,hard_ot,iot-benchmark-0.1.0,restart_direction_variance,0.0986833835986874,success,0.1504667000003792,,,
identifiable_soft_marginal,B1_known_truth,known_truth_parameter_and_coupling_recovery,synthetic,400,20260918.0,soft_iot,iot-benchmark-0.1.0,restart_direction_variance,3.0719083879883484e-14,success,1.0148684000000685,,,
identifiable_soft_marginal,B1_known_truth,known_truth_parameter_and_coupling_recovery,synthetic,400,20260918.0,hard_ot,iot-benchmark-0.1.0,restart_direction_variance,0.0775051751089891,success,0.1824176000000079,,,
identifiable_soft_marginal,B1_known_truth,known_truth_parameter_and_coupling_recovery,synthetic,400,20260919.0,soft_iot,iot-benchmark-0.1.0,restart_direction_variance,1.396304965294252e-13,success,0.96355850000009,,,
identifiable_soft_marginal,B1_known_truth,known_truth_parameter_and_coupling_recovery,synthetic,400,20260919.0,hard_ot,iot-benchmark-0.1.0,restart_direction_variance,0.1286257574375557,success,0.1000410000001466,,,
identifiable_soft_marginal,B1_known_truth,known_truth_parameter_and_coupling_recovery,synthetic,400,20260920.0,soft_iot,iot-benchmark-0.1.0,restart_direction_variance,2.4505312890274622e-14,success,0.8907831000001352,,,
identifiable_soft_marginal,B1_known_truth,known_truth_parameter_and_coupling_recovery,synthetic,400,20260920.0,hard_ot,iot-benchmark-0.1.0,restart_direction_variance,0.1436545875896556,success,0.1080259000000296,,,
identifiable_soft_marginal,B1_known_truth,known_truth_parameter_and_coupling_recovery,synthetic,2000,20260916.0,soft_iot,iot-benchmark-0.1.0,restart_direction_variance,2.1266280606610045e-13,success,1.0275094999997236,,,
identifiable_soft_marginal,B1_known_truth,known_truth_parameter_and_coupling_recovery,synthetic,2000,20260916.0,hard_ot,iot-benchmark-0.1.0,restart_direction_variance,0.060894247222499,success,0.1905112999997982,,,
identifiable_soft_marginal,B1_known_truth,known_truth_parameter_and_coupling_recovery,synthetic,2000,20260917.0,soft_iot,iot-benchmark-0.1.0,restart_direction_variance,1.916238902879262e-14,success,1.0609501000003547,,,
identifiable_soft_marginal,B1_known_truth,known_truth_parameter_and_coupling_recovery,synthetic,2000,20260917.0,hard_ot,iot-benchmark-0.1.0,restart_direction_variance,0.1010814282895829,success,0.1462578999999095,,,
identifiable_soft_marginal,B1_known_truth,known_truth_parameter_and_coupling_recovery,synthetic,2000,20260918.0,soft_iot,iot-benchmark-0.1.0,restart_direction_variance,7.618648496683025e-15,success,0.9338363000001664,,,
identifiable_soft_marginal,B1_known_truth,known_truth_parameter_and_coupling_recovery,synthetic,2000,20260918.0,hard_ot,iot-benchmark-0.1.0,restart_direction_variance,0.0793811458598071,success,0.1552415999999539,,,
identifiable_soft_marginal,B1_known_truth,known_truth_parameter_and_coupling_recovery,synthetic,2000,20260919.0,soft_iot,iot-benchmark-0.1.0,restart_direction_variance,3.5994748127953885e-13,success,1.0084128000003147,,,
identifiable_soft_marginal,B1_known_truth,known_truth_parameter_and_coupling_recovery,synthetic,2000,20260919.0,hard_ot,iot-benchmark-0.1.0,restart_direction_variance,0.1422373496909778,success,0.0984231999996154,,,
identifiable_soft_marginal,B1_known_truth,known_truth_parameter_and_coupling_recovery,synthetic,2000,20260920.0,soft_iot,iot-benchmark-0.1.0,restart_direction_variance,1.513421867376697e-13,success,0.8803312000000005,,,
identifiable_soft_marginal,B1_known_truth,known_truth_parameter_and_coupling_recovery,synthetic,2000,20260920.0,hard_ot,iot-benchmark-0.1.0,restart_direction_variance,0.1460841871730005,success,0.0869949999996606,,,
identifiable_soft_marginal,B1_known_truth,known_truth_parameter_and_coupling_recovery,synthetic,10000,20260916.0,soft_iot,iot-benchmark-0.1.0,restart_direction_variance,1.3659974755404336e-13,success,0.945737800000188,,,
identifiable_soft_marginal,B1_known_truth,known_truth_parameter_and_coupling_recovery,synthetic,10000,20260916.0,hard_ot,iot-benchmark-0.1.0,restart_direction_variance,0.0616026736463164,success,0.1422238999998626,,,
identifiable_soft_marginal,B1_known_truth,known_truth_parameter_and_coupling_recovery,synthetic,10000,20260917.0,soft_iot,iot-benchmark-0.1.0,restart_direction_variance,1.451860039091756e-13,success,0.9946180000001732,,,
identifiable_soft_marginal,B1_known_truth,known_truth_parameter_and_coupling_recovery,synthetic,10000,20260917.0,hard_ot,iot-benchmark-0.1.0,restart_direction_variance,0.1008099981187067,success,0.1672464999996918,,,
identifiable_soft_marginal,B1_known_truth,known_truth_parameter_and_coupling_recovery,synthetic,10000,20260918.0,soft_iot,iot-benchmark-0.1.0,restart_direction_variance,5.398738512916399e-14,success,0.9884000000001834,,,
identifiable_soft_marginal,B1_known_truth,known_truth_parameter_and_coupling_recovery,synthetic,10000,20260918.0,hard_ot,iot-benchmark-0.1.0,restart_direction_variance,0.0798545869259997,success,0.1465640000001258,,,
identifiable_soft_marginal,B1_known_truth,known_truth_parameter_and_coupling_recovery,synthetic,10000,20260919.0,soft_iot,iot-benchmark-0.1.0,restart_direction_variance,1.6498947518012144e-13,success,1.016133500000251,,,
identifiable_soft_marginal,B1_known_truth,known_truth_parameter_and_coupling_recovery,synthetic,10000,20260919.0,hard_ot,iot-benchmark-0.1.0,restart_direction_variance,0.144255192016548,success,0.1013747000001785,,,
identifiable_soft_marginal,B1_known_truth,known_truth_parameter_and_coupling_recovery,synthetic,10000,20260920.0,soft_iot,iot-benchmark-0.1.0,restart_direction_variance,1.0357353217041693e-13,success,0.9297907999998642,,,
identifiable_soft_marginal,B1_known_truth,known_truth_parameter_and_coupling_recovery,synthetic,10000,20260920.0,hard_ot,iot-benchmark-0.1.0,restart_direction_variance,0.1367698752419833,success,0.0945558999997047,,,
hard_marginal_flat_direction,B1_known_truth,known_truth_parameter_and_coupling_recovery,synthetic,400,20260916.0,soft_iot,iot-benchmark-0.1.0,restart_direction_variance,3.798305901454861e-13,success,1.5232843999997383,,,
hard_marginal_flat_direction,B1_known_truth,known_truth_parameter_and_coupling_recovery,synthetic,400,20260916.0,hard_ot,iot-benchmark-0.1.0,restart_direction_variance,0.0647746140579003,success,0.2748335000001134,,,
hard_marginal_flat_direction,B1_known_truth,known_truth_parameter_and_coupling_recovery,synthetic,400,20260917.0,soft_iot,iot-benchmark-0.1.0,restart_direction_variance,2.788812695977547e-13,success,1.5501485000004325,,,
hard_marginal_flat_direction,B1_known_truth,known_truth_parameter_and_coupling_recovery,synthetic,400,20260917.0,hard_ot,iot-benchmark-0.1.0,restart_direction_variance,0.0986833835986874,success,0.2171367000000827,,,
hard_marginal_flat_direction,B1_known_truth,known_truth_parameter_and_coupling_recovery,synthetic,400,20260918.0,soft_iot,iot-benchmark-0.1.0,restart_direction_variance,3.0719083879883484e-14,success,1.3613313000000744,,,
hard_marginal_flat_direction,B1_known_truth,known_truth_parameter_and_coupling_recovery,synthetic,400,20260918.0,hard_ot,iot-benchmark-0.1.0,restart_direction_variance,0.0775051751089891,success,0.2224190000001726,,,
hard_marginal_flat_direction,B1_known_truth,known_truth_parameter_and_coupling_recovery,synthetic,400,20260919.0,soft_iot,iot-benchmark-0.1.0,restart_direction_variance,1.396304965294252e-13,success,1.1765565000000606,,,
hard_marginal_flat_direction,B1_known_truth,known_truth_parameter_and_coupling_recovery,synthetic,400,20260919.0,hard_ot,iot-benchmark-0.1.0,restart_direction_variance,0.1286257574375557,success,0.1316170000000056,,,
hard_marginal_flat_direction,B1_known_truth,known_truth_parameter_and_coupling_recovery,synthetic,400,20260920.0,soft_iot,iot-benchmark-0.1.0,restart_direction_variance,2.4505312890274622e-14,success,1.1393797000000632,,,
hard_marginal_flat_direction,B1_known_truth,known_truth_parameter_and_coupling_recovery,synthetic,400,20260920.0,hard_ot,iot-benchmark-0.1.0,restart_direction_variance,0.1436545875896556,success,0.1126588000001902,,,
hard_marginal_flat_direction,B1_known_truth,known_truth_parameter_and_coupling_recovery,synthetic,2000,20260916.0,soft_iot,iot-benchmark-0.1.0,restart_direction_variance,2.1266280606610045e-13,success,1.1556378999998742,,,
hard_marginal_flat_direction,B1_known_truth,known_truth_parameter_and_coupling_recovery,synthetic,2000,20260916.0,hard_ot,iot-benchmark-0.1.0,restart_direction_variance,0.060894247222499,success,0.1678867000000536,,,
hard_marginal_flat_direction,B1_known_truth,known_truth_parameter_and_coupling_recovery,synthetic,2000,20260917.0,soft_iot,iot-benchmark-0.1.0,restart_direction_variance,1.916238902879262e-14,success,1.0604648999997153,,,
hard_marginal_flat_direction,B1_known_truth,known_truth_parameter_and_coupling_recovery,synthetic,2000,20260917.0,hard_ot,iot-benchmark-0.1.0,restart_direction_variance,0.1010814282895829,success,0.1387133999996876,,,
hard_marginal_flat_direction,B1_known_truth,known_truth_parameter_and_coupling_recovery,synthetic,2000,20260918.0,soft_iot,iot-benchmark-0.1.0,restart_direction_variance,7.618648496683025e-15,success,1.0904113000001416,,,
hard_marginal_flat_direction,B1_known_truth,known_truth_parameter_and_coupling_recovery,synthetic,2000,20260918.0,hard_ot,iot-benchmark-0.1.0,restart_direction_variance,0.0793811458598071,success,0.160927299999912,,,
hard_marginal_flat_direction,B1_known_truth,known_truth_parameter_and_coupling_recovery,synthetic,2000,20260919.0,soft_iot,iot-benchmark-0.1.0,restart_direction_variance,3.5994748127953885e-13,success,0.972682700000405,,,
hard_marginal_flat_direction,B1_known_truth,known_truth_parameter_and_coupling_recovery,synthetic,2000,20260919.0,hard_ot,iot-benchmark-0.1.0,restart_direction_variance,0.1422373496909778,success,0.1193326000002343,,,
hard_marginal_flat_direction,B1_known_truth,known_truth_parameter_and_coupling_recovery,synthetic,2000,20260920.0,soft_iot,iot-benchmark-0.1.0,restart_direction_variance,1.513421867376697e-13,success,1.0363537000002907,,,
hard_marginal_flat_direction,B1_known_truth,known_truth_parameter_and_coupling_recovery,synthetic,2000,20260920.0,hard_ot,iot-benchmark-0.1.0,restart_direction_variance,0.1460841871730005,success,0.0963798000002498,,,
hard_marginal_flat_direction,B1_known_truth,known_truth_parameter_and_coupling_recovery,synthetic,10000,20260916.0,soft_iot,iot-benchmark-0.1.0,restart_direction_variance,1.3659974755404336e-13,success,0.9835258000002796,,,
hard_marginal_flat_direction,B1_known_truth,known_truth_parameter_and_coupling_recovery,synthetic,10000,20260916.0,hard_ot,iot-benchmark-0.1.0,restart_direction_variance,0.0616026736463164,success,0.1285948999998254,,,
hard_marginal_flat_direction,B1_known_truth,known_truth_parameter_and_coupling_recovery,synthetic,10000,20260917.0,soft_iot,iot-benchmark-0.1.0,restart_direction_variance,1.451860039091756e-13,success,1.0423848000000362,,,
hard_marginal_flat_direction,B1_known_truth,known_truth_parameter_and_coupling_recovery,synthetic,10000,20260917.0,hard_ot,iot-benchmark-0.1.0,restart_direction_variance,0.1008099981187067,success,0.1711081999997077,,,
hard_marginal_flat_direction,B1_known_truth,known_truth_parameter_and_coupling_recovery,synthetic,10000,20260918.0,soft_iot,iot-benchmark-0.1.0,restart_direction_variance,5.398738512916399e-14,success,1.0388536000000386,,,
hard_marginal_flat_direction,B1_known_truth,known_truth_parameter_and_coupling_recovery,synthetic,10000,20260918.0,hard_ot,iot-benchmark-0.1.0,restart_direction_variance,0.0798545869259997,success,0.159653299999718,,,
hard_marginal_flat_direction,B1_known_truth,known_truth_parameter_and_coupling_recovery,synthetic,10000,20260919.0,soft_iot,iot-benchmark-0.1.0,restart_direction_variance,1.6498947518012144e-13,success,1.0565594999998211,,,
hard_marginal_flat_direction,B1_known_truth,known_truth_parameter_and_coupling_recovery,synthetic,10000,20260919.0,hard_ot,iot-benchmark-0.1.0,restart_direction_variance,0.144255192016548,success,0.1007915999998658,,,
hard_marginal_flat_direction,B1_known_truth,known_truth_parameter_and_coupling_recovery,synthetic,10000,20260920.0,soft_iot,iot-benchmark-0.1.0,restart_direction_variance,1.0357353217041693e-13,success,0.9896129000003384,,,
hard_marginal_flat_direction,B1_known_truth,known_truth_parameter_and_coupling_recovery,synthetic,10000,20260920.0,hard_ot,iot-benchmark-0.1.0,restart_direction_variance,0.1367698752419833,success,0.1319333000001279,,,
equivalent_fit_multiple_parameters,B1_known_truth,known_truth_parameter_and_coupling_recovery,synthetic,400,20260916.0,soft_iot,iot-benchmark-0.1.0,restart_direction_variance,1.3898888218933465e-13,success,1.07515420000027,,,
equivalent_fit_multiple_parameters,B1_known_truth,known_truth_parameter_and_coupling_recovery,synthetic,400,20260916.0,hard_ot,iot-benchmark-0.1.0,restart_direction_variance,0.2061074051763044,success,0.0828166999999666,,,
equivalent_fit_multiple_parameters,B1_known_truth,known_truth_parameter_and_coupling_recovery,synthetic,400,20260917.0,soft_iot,iot-benchmark-0.1.0,restart_direction_variance,1.670706390901926e-13,success,0.9713815000000068,,,
equivalent_fit_multiple_parameters,B1_known_truth,known_truth_parameter_and_coupling_recovery,synthetic,400,20260917.0,hard_ot,iot-benchmark-0.1.0,restart_direction_variance,0.2026443328940148,success,0.1086900999998761,,,
equivalent_fit_multiple_parameters,B1_known_truth,known_truth_parameter_and_coupling_recovery,synthetic,400,20260918.0,soft_iot,iot-benchmark-0.1.0,restart_direction_variance,2.4826804479267067e-14,success,0.8395845000000008,,,
equivalent_fit_multiple_parameters,B1_known_truth,known_truth_parameter_and_coupling_recovery,synthetic,400,20260918.0,hard_ot,iot-benchmark-0.1.0,restart_direction_variance,0.1939920563809734,success,0.0948812999999972,,,
equivalent_fit_multiple_parameters,B1_known_truth,known_truth_parameter_and_coupling_recovery,synthetic,400,20260919.0,soft_iot,iot-benchmark-0.1.0,restart_direction_variance,1.0844987060222321e-13,success,1.1241503999999622,,,
equivalent_fit_multiple_parameters,B1_known_truth,known_truth_parameter_and_coupling_recovery,synthetic,400,20260919.0,hard_ot,iot-benchmark-0.1.0,restart_direction_variance,0.1846038746057955,success,0.1172025000000758,,,
equivalent_fit_multiple_parameters,B1_known_truth,known_truth_parameter_and_coupling_recovery,synthetic,400,20260920.0,soft_iot,iot-benchmark-0.1.0,restart_direction_variance,2.123970478964794e-13,success,1.0202758999998878,,,
equivalent_fit_multiple_parameters,B1_known_truth,known_truth_parameter_and_coupling_recovery,synthetic,400,20260920.0,hard_ot,iot-benchmark-0.1.0,restart_direction_variance,0.2056493387178563,success,0.1098799000001236,,,
equivalent_fit_multiple_parameters,B1_known_truth,known_truth_parameter_and_coupling_recovery,synthetic,2000,20260916.0,soft_iot,iot-benchmark-0.1.0,restart_direction_variance,2.3914126694025045e-13,success,1.0049973999998656,,,
equivalent_fit_multiple_parameters,B1_known_truth,known_truth_parameter_and_coupling_recovery,synthetic,2000,20260916.0,hard_ot,iot-benchmark-0.1.0,restart_direction_variance,0.2116761136109295,success,0.1029505999999855,,,
equivalent_fit_multiple_parameters,B1_known_truth,known_truth_parameter_and_coupling_recovery,synthetic,2000,20260917.0,soft_iot,iot-benchmark-0.1.0,restart_direction_variance,1.850604689345744e-12,success,1.0348675000000185,,,
equivalent_fit_multiple_parameters,B1_known_truth,known_truth_parameter_and_coupling_recovery,synthetic,2000,20260917.0,hard_ot,iot-benchmark-0.1.0,restart_direction_variance,0.2045185254456162,success,0.1132460000003448,,,
equivalent_fit_multiple_parameters,B1_known_truth,known_truth_parameter_and_coupling_recovery,synthetic,2000,20260918.0,soft_iot,iot-benchmark-0.1.0,restart_direction_variance,5.3878038306976196e-14,success,0.920255100000304,,,
equivalent_fit_multiple_parameters,B1_known_truth,known_truth_parameter_and_coupling_recovery,synthetic,2000,20260918.0,hard_ot,iot-benchmark-0.1.0,restart_direction_variance,0.1952584819233156,success,0.0879520999997112,,,
equivalent_fit_multiple_parameters,B1_known_truth,known_truth_parameter_and_coupling_recovery,synthetic,2000,20260919.0,soft_iot,iot-benchmark-0.1.0,restart_direction_variance,1.568481989198529e-13,success,1.1910577000003286,,,
equivalent_fit_multiple_parameters,B1_known_truth,known_truth_parameter_and_coupling_recovery,synthetic,2000,20260919.0,hard_ot,iot-benchmark-0.1.0,restart_direction_variance,0.184731685252915,success,0.122143799999776,,,
equivalent_fit_multiple_parameters,B1_known_truth,known_truth_parameter_and_coupling_recovery,synthetic,2000,20260920.0,soft_iot,iot-benchmark-0.1.0,restart_direction_variance,2.468956335972468e-13,success,0.9830117999999856,,,
equivalent_fit_multiple_parameters,B1_known_truth,known_truth_parameter_and_coupling_recovery,synthetic,2000,20260920.0,hard_ot,iot-benchmark-0.1.0,restart_direction_variance,0.2054239093660288,success,0.0942646000003151,,,
equivalent_fit_multiple_parameters,B1_known_truth,known_truth_parameter_and_coupling_recovery,synthetic,10000,20260916.0,soft_iot,iot-benchmark-0.1.0,restart_direction_variance,9.279494683521136e-14,success,0.9429312000002028,,,
equivalent_fit_multiple_parameters,B1_known_truth,known_truth_parameter_and_coupling_recovery,synthetic,10000,20260916.0,hard_ot,iot-benchmark-0.1.0,restart_direction_variance,0.2125319125819989,success,0.0865029000001413,,,
equivalent_fit_multiple_parameters,B1_known_truth,known_truth_parameter_and_coupling_recovery,synthetic,10000,20260917.0,soft_iot,iot-benchmark-0.1.0,restart_direction_variance,4.073176032824917e-14,success,0.9786874000001262,,,
equivalent_fit_multiple_parameters,B1_known_truth,known_truth_parameter_and_coupling_recovery,synthetic,10000,20260917.0,hard_ot,iot-benchmark-0.1.0,restart_direction_variance,0.2047884180450052,success,0.1116302999998879,,,
equivalent_fit_multiple_parameters,B1_known_truth,known_truth_parameter_and_coupling_recovery,synthetic,10000,20260918.0,soft_iot,iot-benchmark-0.1.0,restart_direction_variance,9.729260281579984e-14,success,0.8395958000000974,,,
equivalent_fit_multiple_parameters,B1_known_truth,known_truth_parameter_and_coupling_recovery,synthetic,10000,20260918.0,hard_ot,iot-benchmark-0.1.0,restart_direction_variance,0.1953284558688947,success,0.0872058999998444,,,
equivalent_fit_multiple_parameters,B1_known_truth,known_truth_parameter_and_coupling_recovery,synthetic,10000,20260919.0,soft_iot,iot-benchmark-0.1.0,restart_direction_variance,2.220326488191084e-13,success,1.0072248999999829,,,
equivalent_fit_multiple_parameters,B1_known_truth,known_truth_parameter_and_coupling_recovery,synthetic,10000,20260919.0,hard_ot,iot-benchmark-0.1.0,restart_direction_variance,0.1847363409882331,success,0.1041626000001088,,,
equivalent_fit_multiple_parameters,B1_known_truth,known_truth_parameter_and_coupling_recovery,synthetic,10000,20260920.0,soft_iot,iot-benchmark-0.1.0,restart_direction_variance,1.5358519320555148e-13,success,1.184292199999618,,,
equivalent_fit_multiple_parameters,B1_known_truth,known_truth_parameter_and_coupling_recovery,synthetic,10000,20260920.0,hard_ot,iot-benchmark-0.1.0,restart_direction_variance,0.2054664590039889,success,0.1108207000002039,,,
shared_plus_context_offset,B1_known_truth,known_truth_parameter_and_coupling_recovery,synthetic,400,20260916.0,soft_iot,iot-benchmark-0.1.0,restart_direction_variance,3.481958222410208e-14,success,1.1123382999999194,,,
shared_plus_context_offset,B1_known_truth,known_truth_parameter_and_coupling_recovery,synthetic,400,20260916.0,hard_ot,iot-benchmark-0.1.0,restart_direction_variance,0.0594842194835263,success,0.1654218999997283,,,
shared_plus_context_offset,B1_known_truth,known_truth_parameter_and_coupling_recovery,synthetic,400,20260917.0,soft_iot,iot-benchmark-0.1.0,restart_direction_variance,1.1442553017775506e-13,success,1.1023595999999998,,,
shared_plus_context_offset,B1_known_truth,known_truth_parameter_and_coupling_recovery,synthetic,400,20260917.0,hard_ot,iot-benchmark-0.1.0,restart_direction_variance,0.1065244548845614,success,0.2124383000000307,,,
shared_plus_context_offset,B1_known_truth,known_truth_parameter_and_coupling_recovery,synthetic,400,20260918.0,soft_iot,iot-benchmark-0.1.0,restart_direction_variance,5.044204415017759e-14,success,1.051800800000365,,,
shared_plus_context_offset,B1_known_truth,known_truth_parameter_and_coupling_recovery,synthetic,400,20260918.0,hard_ot,iot-benchmark-0.1.0,restart_direction_variance,0.0788389175958989,success,0.1991322000003492,,,
shared_plus_context_offset,B1_known_truth,known_truth_parameter_and_coupling_recovery,synthetic,400,20260919.0,soft_iot,iot-benchmark-0.1.0,restart_direction_variance,5.150487815465089e-13,success,1.0626346999997622,,,
shared_plus_context_offset,B1_known_truth,known_truth_parameter_and_coupling_recovery,synthetic,400,20260919.0,hard_ot,iot-benchmark-0.1.0,restart_direction_variance,0.1311391460060481,success,0.1177881999997225,,,
shared_plus_context_offset,B1_known_truth,known_truth_parameter_and_coupling_recovery,synthetic,400,20260920.0,soft_iot,iot-benchmark-0.1.0,restart_direction_variance,1.6987860407480638e-13,success,1.0025394999997843,,,
shared_plus_context_offset,B1_known_truth,known_truth_parameter_and_coupling_recovery,synthetic,400,20260920.0,hard_ot,iot-benchmark-0.1.0,restart_direction_variance,0.1527567481458919,success,0.1008627999999589,,,
shared_plus_context_offset,B1_known_truth,known_truth_parameter_and_coupling_recovery,synthetic,2000,20260916.0,soft_iot,iot-benchmark-0.1.0,restart_direction_variance,2.605918452145289e-13,success,0.9982817000000068,,,
shared_plus_context_offset,B1_known_truth,known_truth_parameter_and_coupling_recovery,synthetic,2000,20260916.0,hard_ot,iot-benchmark-0.1.0,restart_direction_variance,0.0602277907308195,success,0.1455492000000049,,,
shared_plus_context_offset,B1_known_truth,known_truth_parameter_and_coupling_recovery,synthetic,2000,20260917.0,soft_iot,iot-benchmark-0.1.0,restart_direction_variance,1.3564681915947158e-13,success,1.02074599999969,,,
shared_plus_context_offset,B1_known_truth,known_truth_parameter_and_coupling_recovery,synthetic,2000,20260917.0,hard_ot,iot-benchmark-0.1.0,restart_direction_variance,0.0976984095855669,success,0.1568135000002257,,,
shared_plus_context_offset,B1_known_truth,known_truth_parameter_and_coupling_recovery,synthetic,2000,20260918.0,soft_iot,iot-benchmark-0.1.0,restart_direction_variance,2.3223849593205262e-14,success,0.8786196999999447,,,
shared_plus_context_offset,B1_known_truth,known_truth_parameter_and_coupling_recovery,synthetic,2000,20260918.0,hard_ot,iot-benchmark-0.1.0,restart_direction_variance,0.0790772311629539,success,0.1371281000001545,,,
shared_plus_context_offset,B1_known_truth,known_truth_parameter_and_coupling_recovery,synthetic,2000,20260919.0,soft_iot,iot-benchmark-0.1.0,restart_direction_variance,2.8976006908050733e-13,success,1.0219849000000067,,,
shared_plus_context_offset,B1_known_truth,known_truth_parameter_and_coupling_recovery,synthetic,2000,20260919.0,hard_ot,iot-benchmark-0.1.0,restart_direction_variance,0.1433100589614536,success,0.1076626999997643,,,
shared_plus_context_offset,B1_known_truth,known_truth_parameter_and_coupling_recovery,synthetic,2000,20260920.0,soft_iot,iot-benchmark-0.1.0,restart_direction_variance,1.488084099766755e-13,success,0.9431463000000804,,,
shared_plus_context_offset,B1_known_truth,known_truth_parameter_and_coupling_recovery,synthetic,2000,20260920.0,hard_ot,iot-benchmark-0.1.0,restart_direction_variance,0.1316227060368269,success,0.085291600000346,,,
shared_plus_context_offset,B1_known_truth,known_truth_parameter_and_coupling_recovery,synthetic,10000,20260916.0,soft_iot,iot-benchmark-0.1.0,restart_direction_variance,4.9821214714759734e-14,success,0.9935421999998651,,,
shared_plus_context_offset,B1_known_truth,known_truth_parameter_and_coupling_recovery,synthetic,10000,20260916.0,hard_ot,iot-benchmark-0.1.0,restart_direction_variance,0.0620757969709021,success,0.1351744000003236,,,
shared_plus_context_offset,B1_known_truth,known_truth_parameter_and_coupling_recovery,synthetic,10000,20260917.0,soft_iot,iot-benchmark-0.1.0,restart_direction_variance,1.2006057206632446e-13,success,0.963337700000011,,,
shared_plus_context_offset,B1_known_truth,known_truth_parameter_and_coupling_recovery,synthetic,10000,20260917.0,hard_ot,iot-benchmark-0.1.0,restart_direction_variance,0.1022596931349284,success,0.1563703000001624,,,
shared_plus_context_offset,B1_known_truth,known_truth_parameter_and_coupling_recovery,synthetic,10000,20260918.0,soft_iot,iot-benchmark-0.1.0,restart_direction_variance,3.7721664267680624e-14,success,0.9668118999998114,,,
shared_plus_context_offset,B1_known_truth,known_truth_parameter_and_coupling_recovery,synthetic,10000,20260918.0,hard_ot,iot-benchmark-0.1.0,restart_direction_variance,0.0803319214467597,success,0.1507541000000856,,,
shared_plus_context_offset,B1_known_truth,known_truth_parameter_and_coupling_recovery,synthetic,10000,20260919.0,soft_iot,iot-benchmark-0.1.0,restart_direction_variance,3.6646187386754997e-13,success,1.0804274999995869,,,
shared_plus_context_offset,B1_known_truth,known_truth_parameter_and_coupling_recovery,synthetic,10000,20260919.0,hard_ot,iot-benchmark-0.1.0,restart_direction_variance,0.1415485967961971,success,0.0913902999996025,,,
shared_plus_context_offset,B1_known_truth,known_truth_parameter_and_coupling_recovery,synthetic,10000,20260920.0,soft_iot,iot-benchmark-0.1.0,restart_direction_variance,8.67179744625099e-14,success,1.0419104000002335,,,
shared_plus_context_offset,B1_known_truth,known_truth_parameter_and_coupling_recovery,synthetic,10000,20260920.0,hard_ot,iot-benchmark-0.1.0,restart_direction_variance,0.1409021078976285,success,0.0908484999999927,,,
observation_noise_and_dropout,B1_known_truth,known_truth_parameter_and_coupling_recovery,synthetic,400,20260916.0,soft_iot,iot-benchmark-0.1.0,restart_direction_variance,5.490838664010235e-13,success,1.0358581000000413,,,
observation_noise_and_dropout,B1_known_truth,known_truth_parameter_and_coupling_recovery,synthetic,400,20260916.0,hard_ot,iot-benchmark-0.1.0,restart_direction_variance,0.0482169221165358,success,0.1563836000000265,,,
observation_noise_and_dropout,B1_known_truth,known_truth_parameter_and_coupling_recovery,synthetic,400,20260917.0,soft_iot,iot-benchmark-0.1.0,restart_direction_variance,1.4711729933985094e-13,success,0.9919863999998596,,,
observation_noise_and_dropout,B1_known_truth,known_truth_parameter_and_coupling_recovery,synthetic,400,20260917.0,hard_ot,iot-benchmark-0.1.0,restart_direction_variance,0.1235159775896361,success,0.133145599999807,,,
observation_noise_and_dropout,B1_known_truth,known_truth_parameter_and_coupling_recovery,synthetic,400,20260918.0,soft_iot,iot-benchmark-0.1.0,restart_direction_variance,4.4670983196119657e-14,success,1.0540828999996847,,,
observation_noise_and_dropout,B1_known_truth,known_truth_parameter_and_coupling_recovery,synthetic,400,20260918.0,hard_ot,iot-benchmark-0.1.0,restart_direction_variance,0.0885887351607962,success,0.1892931000002136,,,
observation_noise_and_dropout,B1_known_truth,known_truth_parameter_and_coupling_recovery,synthetic,400,20260919.0,soft_iot,iot-benchmark-0.1.0,restart_direction_variance,1.9162461935828538e-13,success,1.068597899999986,,,
observation_noise_and_dropout,B1_known_truth,known_truth_parameter_and_coupling_recovery,synthetic,400,20260919.0,hard_ot,iot-benchmark-0.1.0,restart_direction_variance,0.1159147915853171,success,0.1380479999997987,,,
observation_noise_and_dropout,B1_known_truth,known_truth_parameter_and_coupling_recovery,synthetic,400,20260920.0,soft_iot,iot-benchmark-0.1.0,restart_direction_variance,9.213805659586929e-14,success,1.0296806000001195,,,
observation_noise_and_dropout,B1_known_truth,known_truth_parameter_and_coupling_recovery,synthetic,400,20260920.0,hard_ot,iot-benchmark-0.1.0,restart_direction_variance,0.1600869362558061,success,0.1098606999998992,,,
observation_noise_and_dropout,B1_known_truth,known_truth_parameter_and_coupling_recovery,synthetic,2000,20260916.0,soft_iot,iot-benchmark-0.1.0,restart_direction_variance,2.6465583575920605e-13,success,1.0135543000001237,,,
observation_noise_and_dropout,B1_known_truth,known_truth_parameter_and_coupling_recovery,synthetic,2000,20260916.0,hard_ot,iot-benchmark-0.1.0,restart_direction_variance,0.0677332360700882,success,0.1671473999999762,,,
observation_noise_and_dropout,B1_known_truth,known_truth_parameter_and_coupling_recovery,synthetic,2000,20260917.0,soft_iot,iot-benchmark-0.1.0,restart_direction_variance,8.33415011356123e-13,success,1.0352265000001353,,,
observation_noise_and_dropout,B1_known_truth,known_truth_parameter_and_coupling_recovery,synthetic,2000,20260917.0,hard_ot,iot-benchmark-0.1.0,restart_direction_variance,0.0887472868150955,success,0.1598726000001988,,,
observation_noise_and_dropout,B1_known_truth,known_truth_parameter_and_coupling_recovery,synthetic,2000,20260918.0,soft_iot,iot-benchmark-0.1.0,restart_direction_variance,6.639936386425447e-14,success,1.039399499999945,,,
observation_noise_and_dropout,B1_known_truth,known_truth_parameter_and_coupling_recovery,synthetic,2000,20260918.0,hard_ot,iot-benchmark-0.1.0,restart_direction_variance,0.0696930312573184,success,0.1720463000001473,,,
observation_noise_and_dropout,B1_known_truth,known_truth_parameter_and_coupling_recovery,synthetic,2000,20260919.0,soft_iot,iot-benchmark-0.1.0,restart_direction_variance,1.281811857268472e-13,success,0.999287699999968,,,
observation_noise_and_dropout,B1_known_truth,known_truth_parameter_and_coupling_recovery,synthetic,2000,20260919.0,hard_ot,iot-benchmark-0.1.0,restart_direction_variance,0.1319561367184711,success,0.1218624000002819,,,
observation_noise_and_dropout,B1_known_truth,known_truth_parameter_and_coupling_recovery,synthetic,2000,20260920.0,soft_iot,iot-benchmark-0.1.0,restart_direction_variance,1.501260467186616e-13,success,1.0551024999999754,,,
observation_noise_and_dropout,B1_known_truth,known_truth_parameter_and_coupling_recovery,synthetic,2000,20260920.0,hard_ot,iot-benchmark-0.1.0,restart_direction_variance,0.1604264088921128,success,0.1008802999999716,,,
observation_noise_and_dropout,B1_known_truth,known_truth_parameter_and_coupling_recovery,synthetic,10000,20260916.0,soft_iot,iot-benchmark-0.1.0,restart_direction_variance,7.107029824757708e-13,success,1.0065113999999085,,,
observation_noise_and_dropout,B1_known_truth,known_truth_parameter_and_coupling_recovery,synthetic,10000,20260916.0,hard_ot,iot-benchmark-0.1.0,restart_direction_variance,0.0611113117739782,success,0.1825636000003214,,,
observation_noise_and_dropout,B1_known_truth,known_truth_parameter_and_coupling_recovery,synthetic,10000,20260917.0,soft_iot,iot-benchmark-0.1.0,restart_direction_variance,3.00659890596888e-13,success,1.1623053000002983,,,
observation_noise_and_dropout,B1_known_truth,known_truth_parameter_and_coupling_recovery,synthetic,10000,20260917.0,hard_ot,iot-benchmark-0.1.0,restart_direction_variance,0.0980965264671948,success,0.1776282999999239,,,
observation_noise_and_dropout,B1_known_truth,known_truth_parameter_and_coupling_recovery,synthetic,10000,20260918.0,soft_iot,iot-benchmark-0.1.0,restart_direction_variance,5.23780746450211e-14,success,0.9902772000000368,,,
observation_noise_and_dropout,B1_known_truth,known_truth_parameter_and_coupling_recovery,synthetic,10000,20260918.0,hard_ot,iot-benchmark-0.1.0,restart_direction_variance,0.0858742272328067,success,0.1657964999999421,,,
observation_noise_and_dropout,B1_known_truth,known_truth_parameter_and_coupling_recovery,synthetic,10000,20260919.0,soft_iot,iot-benchmark-0.1.0,restart_direction_variance,3.184327574699849e-13,success,1.043357399999877,,,
observation_noise_and_dropout,B1_known_truth,known_truth_parameter_and_coupling_recovery,synthetic,10000,20260919.0,hard_ot,iot-benchmark-0.1.0,restart_direction_variance,0.1355386830150776,success,0.1143796999999722,,,
observation_noise_and_dropout,B1_known_truth,known_truth_parameter_and_coupling_recovery,synthetic,10000,20260920.0,soft_iot,iot-benchmark-0.1.0,restart_direction_variance,2.206880739515217e-13,success,1.035367099999803,,,
observation_noise_and_dropout,B1_known_truth,known_truth_parameter_and_coupling_recovery,synthetic,10000,20260920.0,hard_ot,iot-benchmark-0.1.0,restart_direction_variance,0.109685851807493,success,0.1046404999997321,,,
nonlinear_or_hidden_confounding_misspecification,B1_known_truth,known_truth_parameter_and_coupling_recovery,synthetic,400,20260916.0,soft_iot,iot-benchmark-0.1.0,restart_direction_variance,9.139396645984977e-14,success,1.336510399999952,,,
nonlinear_or_hidden_confounding_misspecification,B1_known_truth,known_truth_parameter_and_coupling_recovery,synthetic,400,20260916.0,hard_ot,iot-benchmark-0.1.0,restart_direction_variance,0.0504520767972573,success,0.2024116000002322,,,
nonlinear_or_hidden_confounding_misspecification,B1_known_truth,known_truth_parameter_and_coupling_recovery,synthetic,400,20260917.0,soft_iot,iot-benchmark-0.1.0,restart_direction_variance,3.510776888534104e-14,success,1.113893200000348,,,
nonlinear_or_hidden_confounding_misspecification,B1_known_truth,known_truth_parameter_and_coupling_recovery,synthetic,400,20260917.0,hard_ot,iot-benchmark-0.1.0,restart_direction_variance,0.0879365062436688,success,0.2007628999999724,,,
nonlinear_or_hidden_confounding_misspecification,B1_known_truth,known_truth_parameter_and_coupling_recovery,synthetic,400,20260918.0,soft_iot,iot-benchmark-0.1.0,restart_direction_variance,4.5856379208771983e-14,success,1.1119886000001316,,,
nonlinear_or_hidden_confounding_misspecification,B1_known_truth,known_truth_parameter_and_coupling_recovery,synthetic,400,20260918.0,hard_ot,iot-benchmark-0.1.0,restart_direction_variance,0.0609491429114784,success,0.2208121999997274,,,
nonlinear_or_hidden_confounding_misspecification,B1_known_truth,known_truth_parameter_and_coupling_recovery,synthetic,400,20260919.0,soft_iot,iot-benchmark-0.1.0,restart_direction_variance,4.001448349241048e-13,success,1.0350179000001845,,,
nonlinear_or_hidden_confounding_misspecification,B1_known_truth,known_truth_parameter_and_coupling_recovery,synthetic,400,20260919.0,hard_ot,iot-benchmark-0.1.0,restart_direction_variance,0.1197389700415968,success,0.12569749999966,,,
nonlinear_or_hidden_confounding_misspecification,B1_known_truth,known_truth_parameter_and_coupling_recovery,synthetic,400,20260920.0,soft_iot,iot-benchmark-0.1.0,restart_direction_variance,5.266317200382306e-14,success,1.0244719000002078,,,
nonlinear_or_hidden_confounding_misspecification,B1_known_truth,known_truth_parameter_and_coupling_recovery,synthetic,400,20260920.0,hard_ot,iot-benchmark-0.1.0,restart_direction_variance,0.0991152344944836,success,0.1201066999997237,,,
nonlinear_or_hidden_confounding_misspecification,B1_known_truth,known_truth_parameter_and_coupling_recovery,synthetic,2000,20260916.0,soft_iot,iot-benchmark-0.1.0,restart_direction_variance,3.336933208238208e-13,success,1.476230199999918,,,
nonlinear_or_hidden_confounding_misspecification,B1_known_truth,known_truth_parameter_and_coupling_recovery,synthetic,2000,20260916.0,hard_ot,iot-benchmark-0.1.0,restart_direction_variance,0.0520624070412131,success,0.2441287999999986,,,
nonlinear_or_hidden_confounding_misspecification,B1_known_truth,known_truth_parameter_and_coupling_recovery,synthetic,2000,20260917.0,soft_iot,iot-benchmark-0.1.0,restart_direction_variance,1.0535411599425149e-13,success,1.1467106999998578,,,
nonlinear_or_hidden_confounding_misspecification,B1_known_truth,known_truth_parameter_and_coupling_recovery,synthetic,2000,20260917.0,hard_ot,iot-benchmark-0.1.0,restart_direction_variance,0.0980267593513495,success,0.2061431000001903,,,
nonlinear_or_hidden_confounding_misspecification,B1_known_truth,known_truth_parameter_and_coupling_recovery,synthetic,2000,20260918.0,soft_iot,iot-benchmark-0.1.0,restart_direction_variance,1.1634697621398428e-13,success,1.1300897999999506,,,
nonlinear_or_hidden_confounding_misspecification,B1_known_truth,known_truth_parameter_and_coupling_recovery,synthetic,2000,20260918.0,hard_ot,iot-benchmark-0.1.0,restart_direction_variance,0.0600716149570704,success,0.1995476000001872,,,
nonlinear_or_hidden_confounding_misspecification,B1_known_truth,known_truth_parameter_and_coupling_recovery,synthetic,2000,20260919.0,soft_iot,iot-benchmark-0.1.0,restart_direction_variance,5.617280852634681e-13,success,1.08436329999995,,,
nonlinear_or_hidden_confounding_misspecification,B1_known_truth,known_truth_parameter_and_coupling_recovery,synthetic,2000,20260919.0,hard_ot,iot-benchmark-0.1.0,restart_direction_variance,0.1235593532246011,success,0.1443789999998443,,,
nonlinear_or_hidden_confounding_misspecification,B1_known_truth,known_truth_parameter_and_coupling_recovery,synthetic,2000,20260920.0,soft_iot,iot-benchmark-0.1.0,restart_direction_variance,2.020776108889045e-14,success,0.9798384000000624,,,
nonlinear_or_hidden_confounding_misspecification,B1_known_truth,known_truth_parameter_and_coupling_recovery,synthetic,2000,20260920.0,hard_ot,iot-benchmark-0.1.0,restart_direction_variance,0.0953128164306985,success,0.1209948999999142,,,
nonlinear_or_hidden_confounding_misspecification,B1_known_truth,known_truth_parameter_and_coupling_recovery,synthetic,10000,20260916.0,soft_iot,iot-benchmark-0.1.0,restart_direction_variance,1.1549070369894005e-13,success,1.4587419000004047,,,
nonlinear_or_hidden_confounding_misspecification,B1_known_truth,known_truth_parameter_and_coupling_recovery,synthetic,10000,20260916.0,hard_ot,iot-benchmark-0.1.0,restart_direction_variance,0.0532632793768051,success,0.2454908999998224,,,
nonlinear_or_hidden_confounding_misspecification,B1_known_truth,known_truth_parameter_and_coupling_recovery,synthetic,10000,20260917.0,soft_iot,iot-benchmark-0.1.0,restart_direction_variance,1.7243642922941556e-14,success,1.1241569000003435,,,
nonlinear_or_hidden_confounding_misspecification,B1_known_truth,known_truth_parameter_and_coupling_recovery,synthetic,10000,20260917.0,hard_ot,iot-benchmark-0.1.0,restart_direction_variance,0.09175277978845,success,0.204494699999941,,,
nonlinear_or_hidden_confounding_misspecification,B1_known_truth,known_truth_parameter_and_coupling_recovery,synthetic,10000,20260918.0,soft_iot,iot-benchmark-0.1.0,restart_direction_variance,1.252943046735326e-14,success,1.1670874999999796,,,
nonlinear_or_hidden_confounding_misspecification,B1_known_truth,known_truth_parameter_and_coupling_recovery,synthetic,10000,20260918.0,hard_ot,iot-benchmark-0.1.0,restart_direction_variance,0.0637191027825734,success,0.2254143000000112,,,
nonlinear_or_hidden_confounding_misspecification,B1_known_truth,known_truth_parameter_and_coupling_recovery,synthetic,10000,20260919.0,soft_iot,iot-benchmark-0.1.0,restart_direction_variance,5.898265903820428e-14,success,1.1234731999998075,,,
nonlinear_or_hidden_confounding_misspecification,B1_known_truth,known_truth_parameter_and_coupling_recovery,synthetic,10000,20260919.0,hard_ot,iot-benchmark-0.1.0,restart_direction_variance,0.1225961669094714,success,0.1464865000002646,,,
nonlinear_or_hidden_confounding_misspecification,B1_known_truth,known_truth_parameter_and_coupling_recovery,synthetic,10000,20260920.0,soft_iot,iot-benchmark-0.1.0,restart_direction_variance,1.0130538200248088e-13,success,1.0709382000000005,,,
nonlinear_or_hidden_confounding_misspecification,B1_known_truth,known_truth_parameter_and_coupling_recovery,synthetic,10000,20260920.0,hard_ot,iot-benchmark-0.1.0,restart_direction_variance,0.0873372969602336,success,0.1322454999999536,,,
gse239651_transition_panel,B2_lineage_transition,transition_recovery,retrospective_reconstruction,,20260916.0,UOT-IOT,iot-benchmark-0.1.0,coupling_relative_frobenius,0.9981903108580128,success,1.2096544999999423,,,
gse239651_transition_panel,B2_lineage_transition,transition_recovery,retrospective_reconstruction,,20260917.0,UOT-IOT,iot-benchmark-0.1.0,coupling_relative_frobenius,0.998190310911833,success,1.1872864000001755,,,
gse239651_transition_panel,B2_lineage_transition,transition_recovery,retrospective_reconstruction,,20260918.0,UOT-IOT,iot-benchmark-0.1.0,coupling_relative_frobenius,0.9981903108895868,success,1.2096050999998624,,,
gse239651_transition_panel,B2_lineage_transition,transition_recovery,retrospective_reconstruction,,20260919.0,UOT-IOT,iot-benchmark-0.1.0,coupling_relative_frobenius,0.998190310870727,success,1.2151920999999677,,,
gse239651_transition_panel,B2_lineage_transition,transition_recovery,retrospective_reconstruction,,20260920.0,UOT-IOT,iot-benchmark-0.1.0,coupling_relative_frobenius,0.9981903108864354,success,1.195388499999808,,,
macsgestalt_transition_panel,B2_lineage_transition,transition_recovery,retrospective_reconstruction,,20260916.0,UOT-IOT,iot-benchmark-0.1.0,coupling_relative_frobenius,0.8021728510836154,success,0.3401880999999775,,,
macsgestalt_transition_panel,B2_lineage_transition,transition_recovery,retrospective_reconstruction,,20260917.0,UOT-IOT,iot-benchmark-0.1.0,coupling_relative_frobenius,0.8021728506771723,success,0.3242322999999487,,,
macsgestalt_transition_panel,B2_lineage_transition,transition_recovery,retrospective_reconstruction,,20260918.0,UOT-IOT,iot-benchmark-0.1.0,coupling_relative_frobenius,0.8021728491033728,success,0.366518399999677,,,
macsgestalt_transition_panel,B2_lineage_transition,transition_recovery,retrospective_reconstruction,,20260919.0,UOT-IOT,iot-benchmark-0.1.0,coupling_relative_frobenius,0.8021728499429494,success,0.3456639999999424,,,
macsgestalt_transition_panel,B2_lineage_transition,transition_recovery,retrospective_reconstruction,,20260920.0,UOT-IOT,iot-benchmark-0.1.0,coupling_relative_frobenius,0.8021728485972119,success,0.3324896999997691,,,
gse140802_t2_t16,B2_lineage_transition,transition_recovery,retrospective_reconstruction,,20260916.0,UOT-IOT,iot-benchmark-0.1.0,coupling_relative_frobenius,0.9874996653580814,success,0.9998890000001666,,,
gse140802_t2_t16,B2_lineage_transition,transition_recovery,retrospective_reconstruction,,20260917.0,UOT-IOT,iot-benchmark-0.1.0,coupling_relative_frobenius,0.9874996653580814,success,0.9571274999998424,,,
gse140802_t2_t16,B2_lineage_transition,transition_recovery,retrospective_reconstruction,,20260918.0,UOT-IOT,iot-benchmark-0.1.0,coupling_relative_frobenius,0.9874996653580814,success,0.8777365000000827,,,
gse140802_t2_t16,B2_lineage_transition,transition_recovery,retrospective_reconstruction,,20260919.0,UOT-IOT,iot-benchmark-0.1.0,coupling_relative_frobenius,0.9874996653580814,success,0.9703205999999228,,,
gse140802_t2_t16,B2_lineage_transition,transition_recovery,retrospective_reconstruction,,20260920.0,UOT-IOT,iot-benchmark-0.1.0,coupling_relative_frobenius,0.9874996653580814,success,0.8830874999998741,,,
gse140802_t2_t9,B2_lineage_transition,transition_recovery,retrospective_reconstruction,,20260916.0,UOT-IOT,iot-benchmark-0.1.0,coupling_relative_frobenius,0.995808566288555,success,1.4134618000002774,,,
gse140802_t2_t9,B2_lineage_transition,transition_recovery,retrospective_reconstruction,,20260917.0,UOT-IOT,iot-benchmark-0.1.0,coupling_relative_frobenius,0.995808566288555,success,1.3819898000001558,,,
gse140802_t2_t9,B2_lineage_transition,transition_recovery,retrospective_reconstruction,,20260918.0,UOT-IOT,iot-benchmark-0.1.0,coupling_relative_frobenius,0.995808566288555,success,1.3514521000001878,,,
gse140802_t2_t9,B2_lineage_transition,transition_recovery,retrospective_reconstruction,,20260919.0,UOT-IOT,iot-benchmark-0.1.0,coupling_relative_frobenius,0.995808566288555,success,1.4133861000000252,,,
gse140802_t2_t9,B2_lineage_transition,transition_recovery,retrospective_reconstruction,,20260920.0,UOT-IOT,iot-benchmark-0.1.0,coupling_relative_frobenius,0.995808566288555,success,1.3885298000000148,,,
gse239651_transition_panel,B2_lineage_transition,transition_recovery,retrospective_reconstruction,,20260916.0,UOT-IOT,iot-benchmark-0.1.0,transition_weighted_l1,0.0951153419028303,success,1.2096544999999423,,,
gse239651_transition_panel,B2_lineage_transition,transition_recovery,retrospective_reconstruction,,20260917.0,UOT-IOT,iot-benchmark-0.1.0,transition_weighted_l1,0.0951156677659977,success,1.1872864000001755,,,
gse239651_transition_panel,B2_lineage_transition,transition_recovery,retrospective_reconstruction,,20260918.0,UOT-IOT,iot-benchmark-0.1.0,transition_weighted_l1,0.0951155151281439,success,1.2096050999998624,,,
gse239651_transition_panel,B2_lineage_transition,transition_recovery,retrospective_reconstruction,,20260919.0,UOT-IOT,iot-benchmark-0.1.0,transition_weighted_l1,0.0951153868050402,success,1.2151920999999677,,,
gse239651_transition_panel,B2_lineage_transition,transition_recovery,retrospective_reconstruction,,20260920.0,UOT-IOT,iot-benchmark-0.1.0,transition_weighted_l1,0.0951155082735286,success,1.195388499999808,,,
macsgestalt_transition_panel,B2_lineage_transition,transition_recovery,retrospective_reconstruction,,20260916.0,UOT-IOT,iot-benchmark-0.1.0,transition_weighted_l1,0.3322085350486563,success,0.3401880999999775,,,
macsgestalt_transition_panel,B2_lineage_transition,transition_recovery,retrospective_reconstruction,,20260917.0,UOT-IOT,iot-benchmark-0.1.0,transition_weighted_l1,0.3322085362872843,success,0.3242322999999487,,,
macsgestalt_transition_panel,B2_lineage_transition,transition_recovery,retrospective_reconstruction,,20260918.0,UOT-IOT,iot-benchmark-0.1.0,transition_weighted_l1,0.3322085367587918,success,0.366518399999677,,,
macsgestalt_transition_panel,B2_lineage_transition,transition_recovery,retrospective_reconstruction,,20260919.0,UOT-IOT,iot-benchmark-0.1.0,transition_weighted_l1,0.3322085380403349,success,0.3456639999999424,,,
macsgestalt_transition_panel,B2_lineage_transition,transition_recovery,retrospective_reconstruction,,20260920.0,UOT-IOT,iot-benchmark-0.1.0,transition_weighted_l1,0.3322085363145715,success,0.3324896999997691,,,
gse140802_t2_t16,B2_lineage_transition,transition_recovery,retrospective_reconstruction,,20260916.0,UOT-IOT,iot-benchmark-0.1.0,transition_weighted_l1,0.0107461842228854,success,0.9998890000001666,,,
gse140802_t2_t16,B2_lineage_transition,transition_recovery,retrospective_reconstruction,,20260917.0,UOT-IOT,iot-benchmark-0.1.0,transition_weighted_l1,0.0107461842228854,success,0.9571274999998424,,,
gse140802_t2_t16,B2_lineage_transition,transition_recovery,retrospective_reconstruction,,20260918.0,UOT-IOT,iot-benchmark-0.1.0,transition_weighted_l1,0.0107461842228854,success,0.8777365000000827,,,
gse140802_t2_t16,B2_lineage_transition,transition_recovery,retrospective_reconstruction,,20260919.0,UOT-IOT,iot-benchmark-0.1.0,transition_weighted_l1,0.0107461842228854,success,0.9703205999999228,,,
gse140802_t2_t16,B2_lineage_transition,transition_recovery,retrospective_reconstruction,,20260920.0,UOT-IOT,iot-benchmark-0.1.0,transition_weighted_l1,0.0107461842228854,success,0.8830874999998741,,,
gse140802_t2_t9,B2_lineage_transition,transition_recovery,retrospective_reconstruction,,20260916.0,UOT-IOT,iot-benchmark-0.1.0,transition_weighted_l1,0.0150171352657198,success,1.4134618000002774,,,
gse140802_t2_t9,B2_lineage_transition,transition_recovery,retrospective_reconstruction,,20260917.0,UOT-IOT,iot-benchmark-0.1.0,transition_weighted_l1,0.0150171352657198,success,1.3819898000001558,,,
gse140802_t2_t9,B2_lineage_transition,transition_recovery,retrospective_reconstruction,,20260918.0,UOT-IOT,iot-benchmark-0.1.0,transition_weighted_l1,0.0150171352657198,success,1.3514521000001878,,,
gse140802_t2_t9,B2_lineage_transition,transition_recovery,retrospective_reconstruction,,20260919.0,UOT-IOT,iot-benchmark-0.1.0,transition_weighted_l1,0.0150171352657198,success,1.4133861000000252,,,
gse140802_t2_t9,B2_lineage_transition,transition_recovery,retrospective_reconstruction,,20260920.0,UOT-IOT,iot-benchmark-0.1.0,transition_weighted_l1,0.0150171352657198,success,1.3885298000000148,,,
gse239651_transition_panel,B2_lineage_transition,transition_recovery,retrospective_reconstruction,,20260916.0,UOT-IOT,iot-benchmark-0.1.0,fate_pearson,0.4787361542456028,success,1.2096544999999423,,,
gse239651_transition_panel,B2_lineage_transition,transition_recovery,retrospective_reconstruction,,20260917.0,UOT-IOT,iot-benchmark-0.1.0,fate_pearson,0.4787360817298395,success,1.1872864000001755,,,
gse239651_transition_panel,B2_lineage_transition,transition_recovery,retrospective_reconstruction,,20260918.0,UOT-IOT,iot-benchmark-0.1.0,fate_pearson,0.478736115647362,success,1.2096050999998624,,,
gse239651_transition_panel,B2_lineage_transition,transition_recovery,retrospective_reconstruction,,20260919.0,UOT-IOT,iot-benchmark-0.1.0,fate_pearson,0.4787361441121345,success,1.2151920999999677,,,
gse239651_transition_panel,B2_lineage_transition,transition_recovery,retrospective_reconstruction,,20260920.0,UOT-IOT,iot-benchmark-0.1.0,fate_pearson,0.4787361171020095,success,1.195388499999808,,,
macsgestalt_transition_panel,B2_lineage_transition,transition_recovery,retrospective_reconstruction,,20260916.0,UOT-IOT,iot-benchmark-0.1.0,fate_pearson,0.4037133931804976,success,0.3401880999999775,,,
macsgestalt_transition_panel,B2_lineage_transition,transition_recovery,retrospective_reconstruction,,20260917.0,UOT-IOT,iot-benchmark-0.1.0,fate_pearson,0.4037134004495707,success,0.3242322999999487,,,
macsgestalt_transition_panel,B2_lineage_transition,transition_recovery,retrospective_reconstruction,,20260918.0,UOT-IOT,iot-benchmark-0.1.0,fate_pearson,0.4037134011405447,success,0.366518399999677,,,
macsgestalt_transition_panel,B2_lineage_transition,transition_recovery,retrospective_reconstruction,,20260919.0,UOT-IOT,iot-benchmark-0.1.0,fate_pearson,0.4037134092397098,success,0.3456639999999424,,,
macsgestalt_transition_panel,B2_lineage_transition,transition_recovery,retrospective_reconstruction,,20260920.0,UOT-IOT,iot-benchmark-0.1.0,fate_pearson,0.4037134023415135,success,0.3324896999997691,,,
gse140802_t2_t16,B2_lineage_transition,transition_recovery,retrospective_reconstruction,,20260916.0,UOT-IOT,iot-benchmark-0.1.0,fate_pearson,0.6855422778990485,success,0.9998890000001666,,,
gse140802_t2_t16,B2_lineage_transition,transition_recovery,retrospective_reconstruction,,20260917.0,UOT-IOT,iot-benchmark-0.1.0,fate_pearson,0.6855422778990484,success,0.9571274999998424,,,
gse140802_t2_t16,B2_lineage_transition,transition_recovery,retrospective_reconstruction,,20260918.0,UOT-IOT,iot-benchmark-0.1.0,fate_pearson,0.6855422778990484,success,0.8777365000000827,,,
gse140802_t2_t16,B2_lineage_transition,transition_recovery,retrospective_reconstruction,,20260919.0,UOT-IOT,iot-benchmark-0.1.0,fate_pearson,0.6855422778990485,success,0.9703205999999228,,,
gse140802_t2_t16,B2_lineage_transition,transition_recovery,retrospective_reconstruction,,20260920.0,UOT-IOT,iot-benchmark-0.1.0,fate_pearson,0.6855422778990484,success,0.8830874999998741,,,
gse140802_t2_t9,B2_lineage_transition,transition_recovery,retrospective_reconstruction,,20260916.0,UOT-IOT,iot-benchmark-0.1.0,fate_pearson,0.5449431551874835,success,1.4134618000002774,,,
gse140802_t2_t9,B2_lineage_transition,transition_recovery,retrospective_reconstruction,,20260917.0,UOT-IOT,iot-benchmark-0.1.0,fate_pearson,0.5449431551874835,success,1.3819898000001558,,,
gse140802_t2_t9,B2_lineage_transition,transition_recovery,retrospective_reconstruction,,20260918.0,UOT-IOT,iot-benchmark-0.1.0,fate_pearson,0.5449431551874835,success,1.3514521000001878,,,
gse140802_t2_t9,B2_lineage_transition,transition_recovery,retrospective_reconstruction,,20260919.0,UOT-IOT,iot-benchmark-0.1.0,fate_pearson,0.5449431551874835,success,1.4133861000000252,,,
gse140802_t2_t9,B2_lineage_transition,transition_recovery,retrospective_reconstruction,,20260920.0,UOT-IOT,iot-benchmark-0.1.0,fate_pearson,0.5449431551874835,success,1.3885298000000148,,,
gse239651_transition_panel,B2_lineage_transition,transition_recovery,retrospective_reconstruction,,20260916.0,UOT-IOT,iot-benchmark-0.1.0,fate_spearman,0.5112475264202239,success,1.2096544999999423,,,
gse239651_transition_panel,B2_lineage_transition,transition_recovery,retrospective_reconstruction,,20260917.0,UOT-IOT,iot-benchmark-0.1.0,fate_spearman,0.5108023198928917,success,1.1872864000001755,,,
gse239651_transition_panel,B2_lineage_transition,transition_recovery,retrospective_reconstruction,,20260918.0,UOT-IOT,iot-benchmark-0.1.0,fate_spearman,0.5111729914765657,success,1.2096050999998624,,,
gse239651_transition_panel,B2_lineage_transition,transition_recovery,retrospective_reconstruction,,20260919.0,UOT-IOT,iot-benchmark-0.1.0,fate_spearman,0.5113212497037449,success,1.2151920999999677,,,
gse239651_transition_panel,B2_lineage_transition,transition_recovery,retrospective_reconstruction,,20260920.0,UOT-IOT,iot-benchmark-0.1.0,fate_spearman,0.512172803610128,success,1.195388499999808,,,
macsgestalt_transition_panel,B2_lineage_transition,transition_recovery,retrospective_reconstruction,,20260916.0,UOT-IOT,iot-benchmark-0.1.0,fate_spearman,0.409393221225753,success,0.3401880999999775,,,
macsgestalt_transition_panel,B2_lineage_transition,transition_recovery,retrospective_reconstruction,,20260917.0,UOT-IOT,iot-benchmark-0.1.0,fate_spearman,0.4093784245381994,success,0.3242322999999487,,,
macsgestalt_transition_panel,B2_lineage_transition,transition_recovery,retrospective_reconstruction,,20260918.0,UOT-IOT,iot-benchmark-0.1.0,fate_spearman,0.4090126247617452,success,0.366518399999677,,,
macsgestalt_transition_panel,B2_lineage_transition,transition_recovery,retrospective_reconstruction,,20260919.0,UOT-IOT,iot-benchmark-0.1.0,fate_spearman,0.4085913456423439,success,0.3456639999999424,,,
macsgestalt_transition_panel,B2_lineage_transition,transition_recovery,retrospective_reconstruction,,20260920.0,UOT-IOT,iot-benchmark-0.1.0,fate_spearman,0.4087984790783026,success,0.3324896999997691,,,
gse140802_t2_t16,B2_lineage_transition,transition_recovery,retrospective_reconstruction,,20260916.0,UOT-IOT,iot-benchmark-0.1.0,fate_spearman,0.616007979755324,success,0.9998890000001666,,,
gse140802_t2_t16,B2_lineage_transition,transition_recovery,retrospective_reconstruction,,20260917.0,UOT-IOT,iot-benchmark-0.1.0,fate_spearman,0.6110366997961014,success,0.9571274999998424,,,
gse140802_t2_t16,B2_lineage_transition,transition_recovery,retrospective_reconstruction,,20260918.0,UOT-IOT,iot-benchmark-0.1.0,fate_spearman,0.6080058943575364,success,0.8777365000000827,,,
gse140802_t2_t16,B2_lineage_transition,transition_recovery,retrospective_reconstruction,,20260919.0,UOT-IOT,iot-benchmark-0.1.0,fate_spearman,0.6169133579581954,success,0.9703205999999228,,,
gse140802_t2_t16,B2_lineage_transition,transition_recovery,retrospective_reconstruction,,20260920.0,UOT-IOT,iot-benchmark-0.1.0,fate_spearman,0.6096720439090709,success,0.8830874999998741,,,
gse140802_t2_t9,B2_lineage_transition,transition_recovery,retrospective_reconstruction,,20260916.0,UOT-IOT,iot-benchmark-0.1.0,fate_spearman,0.5359660819469549,success,1.4134618000002774,,,
gse140802_t2_t9,B2_lineage_transition,transition_recovery,retrospective_reconstruction,,20260917.0,UOT-IOT,iot-benchmark-0.1.0,fate_spearman,0.534325798976456,success,1.3819898000001558,,,
gse140802_t2_t9,B2_lineage_transition,transition_recovery,retrospective_reconstruction,,20260918.0,UOT-IOT,iot-benchmark-0.1.0,fate_spearman,0.5358707695380804,success,1.3514521000001878,,,
gse140802_t2_t9,B2_lineage_transition,transition_recovery,retrospective_reconstruction,,20260919.0,UOT-IOT,iot-benchmark-0.1.0,fate_spearman,0.53586267451377,success,1.4133861000000252,,,
gse140802_t2_t9,B2_lineage_transition,transition_recovery,retrospective_reconstruction,,20260920.0,UOT-IOT,iot-benchmark-0.1.0,fate_spearman,0.5366456855786991,success,1.3885298000000148,,,
gse239651_transition_panel,B2_lineage_transition,transition_recovery,retrospective_reconstruction,,20260916.0,UOT-IOT,iot-benchmark-0.1.0,fate_top1_accuracy,0.3962703962703963,success,1.2096544999999423,,,
gse239651_transition_panel,B2_lineage_transition,transition_recovery,retrospective_reconstruction,,20260917.0,UOT-IOT,iot-benchmark-0.1.0,fate_top1_accuracy,0.3962703962703963,success,1.1872864000001755,,,
gse239651_transition_panel,B2_lineage_transition,transition_recovery,retrospective_reconstruction,,20260918.0,UOT-IOT,iot-benchmark-0.1.0,fate_top1_accuracy,0.3962703962703963,success,1.2096050999998624,,,
gse239651_transition_panel,B2_lineage_transition,transition_recovery,retrospective_reconstruction,,20260919.0,UOT-IOT,iot-benchmark-0.1.0,fate_top1_accuracy,0.3962703962703963,success,1.2151920999999677,,,
gse239651_transition_panel,B2_lineage_transition,transition_recovery,retrospective_reconstruction,,20260920.0,UOT-IOT,iot-benchmark-0.1.0,fate_top1_accuracy,0.3962703962703963,success,1.195388499999808,,,
macsgestalt_transition_panel,B2_lineage_transition,transition_recovery,retrospective_reconstruction,,20260916.0,UOT-IOT,iot-benchmark-0.1.0,fate_top1_accuracy,0.5476190476190477,success,0.3401880999999775,,,
macsgestalt_transition_panel,B2_lineage_transition,transition_recovery,retrospective_reconstruction,,20260917.0,UOT-IOT,iot-benchmark-0.1.0,fate_top1_accuracy,0.5476190476190477,success,0.3242322999999487,,,
macsgestalt_transition_panel,B2_lineage_transition,transition_recovery,retrospective_reconstruction,,20260918.0,UOT-IOT,iot-benchmark-0.1.0,fate_top1_accuracy,0.5476190476190477,success,0.366518399999677,,,
macsgestalt_transition_panel,B2_lineage_transition,transition_recovery,retrospective_reconstruction,,20260919.0,UOT-IOT,iot-benchmark-0.1.0,fate_top1_accuracy,0.5476190476190477,success,0.3456639999999424,,,
macsgestalt_transition_panel,B2_lineage_transition,transition_recovery,retrospective_reconstruction,,20260920.0,UOT-IOT,iot-benchmark-0.1.0,fate_top1_accuracy,0.5476190476190477,success,0.3324896999997691,,,
gse140802_t2_t16,B2_lineage_transition,transition_recovery,retrospective_reconstruction,,20260916.0,UOT-IOT,iot-benchmark-0.1.0,fate_top1_accuracy,0.55,success,0.9998890000001666,,,
gse140802_t2_t16,B2_lineage_transition,transition_recovery,retrospective_reconstruction,,20260917.0,UOT-IOT,iot-benchmark-0.1.0,fate_top1_accuracy,0.55,success,0.9571274999998424,,,
gse140802_t2_t16,B2_lineage_transition,transition_recovery,retrospective_reconstruction,,20260918.0,UOT-IOT,iot-benchmark-0.1.0,fate_top1_accuracy,0.55,success,0.8777365000000827,,,
gse140802_t2_t16,B2_lineage_transition,transition_recovery,retrospective_reconstruction,,20260919.0,UOT-IOT,iot-benchmark-0.1.0,fate_top1_accuracy,0.55,success,0.9703205999999228,,,
gse140802_t2_t16,B2_lineage_transition,transition_recovery,retrospective_reconstruction,,20260920.0,UOT-IOT,iot-benchmark-0.1.0,fate_top1_accuracy,0.55,success,0.8830874999998741,,,
gse140802_t2_t9,B2_lineage_transition,transition_recovery,retrospective_reconstruction,,20260916.0,UOT-IOT,iot-benchmark-0.1.0,fate_top1_accuracy,0.5526315789473685,success,1.4134618000002774,,,
gse140802_t2_t9,B2_lineage_transition,transition_recovery,retrospective_reconstruction,,20260917.0,UOT-IOT,iot-benchmark-0.1.0,fate_top1_accuracy,0.5526315789473685,success,1.3819898000001558,,,
gse140802_t2_t9,B2_lineage_transition,transition_recovery,retrospective_reconstruction,,20260918.0,UOT-IOT,iot-benchmark-0.1.0,fate_top1_accuracy,0.5526315789473685,success,1.3514521000001878,,,
gse140802_t2_t9,B2_lineage_transition,transition_recovery,retrospective_reconstruction,,20260919.0,UOT-IOT,iot-benchmark-0.1.0,fate_top1_accuracy,0.5526315789473685,success,1.4133861000000252,,,
gse140802_t2_t9,B2_lineage_transition,transition_recovery,retrospective_reconstruction,,20260920.0,UOT-IOT,iot-benchmark-0.1.0,fate_top1_accuracy,0.5526315789473685,success,1.3885298000000148,,,
gse239651_transition_panel,B2_lineage_transition,transition_recovery,retrospective_reconstruction,,,wot,see_method_status,coupling_relative_frobenius,1.0054741329829409,success,3.874419000000216,,,
gse239651_transition_panel,B2_lineage_transition,transition_recovery,retrospective_reconstruction,,,wot,see_method_status,transition_weighted_l1,0.5622235992510631,success,3.874419000000216,,,
gse239651_transition_panel,B2_lineage_transition,transition_recovery,retrospective_reconstruction,,,wot,see_method_status,fate_pearson,0.2829156431995213,success,3.874419000000216,,,
gse239651_transition_panel,B2_lineage_transition,transition_recovery,retrospective_reconstruction,,,wot,see_method_status,fate_spearman,0.3896638948429298,success,3.874419000000216,,,
gse239651_transition_panel,B2_lineage_transition,transition_recovery,retrospective_reconstruction,,,wot,see_method_status,fate_top1_accuracy,0.2727272727272727,success,3.874419000000216,,,
gse239651_transition_panel,B2_lineage_transition,transition_recovery,retrospective_reconstruction,,,moscot,see_method_status,coupling_relative_frobenius,1.0022205766976555,success,10.35936730000003,,,
gse239651_transition_panel,B2_lineage_transition,transition_recovery,retrospective_reconstruction,,,moscot,see_method_status,transition_weighted_l1,0.5249415568089765,success,10.35936730000003,,,
gse239651_transition_panel,B2_lineage_transition,transition_recovery,retrospective_reconstruction,,,moscot,see_method_status,fate_pearson,0.291872157616353,success,10.35936730000003,,,
gse239651_transition_panel,B2_lineage_transition,transition_recovery,retrospective_reconstruction,,,moscot,see_method_status,fate_spearman,0.3878434498166115,success,10.35936730000003,,,
gse239651_transition_panel,B2_lineage_transition,transition_recovery,retrospective_reconstruction,,,moscot,see_method_status,fate_top1_accuracy,0.282051282051282,success,10.35936730000003,,,
gse239651_transition_panel,B2_lineage_transition,transition_recovery,retrospective_reconstruction,,,lineageot,see_method_status,coupling_relative_frobenius,1.0026475896743297,success,4.060406099999909,,,
gse239651_transition_panel,B2_lineage_transition,transition_recovery,retrospective_reconstruction,,,lineageot,see_method_status,transition_weighted_l1,0.5289717795563629,success,4.060406099999909,,,
gse239651_transition_panel,B2_lineage_transition,transition_recovery,retrospective_reconstruction,,,lineageot,see_method_status,fate_pearson,0.289347235711953,success,4.060406099999909,,,
gse239651_transition_panel,B2_lineage_transition,transition_recovery,retrospective_reconstruction,,,lineageot,see_method_status,fate_spearman,0.3761995226259312,success,4.060406099999909,,,
gse239651_transition_panel,B2_lineage_transition,transition_recovery,retrospective_reconstruction,,,lineageot,see_method_status,fate_top1_accuracy,0.282051282051282,success,4.060406099999909,,,
gse239651_transition_panel,B2_lineage_transition,transition_recovery,retrospective_reconstruction,,,cellrank2,see_method_status,fate_pearson,0.2924215843399057,success,18.17139989999987,,,
gse239651_transition_panel,B2_lineage_transition,transition_recovery,retrospective_reconstruction,,,cellrank2,see_method_status,fate_spearman,0.357601455695145,success,18.17139989999987,,,
gse239651_transition_panel,B2_lineage_transition,transition_recovery,retrospective_reconstruction,,,cellrank2,see_method_status,fate_top1_accuracy,0.351981351981352,success,18.17139989999987,,,
macsgestalt_transition_panel,B2_lineage_transition,transition_recovery,retrospective_reconstruction,,,wot,see_method_status,coupling_relative_frobenius,0.9845342777272762,success,3.2780704000001606,,,
macsgestalt_transition_panel,B2_lineage_transition,transition_recovery,retrospective_reconstruction,,,wot,see_method_status,transition_weighted_l1,0.6528142047500569,success,3.2780704000001606,,,
macsgestalt_transition_panel,B2_lineage_transition,transition_recovery,retrospective_reconstruction,,,wot,see_method_status,fate_pearson,0.6996693958746467,success,3.2780704000001606,,,
macsgestalt_transition_panel,B2_lineage_transition,transition_recovery,retrospective_reconstruction,,,wot,see_method_status,fate_spearman,0.5498813965385022,success,3.2780704000001606,,,
macsgestalt_transition_panel,B2_lineage_transition,transition_recovery,retrospective_reconstruction,,,wot,see_method_status,fate_top1_accuracy,0.7619047619047619,success,3.2780704000001606,,,
macsgestalt_transition_panel,B2_lineage_transition,transition_recovery,retrospective_reconstruction,,,moscot,see_method_status,coupling_relative_frobenius,0.9839620929046672,success,8.9895247999998,,,
macsgestalt_transition_panel,B2_lineage_transition,transition_recovery,retrospective_reconstruction,,,moscot,see_method_status,transition_weighted_l1,0.7191109716690901,success,8.9895247999998,,,
macsgestalt_transition_panel,B2_lineage_transition,transition_recovery,retrospective_reconstruction,,,moscot,see_method_status,fate_pearson,0.678623130018003,success,8.9895247999998,,,
macsgestalt_transition_panel,B2_lineage_transition,transition_recovery,retrospective_reconstruction,,,moscot,see_method_status,fate_spearman,0.565228977424694,success,8.9895247999998,,,
macsgestalt_transition_panel,B2_lineage_transition,transition_recovery,retrospective_reconstruction,,,moscot,see_method_status,fate_top1_accuracy,0.7619047619047619,success,8.9895247999998,,,
macsgestalt_transition_panel,B2_lineage_transition,transition_recovery,retrospective_reconstruction,,,lineageot,see_method_status,coupling_relative_frobenius,0.9901266067096132,success,3.2980133000000933,,,
macsgestalt_transition_panel,B2_lineage_transition,transition_recovery,retrospective_reconstruction,,,lineageot,see_method_status,transition_weighted_l1,0.7130570022441368,success,3.2980133000000933,,,
macsgestalt_transition_panel,B2_lineage_transition,transition_recovery,retrospective_reconstruction,,,lineageot,see_method_status,fate_pearson,0.6789880726002673,success,3.2980133000000933,,,
macsgestalt_transition_panel,B2_lineage_transition,transition_recovery,retrospective_reconstruction,,,lineageot,see_method_status,fate_spearman,0.5499124508501396,success,3.2980133000000933,,,
macsgestalt_transition_panel,B2_lineage_transition,transition_recovery,retrospective_reconstruction,,,lineageot,see_method_status,fate_top1_accuracy,0.7619047619047619,success,3.2980133000000933,,,
macsgestalt_transition_panel,B2_lineage_transition,transition_recovery,retrospective_reconstruction,,,cellrank2,see_method_status,fate_pearson,0.6633623991223192,success,16.732700900000054,,,
macsgestalt_transition_panel,B2_lineage_transition,transition_recovery,retrospective_reconstruction,,,cellrank2,see_method_status,fate_spearman,0.4724090604735482,success,16.732700900000054,,,
macsgestalt_transition_panel,B2_lineage_transition,transition_recovery,retrospective_reconstruction,,,cellrank2,see_method_status,fate_top1_accuracy,0.7380952380952381,success,16.732700900000054,,,
gse140802_t2_t16,B2_lineage_transition,transition_recovery,retrospective_reconstruction,,,wot,see_method_status,coupling_relative_frobenius,0.993316708844632,success,3.3637782999999217,,,
gse140802_t2_t16,B2_lineage_transition,transition_recovery,retrospective_reconstruction,,,wot,see_method_status,transition_weighted_l1,0.0634264230787114,success,3.3637782999999217,,,
gse140802_t2_t16,B2_lineage_transition,transition_recovery,retrospective_reconstruction,,,wot,see_method_status,fate_pearson,0.6877673287265326,success,3.3637782999999217,,,
gse140802_t2_t16,B2_lineage_transition,transition_recovery,retrospective_reconstruction,,,wot,see_method_status,fate_spearman,0.6139979206853131,success,3.3637782999999217,,,
gse140802_t2_t16,B2_lineage_transition,transition_recovery,retrospective_reconstruction,,,wot,see_method_status,fate_top1_accuracy,0.55,success,3.3637782999999217,,,
gse140802_t2_t16,B2_lineage_transition,transition_recovery,retrospective_reconstruction,,,moscot,see_method_status,coupling_relative_frobenius,0.9933254747328308,success,8.850090099999761,,,
gse140802_t2_t16,B2_lineage_transition,transition_recovery,retrospective_reconstruction,,,moscot,see_method_status,transition_weighted_l1,0.0639832164258949,success,8.850090099999761,,,
gse140802_t2_t16,B2_lineage_transition,transition_recovery,retrospective_reconstruction,,,moscot,see_method_status,fate_pearson,0.6877696582668232,success,8.850090099999761,,,
gse140802_t2_t16,B2_lineage_transition,transition_recovery,retrospective_reconstruction,,,moscot,see_method_status,fate_spearman,0.6139979206853131,success,8.850090099999761,,,
gse140802_t2_t16,B2_lineage_transition,transition_recovery,retrospective_reconstruction,,,moscot,see_method_status,fate_top1_accuracy,0.55,success,8.850090099999761,,,
gse140802_t2_t16,B2_lineage_transition,transition_recovery,retrospective_reconstruction,,,lineageot,see_method_status,coupling_relative_frobenius,0.9933254747328308,success,4.625729200000023,,,
gse140802_t2_t16,B2_lineage_transition,transition_recovery,retrospective_reconstruction,,,lineageot,see_method_status,transition_weighted_l1,0.0639832164258948,success,4.625729200000023,,,
gse140802_t2_t16,B2_lineage_transition,transition_recovery,retrospective_reconstruction,,,lineageot,see_method_status,fate_pearson,0.687769658266823,success,4.625729200000023,,,
gse140802_t2_t16,B2_lineage_transition,transition_recovery,retrospective_reconstruction,,,lineageot,see_method_status,fate_spearman,0.6139979206853131,success,4.625729200000023,,,
gse140802_t2_t16,B2_lineage_transition,transition_recovery,retrospective_reconstruction,,,lineageot,see_method_status,fate_top1_accuracy,0.55,success,4.625729200000023,,,
gse140802_t2_t16,B2_lineage_transition,transition_recovery,retrospective_reconstruction,,,cellrank2,see_method_status,fate_pearson,0.67655602763955,success,19.560309099999813,,,
gse140802_t2_t16,B2_lineage_transition,transition_recovery,retrospective_reconstruction,,,cellrank2,see_method_status,fate_spearman,0.5966825914669532,success,19.560309099999813,,,
gse140802_t2_t16,B2_lineage_transition,transition_recovery,retrospective_reconstruction,,,cellrank2,see_method_status,fate_top1_accuracy,0.55,success,19.560309099999813,,,
gse140802_t2_t9,B2_lineage_transition,transition_recovery,retrospective_reconstruction,,,wot,see_method_status,coupling_relative_frobenius,0.9985001033741996,success,3.410049699999945,,,
gse140802_t2_t9,B2_lineage_transition,transition_recovery,retrospective_reconstruction,,,wot,see_method_status,transition_weighted_l1,0.0827091086097539,success,3.410049699999945,,,
gse140802_t2_t9,B2_lineage_transition,transition_recovery,retrospective_reconstruction,,,wot,see_method_status,fate_pearson,0.5474001244314879,success,3.410049699999945,,,
gse140802_t2_t9,B2_lineage_transition,transition_recovery,retrospective_reconstruction,,,wot,see_method_status,fate_spearman,0.5319530890326584,success,3.410049699999945,,,
gse140802_t2_t9,B2_lineage_transition,transition_recovery,retrospective_reconstruction,,,wot,see_method_status,fate_top1_accuracy,0.5526315789473685,success,3.410049699999945,,,
gse140802_t2_t9,B2_lineage_transition,transition_recovery,retrospective_reconstruction,,,moscot,see_method_status,coupling_relative_frobenius,0.9985046076760864,success,9.358690800000204,,,
gse140802_t2_t9,B2_lineage_transition,transition_recovery,retrospective_reconstruction,,,moscot,see_method_status,transition_weighted_l1,0.0819341957707367,success,9.358690800000204,,,
gse140802_t2_t9,B2_lineage_transition,transition_recovery,retrospective_reconstruction,,,moscot,see_method_status,fate_pearson,0.5474099056098471,success,9.358690800000204,,,
gse140802_t2_t9,B2_lineage_transition,transition_recovery,retrospective_reconstruction,,,moscot,see_method_status,fate_spearman,0.535114767297792,success,9.358690800000204,,,
gse140802_t2_t9,B2_lineage_transition,transition_recovery,retrospective_reconstruction,,,moscot,see_method_status,fate_top1_accuracy,0.5526315789473685,success,9.358690800000204,,,
gse140802_t2_t9,B2_lineage_transition,transition_recovery,retrospective_reconstruction,,,lineageot,see_method_status,coupling_relative_frobenius,0.9985046076760864,success,3.2721207999998114,,,
gse140802_t2_t9,B2_lineage_transition,transition_recovery,retrospective_reconstruction,,,lineageot,see_method_status,transition_weighted_l1,0.0819341957707369,success,3.2721207999998114,,,
gse140802_t2_t9,B2_lineage_transition,transition_recovery,retrospective_reconstruction,,,lineageot,see_method_status,fate_pearson,0.5474099056098471,success,3.2721207999998114,,,
gse140802_t2_t9,B2_lineage_transition,transition_recovery,retrospective_reconstruction,,,lineageot,see_method_status,fate_spearman,0.535114767297792,success,3.2721207999998114,,,
gse140802_t2_t9,B2_lineage_transition,transition_recovery,retrospective_reconstruction,,,lineageot,see_method_status,fate_top1_accuracy,0.5526315789473685,success,3.2721207999998114,,,
gse140802_t2_t9,B2_lineage_transition,transition_recovery,retrospective_reconstruction,,,cellrank2,see_method_status,fate_pearson,0.4997407426093352,success,16.78689940000004,,,
gse140802_t2_t9,B2_lineage_transition,transition_recovery,retrospective_reconstruction,,,cellrank2,see_method_status,fate_spearman,0.4938260367213805,success,16.78689940000004,,,
gse140802_t2_t9,B2_lineage_transition,transition_recovery,retrospective_reconstruction,,,cellrank2,see_method_status,fate_top1_accuracy,0.5526315789473685,success,16.78689940000004,,,
gse239651_transition_panel,B2_lineage_transition,transition_recovery,retrospective_reconstruction,,20260916.0,mioflow,see_method_status,coupling_relative_frobenius,0.9990306434785268,success,20.785635199999888,,,
gse239651_transition_panel,B2_lineage_transition,transition_recovery,retrospective_reconstruction,,20260916.0,mioflow,see_method_status,transition_weighted_l1,0.1512443058048755,success,20.785635199999888,,,
gse239651_transition_panel,B2_lineage_transition,transition_recovery,retrospective_reconstruction,,20260916.0,mioflow,see_method_status,fate_pearson,0.4457723560156528,success,20.785635199999888,,,
gse239651_transition_panel,B2_lineage_transition,transition_recovery,retrospective_reconstruction,,20260916.0,mioflow,see_method_status,fate_spearman,0.4971807678112818,success,20.785635199999888,,,
gse239651_transition_panel,B2_lineage_transition,transition_recovery,retrospective_reconstruction,,20260916.0,mioflow,see_method_status,fate_top1_accuracy,0.3146853146853147,success,20.785635199999888,,,
gse239651_transition_panel,B2_lineage_transition,transition_recovery,retrospective_reconstruction,,20260916.0,prescient,see_method_status,coupling_relative_frobenius,0.9989931339374124,success,12.2056977000002,,,
gse239651_transition_panel,B2_lineage_transition,transition_recovery,retrospective_reconstruction,,20260916.0,prescient,see_method_status,transition_weighted_l1,0.2589233773640866,success,12.2056977000002,,,
gse239651_transition_panel,B2_lineage_transition,transition_recovery,retrospective_reconstruction,,20260916.0,prescient,see_method_status,fate_pearson,0.4248905725296124,success,12.2056977000002,,,
gse239651_transition_panel,B2_lineage_transition,transition_recovery,retrospective_reconstruction,,20260916.0,prescient,see_method_status,fate_spearman,0.5015536355339979,success,12.2056977000002,,,
gse239651_transition_panel,B2_lineage_transition,transition_recovery,retrospective_reconstruction,,20260916.0,prescient,see_method_status,fate_top1_accuracy,0.2983682983682983,success,12.2056977000002,,,
gse239651_transition_panel,B2_lineage_transition,transition_recovery,retrospective_reconstruction,,20260916.0,tigon,see_method_status,coupling_relative_frobenius,0.9991391301135109,success,83.49555340000006,,,
gse239651_transition_panel,B2_lineage_transition,transition_recovery,retrospective_reconstruction,,20260916.0,tigon,see_method_status,transition_weighted_l1,0.2974117178892503,success,83.49555340000006,,,
gse239651_transition_panel,B2_lineage_transition,transition_recovery,retrospective_reconstruction,,20260916.0,tigon,see_method_status,fate_pearson,0.4148469329407903,success,83.49555340000006,,,
gse239651_transition_panel,B2_lineage_transition,transition_recovery,retrospective_reconstruction,,20260916.0,tigon,see_method_status,fate_spearman,0.5015412113083324,success,83.49555340000006,,,
gse239651_transition_panel,B2_lineage_transition,transition_recovery,retrospective_reconstruction,,20260916.0,tigon,see_method_status,fate_top1_accuracy,0.289044289044289,success,83.49555340000006,,,
gse239651_transition_panel,B2_lineage_transition,transition_recovery,retrospective_reconstruction,,20260917.0,mioflow,see_method_status,coupling_relative_frobenius,0.99913058932508,success,15.186479299999974,,,
gse239651_transition_panel,B2_lineage_transition,transition_recovery,retrospective_reconstruction,,20260917.0,mioflow,see_method_status,transition_weighted_l1,0.089612967024152,success,15.186479299999974,,,
gse239651_transition_panel,B2_lineage_transition,transition_recovery,retrospective_reconstruction,,20260917.0,mioflow,see_method_status,fate_pearson,0.4626213527691551,success,15.186479299999974,,,
gse239651_transition_panel,B2_lineage_transition,transition_recovery,retrospective_reconstruction,,20260917.0,mioflow,see_method_status,fate_spearman,0.5005027085190424,success,15.186479299999974,,,
gse239651_transition_panel,B2_lineage_transition,transition_recovery,retrospective_reconstruction,,20260917.0,mioflow,see_method_status,fate_top1_accuracy,0.3053613053613053,success,15.186479299999974,,,
gse239651_transition_panel,B2_lineage_transition,transition_recovery,retrospective_reconstruction,,20260917.0,prescient,see_method_status,coupling_relative_frobenius,0.998988910745598,success,12.208909500000118,,,
gse239651_transition_panel,B2_lineage_transition,transition_recovery,retrospective_reconstruction,,20260917.0,prescient,see_method_status,transition_weighted_l1,0.256290709271331,success,12.208909500000118,,,
gse239651_transition_panel,B2_lineage_transition,transition_recovery,retrospective_reconstruction,,20260917.0,prescient,see_method_status,fate_pearson,0.4247707257478605,success,12.208909500000118,,,
gse239651_transition_panel,B2_lineage_transition,transition_recovery,retrospective_reconstruction,,20260917.0,prescient,see_method_status,fate_spearman,0.4987947417211889,success,12.208909500000118,,,
gse239651_transition_panel,B2_lineage_transition,transition_recovery,retrospective_reconstruction,,20260917.0,prescient,see_method_status,fate_top1_accuracy,0.289044289044289,success,12.208909500000118,,,
gse239651_transition_panel,B2_lineage_transition,transition_recovery,retrospective_reconstruction,,20260917.0,tigon,see_method_status,coupling_relative_frobenius,0.999142278947074,success,88.4980099999998,,,
gse239651_transition_panel,B2_lineage_transition,transition_recovery,retrospective_reconstruction,,20260917.0,tigon,see_method_status,transition_weighted_l1,0.2976836058648693,success,88.4980099999998,,,
gse239651_transition_panel,B2_lineage_transition,transition_recovery,retrospective_reconstruction,,20260917.0,tigon,see_method_status,fate_pearson,0.412946624984967,success,88.4980099999998,,,
gse239651_transition_panel,B2_lineage_transition,transition_recovery,retrospective_reconstruction,,20260917.0,tigon,see_method_status,fate_spearman,0.5015799138379464,success,88.4980099999998,,,
gse239651_transition_panel,B2_lineage_transition,transition_recovery,retrospective_reconstruction,,20260917.0,tigon,see_method_status,fate_top1_accuracy,0.289044289044289,success,88.4980099999998,,,
gse239651_transition_panel,B2_lineage_transition,transition_recovery,retrospective_reconstruction,,20260918.0,mioflow,see_method_status,coupling_relative_frobenius,0.999171380992702,success,15.013544199999616,,,
gse239651_transition_panel,B2_lineage_transition,transition_recovery,retrospective_reconstruction,,20260918.0,mioflow,see_method_status,transition_weighted_l1,0.1507898771297626,success,15.013544199999616,,,
gse239651_transition_panel,B2_lineage_transition,transition_recovery,retrospective_reconstruction,,20260918.0,mioflow,see_method_status,fate_pearson,0.4238849624211725,success,15.013544199999616,,,
gse239651_transition_panel,B2_lineage_transition,transition_recovery,retrospective_reconstruction,,20260918.0,mioflow,see_method_status,fate_spearman,0.4832492718476891,success,15.013544199999616,,,
gse239651_transition_panel,B2_lineage_transition,transition_recovery,retrospective_reconstruction,,20260918.0,mioflow,see_method_status,fate_top1_accuracy,0.289044289044289,success,15.013544199999616,,,
gse239651_transition_panel,B2_lineage_transition,transition_recovery,retrospective_reconstruction,,20260918.0,prescient,see_method_status,coupling_relative_frobenius,0.9989803645534394,success,12.23315360000015,,,
gse239651_transition_panel,B2_lineage_transition,transition_recovery,retrospective_reconstruction,,20260918.0,prescient,see_method_status,transition_weighted_l1,0.2593894219081126,success,12.23315360000015,,,
gse239651_transition_panel,B2_lineage_transition,transition_recovery,retrospective_reconstruction,,20260918.0,prescient,see_method_status,fate_pearson,0.4294377567185322,success,12.23315360000015,,,
gse239651_transition_panel,B2_lineage_transition,transition_recovery,retrospective_reconstruction,,20260918.0,prescient,see_method_status,fate_spearman,0.5042407915791847,success,12.23315360000015,,,
gse239651_transition_panel,B2_lineage_transition,transition_recovery,retrospective_reconstruction,,20260918.0,prescient,see_method_status,fate_top1_accuracy,0.289044289044289,success,12.23315360000015,,,
gse239651_transition_panel,B2_lineage_transition,transition_recovery,retrospective_reconstruction,,20260918.0,tigon,see_method_status,coupling_relative_frobenius,0.999161729259962,success,89.59955020000007,,,
gse239651_transition_panel,B2_lineage_transition,transition_recovery,retrospective_reconstruction,,20260918.0,tigon,see_method_status,transition_weighted_l1,0.3015403877873501,success,89.59955020000007,,,
gse239651_transition_panel,B2_lineage_transition,transition_recovery,retrospective_reconstruction,,20260918.0,tigon,see_method_status,fate_pearson,0.4119126131282662,success,89.59955020000007,,,
gse239651_transition_panel,B2_lineage_transition,transition_recovery,retrospective_reconstruction,,20260918.0,tigon,see_method_status,fate_spearman,0.501820187865442,success,89.59955020000007,,,
gse239651_transition_panel,B2_lineage_transition,transition_recovery,retrospective_reconstruction,,20260918.0,tigon,see_method_status,fate_top1_accuracy,0.275058275058275,success,89.59955020000007,,,
gse239651_transition_panel,B2_lineage_transition,transition_recovery,retrospective_reconstruction,,20260919.0,mioflow,see_method_status,coupling_relative_frobenius,0.9990234889032084,success,16.295011199999863,,,
gse239651_transition_panel,B2_lineage_transition,transition_recovery,retrospective_reconstruction,,20260919.0,mioflow,see_method_status,transition_weighted_l1,0.1090210624912312,success,16.295011199999863,,,
gse239651_transition_panel,B2_lineage_transition,transition_recovery,retrospective_reconstruction,,20260919.0,mioflow,see_method_status,fate_pearson,0.4623677605801095,success,16.295011199999863,,,
gse239651_transition_panel,B2_lineage_transition,transition_recovery,retrospective_reconstruction,,20260919.0,mioflow,see_method_status,fate_spearman,0.5082522542819,success,16.295011199999863,,,
gse239651_transition_panel,B2_lineage_transition,transition_recovery,retrospective_reconstruction,,20260919.0,mioflow,see_method_status,fate_top1_accuracy,0.3659673659673659,success,16.295011199999863,,,
gse239651_transition_panel,B2_lineage_transition,transition_recovery,retrospective_reconstruction,,20260919.0,prescient,see_method_status,coupling_relative_frobenius,0.9989827293994876,success,12.084383700000217,,,
gse239651_transition_panel,B2_lineage_transition,transition_recovery,retrospective_reconstruction,,20260919.0,prescient,see_method_status,transition_weighted_l1,0.2573956860911987,success,12.084383700000217,,,
gse239651_transition_panel,B2_lineage_transition,transition_recovery,retrospective_reconstruction,,20260919.0,prescient,see_method_status,fate_pearson,0.4261876335511731,success,12.084383700000217,,,
gse239651_transition_panel,B2_lineage_transition,transition_recovery,retrospective_reconstruction,,20260919.0,prescient,see_method_status,fate_spearman,0.5026588018070919,success,12.084383700000217,,,
gse239651_transition_panel,B2_lineage_transition,transition_recovery,retrospective_reconstruction,,20260919.0,prescient,see_method_status,fate_top1_accuracy,0.296037296037296,success,12.084383700000217,,,
gse239651_transition_panel,B2_lineage_transition,transition_recovery,retrospective_reconstruction,,20260919.0,tigon,see_method_status,coupling_relative_frobenius,0.99914683448574,success,90.81693210000049,,,
gse239651_transition_panel,B2_lineage_transition,transition_recovery,retrospective_reconstruction,,20260919.0,tigon,see_method_status,transition_weighted_l1,0.2988756784191658,success,90.81693210000049,,,
gse239651_transition_panel,B2_lineage_transition,transition_recovery,retrospective_reconstruction,,20260919.0,tigon,see_method_status,fate_pearson,0.4124209980019498,success,90.81693210000049,,,
gse239651_transition_panel,B2_lineage_transition,transition_recovery,retrospective_reconstruction,,20260919.0,tigon,see_method_status,fate_spearman,0.5014812988914691,success,90.81693210000049,,,
gse239651_transition_panel,B2_lineage_transition,transition_recovery,retrospective_reconstruction,,20260919.0,tigon,see_method_status,fate_top1_accuracy,0.289044289044289,success,90.81693210000049,,,
gse239651_transition_panel,B2_lineage_transition,transition_recovery,retrospective_reconstruction,,20260920.0,mioflow,see_method_status,coupling_relative_frobenius,0.9991693450866036,success,14.431510399999752,,,
gse239651_transition_panel,B2_lineage_transition,transition_recovery,retrospective_reconstruction,,20260920.0,mioflow,see_method_status,transition_weighted_l1,0.1761695755833731,success,14.431510399999752,,,
gse239651_transition_panel,B2_lineage_transition,transition_recovery,retrospective_reconstruction,,20260920.0,mioflow,see_method_status,fate_pearson,0.4001024464604696,success,14.431510399999752,,,
gse239651_transition_panel,B2_lineage_transition,transition_recovery,retrospective_reconstruction,,20260920.0,mioflow,see_method_status,fate_spearman,0.4787012339391481,success,14.431510399999752,,,
gse239651_transition_panel,B2_lineage_transition,transition_recovery,retrospective_reconstruction,,20260920.0,mioflow,see_method_status,fate_top1_accuracy,0.2634032634032634,success,14.431510399999752,,,
gse239651_transition_panel,B2_lineage_transition,transition_recovery,retrospective_reconstruction,,20260920.0,prescient,see_method_status,coupling_relative_frobenius,0.99902630185711,success,11.99105150000014,,,
gse239651_transition_panel,B2_lineage_transition,transition_recovery,retrospective_reconstruction,,20260920.0,prescient,see_method_status,transition_weighted_l1,0.2611591063895968,success,11.99105150000014,,,
gse239651_transition_panel,B2_lineage_transition,transition_recovery,retrospective_reconstruction,,20260920.0,prescient,see_method_status,fate_pearson,0.4249922666111765,success,11.99105150000014,,,
gse239651_transition_panel,B2_lineage_transition,transition_recovery,retrospective_reconstruction,,20260920.0,prescient,see_method_status,fate_spearman,0.5004066267460906,success,11.99105150000014,,,
gse239651_transition_panel,B2_lineage_transition,transition_recovery,retrospective_reconstruction,,20260920.0,prescient,see_method_status,fate_top1_accuracy,0.2797202797202797,success,11.99105150000014,,,
gse239651_transition_panel,B2_lineage_transition,transition_recovery,retrospective_reconstruction,,20260920.0,tigon,see_method_status,coupling_relative_frobenius,0.9991584221037534,success,87.81660160000047,,,
gse239651_transition_panel,B2_lineage_transition,transition_recovery,retrospective_reconstruction,,20260920.0,tigon,see_method_status,transition_weighted_l1,0.2986984796835643,success,87.81660160000047,,,
gse239651_transition_panel,B2_lineage_transition,transition_recovery,retrospective_reconstruction,,20260920.0,tigon,see_method_status,fate_pearson,0.4128262619571429,success,87.81660160000047,,,
gse239651_transition_panel,B2_lineage_transition,transition_recovery,retrospective_reconstruction,,20260920.0,tigon,see_method_status,fate_spearman,0.5017362252219898,success,87.81660160000047,,,
gse239651_transition_panel,B2_lineage_transition,transition_recovery,retrospective_reconstruction,,20260920.0,tigon,see_method_status,fate_top1_accuracy,0.289044289044289,success,87.81660160000047,,,
macsgestalt_transition_panel,B2_lineage_transition,transition_recovery,retrospective_reconstruction,,20260916.0,mioflow,see_method_status,coupling_relative_frobenius,1.003561646595841,success,11.044323500000246,,,
macsgestalt_transition_panel,B2_lineage_transition,transition_recovery,retrospective_reconstruction,,20260916.0,mioflow,see_method_status,transition_weighted_l1,1.3202806211689606,success,11.044323500000246,,,
macsgestalt_transition_panel,B2_lineage_transition,transition_recovery,retrospective_reconstruction,,20260916.0,mioflow,see_method_status,fate_pearson,0.3605240131826958,success,11.044323500000246,,,
macsgestalt_transition_panel,B2_lineage_transition,transition_recovery,retrospective_reconstruction,,20260916.0,mioflow,see_method_status,fate_spearman,0.3819269625480512,success,11.044323500000246,,,
macsgestalt_transition_panel,B2_lineage_transition,transition_recovery,retrospective_reconstruction,,20260916.0,mioflow,see_method_status,fate_top1_accuracy,0.4523809523809524,success,11.044323500000246,,,
macsgestalt_transition_panel,B2_lineage_transition,transition_recovery,retrospective_reconstruction,,20260916.0,prescient,see_method_status,coupling_relative_frobenius,0.91914396672175,success,4.970087499999863,,,
macsgestalt_transition_panel,B2_lineage_transition,transition_recovery,retrospective_reconstruction,,20260916.0,prescient,see_method_status,transition_weighted_l1,0.6758110035515296,success,4.970087499999863,,,
macsgestalt_transition_panel,B2_lineage_transition,transition_recovery,retrospective_reconstruction,,20260916.0,prescient,see_method_status,fate_pearson,0.7472279095775682,success,4.970087499999863,,,
macsgestalt_transition_panel,B2_lineage_transition,transition_recovery,retrospective_reconstruction,,20260916.0,prescient,see_method_status,fate_spearman,0.621023741518435,success,4.970087499999863,,,
macsgestalt_transition_panel,B2_lineage_transition,transition_recovery,retrospective_reconstruction,,20260916.0,prescient,see_method_status,fate_top1_accuracy,0.7857142857142857,success,4.970087499999863,,,
macsgestalt_transition_panel,B2_lineage_transition,transition_recovery,retrospective_reconstruction,,20260916.0,tigon,see_method_status,coupling_relative_frobenius,0.9299757145560767,success,19.89577809999992,,,
macsgestalt_transition_panel,B2_lineage_transition,transition_recovery,retrospective_reconstruction,,20260916.0,tigon,see_method_status,transition_weighted_l1,0.7174029970849015,success,19.89577809999992,,,
macsgestalt_transition_panel,B2_lineage_transition,transition_recovery,retrospective_reconstruction,,20260916.0,tigon,see_method_status,fate_pearson,0.7512864617151734,success,19.89577809999992,,,
macsgestalt_transition_panel,B2_lineage_transition,transition_recovery,retrospective_reconstruction,,20260916.0,tigon,see_method_status,fate_spearman,0.6165217856723526,success,19.89577809999992,,,
macsgestalt_transition_panel,B2_lineage_transition,transition_recovery,retrospective_reconstruction,,20260916.0,tigon,see_method_status,fate_top1_accuracy,0.8095238095238095,success,19.89577809999992,,,
macsgestalt_transition_panel,B2_lineage_transition,transition_recovery,retrospective_reconstruction,,20260917.0,mioflow,see_method_status,coupling_relative_frobenius,1.00300696197363,success,11.484083600000304,,,
macsgestalt_transition_panel,B2_lineage_transition,transition_recovery,retrospective_reconstruction,,20260917.0,mioflow,see_method_status,transition_weighted_l1,1.335157605047449,success,11.484083600000304,,,
macsgestalt_transition_panel,B2_lineage_transition,transition_recovery,retrospective_reconstruction,,20260917.0,mioflow,see_method_status,fate_pearson,0.4269021648919376,success,11.484083600000304,,,
macsgestalt_transition_panel,B2_lineage_transition,transition_recovery,retrospective_reconstruction,,20260917.0,mioflow,see_method_status,fate_spearman,0.4082066544270583,success,11.484083600000304,,,
macsgestalt_transition_panel,B2_lineage_transition,transition_recovery,retrospective_reconstruction,,20260917.0,mioflow,see_method_status,fate_top1_accuracy,0.5476190476190477,success,11.484083600000304,,,
macsgestalt_transition_panel,B2_lineage_transition,transition_recovery,retrospective_reconstruction,,20260917.0,prescient,see_method_status,coupling_relative_frobenius,0.927314350848032,success,4.637583499999892,,,
macsgestalt_transition_panel,B2_lineage_transition,transition_recovery,retrospective_reconstruction,,20260917.0,prescient,see_method_status,transition_weighted_l1,0.7075988608674194,success,4.637583499999892,,,
macsgestalt_transition_panel,B2_lineage_transition,transition_recovery,retrospective_reconstruction,,20260917.0,prescient,see_method_status,fate_pearson,0.7463828770088128,success,4.637583499999892,,,
macsgestalt_transition_panel,B2_lineage_transition,transition_recovery,retrospective_reconstruction,,20260917.0,prescient,see_method_status,fate_spearman,0.6092115493554686,success,4.637583499999892,,,
macsgestalt_transition_panel,B2_lineage_transition,transition_recovery,retrospective_reconstruction,,20260917.0,prescient,see_method_status,fate_top1_accuracy,0.7857142857142857,success,4.637583499999892,,,
macsgestalt_transition_panel,B2_lineage_transition,transition_recovery,retrospective_reconstruction,,20260917.0,tigon,see_method_status,coupling_relative_frobenius,0.9354347742344628,success,19.72212709999985,,,
macsgestalt_transition_panel,B2_lineage_transition,transition_recovery,retrospective_reconstruction,,20260917.0,tigon,see_method_status,transition_weighted_l1,0.7526388148578879,success,19.72212709999985,,,
macsgestalt_transition_panel,B2_lineage_transition,transition_recovery,retrospective_reconstruction,,20260917.0,tigon,see_method_status,fate_pearson,0.7409543006229233,success,19.72212709999985,,,
macsgestalt_transition_panel,B2_lineage_transition,transition_recovery,retrospective_reconstruction,,20260917.0,tigon,see_method_status,fate_spearman,0.6115787545899247,success,19.72212709999985,,,
macsgestalt_transition_panel,B2_lineage_transition,transition_recovery,retrospective_reconstruction,,20260917.0,tigon,see_method_status,fate_top1_accuracy,0.7857142857142857,success,19.72212709999985,,,
macsgestalt_transition_panel,B2_lineage_transition,transition_recovery,retrospective_reconstruction,,20260918.0,mioflow,see_method_status,coupling_relative_frobenius,1.0020868131043903,success,11.78794199999993,,,
macsgestalt_transition_panel,B2_lineage_transition,transition_recovery,retrospective_reconstruction,,20260918.0,mioflow,see_method_status,transition_weighted_l1,1.33810838528661,success,11.78794199999993,,,
macsgestalt_transition_panel,B2_lineage_transition,transition_recovery,retrospective_reconstruction,,20260918.0,mioflow,see_method_status,fate_pearson,0.407414803511065,success,11.78794199999993,,,
macsgestalt_transition_panel,B2_lineage_transition,transition_recovery,retrospective_reconstruction,,20260918.0,mioflow,see_method_status,fate_spearman,0.4199111743891532,success,11.78794199999993,,,
macsgestalt_transition_panel,B2_lineage_transition,transition_recovery,retrospective_reconstruction,,20260918.0,mioflow,see_method_status,fate_top1_accuracy,0.4761904761904761,success,11.78794199999993,,,
macsgestalt_transition_panel,B2_lineage_transition,transition_recovery,retrospective_reconstruction,,20260918.0,prescient,see_method_status,coupling_relative_frobenius,0.9280846625566778,success,5.187965800000711,,,
macsgestalt_transition_panel,B2_lineage_transition,transition_recovery,retrospective_reconstruction,,20260918.0,prescient,see_method_status,transition_weighted_l1,0.7301966681847867,success,5.187965800000711,,,
macsgestalt_transition_panel,B2_lineage_transition,transition_recovery,retrospective_reconstruction,,20260918.0,prescient,see_method_status,fate_pearson,0.7424762694139533,success,5.187965800000711,,,
macsgestalt_transition_panel,B2_lineage_transition,transition_recovery,retrospective_reconstruction,,20260918.0,prescient,see_method_status,fate_spearman,0.6152303803833008,success,5.187965800000711,,,
macsgestalt_transition_panel,B2_lineage_transition,transition_recovery,retrospective_reconstruction,,20260918.0,prescient,see_method_status,fate_top1_accuracy,0.7619047619047619,success,5.187965800000711,,,
macsgestalt_transition_panel,B2_lineage_transition,transition_recovery,retrospective_reconstruction,,20260918.0,tigon,see_method_status,coupling_relative_frobenius,0.9541013749938376,success,19.38227749999988,,,
macsgestalt_transition_panel,B2_lineage_transition,transition_recovery,retrospective_reconstruction,,20260918.0,tigon,see_method_status,transition_weighted_l1,0.9283452308512878,success,19.38227749999988,,,
macsgestalt_transition_panel,B2_lineage_transition,transition_recovery,retrospective_reconstruction,,20260918.0,tigon,see_method_status,fate_pearson,0.7211851023313107,success,19.38227749999988,,,
macsgestalt_transition_panel,B2_lineage_transition,transition_recovery,retrospective_reconstruction,,20260918.0,tigon,see_method_status,fate_spearman,0.6107621708556491,success,19.38227749999988,,,
macsgestalt_transition_panel,B2_lineage_transition,transition_recovery,retrospective_reconstruction,,20260918.0,tigon,see_method_status,fate_top1_accuracy,0.7619047619047619,success,19.38227749999988,,,
macsgestalt_transition_panel,B2_lineage_transition,transition_recovery,retrospective_reconstruction,,20260919.0,mioflow,see_method_status,coupling_relative_frobenius,0.991313987139386,success,11.830186999999569,,,
macsgestalt_transition_panel,B2_lineage_transition,transition_recovery,retrospective_reconstruction,,20260919.0,mioflow,see_method_status,transition_weighted_l1,1.2174254614207702,success,11.830186999999569,,,
macsgestalt_transition_panel,B2_lineage_transition,transition_recovery,retrospective_reconstruction,,20260919.0,mioflow,see_method_status,fate_pearson,0.4856931153334063,success,11.830186999999569,,,
macsgestalt_transition_panel,B2_lineage_transition,transition_recovery,retrospective_reconstruction,,20260919.0,mioflow,see_method_status,fate_spearman,0.4427858156122435,success,11.830186999999569,,,
macsgestalt_transition_panel,B2_lineage_transition,transition_recovery,retrospective_reconstruction,,20260919.0,mioflow,see_method_status,fate_top1_accuracy,0.5476190476190477,success,11.830186999999569,,,
macsgestalt_transition_panel,B2_lineage_transition,transition_recovery,retrospective_reconstruction,,20260919.0,prescient,see_method_status,coupling_relative_frobenius,0.9232862449047136,success,4.753263999999945,,,
macsgestalt_transition_panel,B2_lineage_transition,transition_recovery,retrospective_reconstruction,,20260919.0,prescient,see_method_status,transition_weighted_l1,0.7041725058485173,success,4.753263999999945,,,
macsgestalt_transition_panel,B2_lineage_transition,transition_recovery,retrospective_reconstruction,,20260919.0,prescient,see_method_status,fate_pearson,0.7482161474805122,success,4.753263999999945,,,
macsgestalt_transition_panel,B2_lineage_transition,transition_recovery,retrospective_reconstruction,,20260919.0,prescient,see_method_status,fate_spearman,0.6109473235889521,success,4.753263999999945,,,
macsgestalt_transition_panel,B2_lineage_transition,transition_recovery,retrospective_reconstruction,,20260919.0,prescient,see_method_status,fate_top1_accuracy,0.7857142857142857,success,4.753263999999945,,,
macsgestalt_transition_panel,B2_lineage_transition,transition_recovery,retrospective_reconstruction,,20260919.0,tigon,see_method_status,coupling_relative_frobenius,0.9536765217854136,success,20.06999889999952,,,
macsgestalt_transition_panel,B2_lineage_transition,transition_recovery,retrospective_reconstruction,,20260919.0,tigon,see_method_status,transition_weighted_l1,0.8469570562504978,success,20.06999889999952,,,
macsgestalt_transition_panel,B2_lineage_transition,transition_recovery,retrospective_reconstruction,,20260919.0,tigon,see_method_status,fate_pearson,0.7351985165769845,success,20.06999889999952,,,
macsgestalt_transition_panel,B2_lineage_transition,transition_recovery,retrospective_reconstruction,,20260919.0,tigon,see_method_status,fate_spearman,0.6168417691672761,success,20.06999889999952,,,
macsgestalt_transition_panel,B2_lineage_transition,transition_recovery,retrospective_reconstruction,,20260919.0,tigon,see_method_status,fate_top1_accuracy,0.7619047619047619,success,20.06999889999952,,,
macsgestalt_transition_panel,B2_lineage_transition,transition_recovery,retrospective_reconstruction,,20260920.0,mioflow,see_method_status,coupling_relative_frobenius,1.001329332116878,success,12.103159299999788,,,
macsgestalt_transition_panel,B2_lineage_transition,transition_recovery,retrospective_reconstruction,,20260920.0,mioflow,see_method_status,transition_weighted_l1,1.2143644353824117,success,12.103159299999788,,,
macsgestalt_transition_panel,B2_lineage_transition,transition_recovery,retrospective_reconstruction,,20260920.0,mioflow,see_method_status,fate_pearson,0.4489899888047731,success,12.103159299999788,,,
macsgestalt_transition_panel,B2_lineage_transition,transition_recovery,retrospective_reconstruction,,20260920.0,mioflow,see_method_status,fate_spearman,0.4108083399984061,success,12.103159299999788,,,
macsgestalt_transition_panel,B2_lineage_transition,transition_recovery,retrospective_reconstruction,,20260920.0,mioflow,see_method_status,fate_top1_accuracy,0.5,success,12.103159299999788,,,
macsgestalt_transition_panel,B2_lineage_transition,transition_recovery,retrospective_reconstruction,,20260920.0,prescient,see_method_status,coupling_relative_frobenius,0.934123566609378,success,4.769642400000521,,,
macsgestalt_transition_panel,B2_lineage_transition,transition_recovery,retrospective_reconstruction,,20260920.0,prescient,see_method_status,transition_weighted_l1,0.762888689901581,success,4.769642400000521,,,
macsgestalt_transition_panel,B2_lineage_transition,transition_recovery,retrospective_reconstruction,,20260920.0,prescient,see_method_status,fate_pearson,0.7375832873134232,success,4.769642400000521,,,
macsgestalt_transition_panel,B2_lineage_transition,transition_recovery,retrospective_reconstruction,,20260920.0,prescient,see_method_status,fate_spearman,0.6031986769551924,success,4.769642400000521,,,
macsgestalt_transition_panel,B2_lineage_transition,transition_recovery,retrospective_reconstruction,,20260920.0,prescient,see_method_status,fate_top1_accuracy,0.7857142857142857,success,4.769642400000521,,,
macsgestalt_transition_panel,B2_lineage_transition,transition_recovery,retrospective_reconstruction,,20260920.0,tigon,see_method_status,coupling_relative_frobenius,0.9263516686389875,success,20.34762430000046,,,
macsgestalt_transition_panel,B2_lineage_transition,transition_recovery,retrospective_reconstruction,,20260920.0,tigon,see_method_status,transition_weighted_l1,0.7061222389859736,success,20.34762430000046,,,
macsgestalt_transition_panel,B2_lineage_transition,transition_recovery,retrospective_reconstruction,,20260920.0,tigon,see_method_status,fate_pearson,0.7483483145378048,success,20.34762430000046,,,
macsgestalt_transition_panel,B2_lineage_transition,transition_recovery,retrospective_reconstruction,,20260920.0,tigon,see_method_status,fate_spearman,0.6170738402927092,success,20.34762430000046,,,
macsgestalt_transition_panel,B2_lineage_transition,transition_recovery,retrospective_reconstruction,,20260920.0,tigon,see_method_status,fate_top1_accuracy,0.8095238095238095,success,20.34762430000046,,,
gse140802_t2_t16,B2_lineage_transition,transition_recovery,retrospective_reconstruction,,20260916.0,mioflow,see_method_status,coupling_relative_frobenius,0.9931673643287152,success,12.013453700000357,,,
gse140802_t2_t16,B2_lineage_transition,transition_recovery,retrospective_reconstruction,,20260916.0,mioflow,see_method_status,transition_weighted_l1,0.1231012109755157,success,12.013453700000357,,,
gse140802_t2_t16,B2_lineage_transition,transition_recovery,retrospective_reconstruction,,20260916.0,mioflow,see_method_status,fate_pearson,0.6810018026138667,success,12.013453700000357,,,
gse140802_t2_t16,B2_lineage_transition,transition_recovery,retrospective_reconstruction,,20260916.0,mioflow,see_method_status,fate_spearman,0.6065945304599655,success,12.013453700000357,,,
gse140802_t2_t16,B2_lineage_transition,transition_recovery,retrospective_reconstruction,,20260916.0,mioflow,see_method_status,fate_top1_accuracy,0.55,success,12.013453700000357,,,
gse140802_t2_t16,B2_lineage_transition,transition_recovery,retrospective_reconstruction,,20260916.0,prescient,see_method_status,coupling_relative_frobenius,0.9898361198925616,success,4.76325420000012,,,
gse140802_t2_t16,B2_lineage_transition,transition_recovery,retrospective_reconstruction,,20260916.0,prescient,see_method_status,transition_weighted_l1,0.0275239437428795,success,4.76325420000012,,,
gse140802_t2_t16,B2_lineage_transition,transition_recovery,retrospective_reconstruction,,20260916.0,prescient,see_method_status,fate_pearson,0.6857582828457882,success,4.76325420000012,,,
gse140802_t2_t16,B2_lineage_transition,transition_recovery,retrospective_reconstruction,,20260916.0,prescient,see_method_status,fate_spearman,0.6021522172747454,success,4.76325420000012,,,
gse140802_t2_t16,B2_lineage_transition,transition_recovery,retrospective_reconstruction,,20260916.0,prescient,see_method_status,fate_top1_accuracy,0.55,success,4.76325420000012,,,
gse140802_t2_t16,B2_lineage_transition,transition_recovery,retrospective_reconstruction,,20260916.0,tigon,see_method_status,coupling_relative_frobenius,0.9932713686217348,success,24.13769130000037,,,
gse140802_t2_t16,B2_lineage_transition,transition_recovery,retrospective_reconstruction,,20260916.0,tigon,see_method_status,transition_weighted_l1,0.1097518580221973,success,24.13769130000037,,,
gse140802_t2_t16,B2_lineage_transition,transition_recovery,retrospective_reconstruction,,20260916.0,tigon,see_method_status,fate_pearson,0.6819716979552833,success,24.13769130000037,,,
gse140802_t2_t16,B2_lineage_transition,transition_recovery,retrospective_reconstruction,,20260916.0,tigon,see_method_status,fate_spearman,0.6052923729585108,success,24.13769130000037,,,
gse140802_t2_t16,B2_lineage_transition,transition_recovery,retrospective_reconstruction,,20260916.0,tigon,see_method_status,fate_top1_accuracy,0.55,success,24.13769130000037,,,
gse140802_t2_t16,B2_lineage_transition,transition_recovery,retrospective_reconstruction,,20260917.0,mioflow,see_method_status,coupling_relative_frobenius,0.9935871894927564,success,11.470924399999603,,,
gse140802_t2_t16,B2_lineage_transition,transition_recovery,retrospective_reconstruction,,20260917.0,mioflow,see_method_status,transition_weighted_l1,0.1483411980097039,success,11.470924399999603,,,
gse140802_t2_t16,B2_lineage_transition,transition_recovery,retrospective_reconstruction,,20260917.0,mioflow,see_method_status,fate_pearson,0.6685203639977878,success,11.470924399999603,,,
gse140802_t2_t16,B2_lineage_transition,transition_recovery,retrospective_reconstruction,,20260917.0,mioflow,see_method_status,fate_spearman,0.6186308852868236,success,11.470924399999603,,,
gse140802_t2_t16,B2_lineage_transition,transition_recovery,retrospective_reconstruction,,20260917.0,mioflow,see_method_status,fate_top1_accuracy,0.55,success,11.470924399999603,,,
gse140802_t2_t16,B2_lineage_transition,transition_recovery,retrospective_reconstruction,,20260917.0,prescient,see_method_status,coupling_relative_frobenius,0.9895187892038269,success,4.930187599999954,,,
gse140802_t2_t16,B2_lineage_transition,transition_recovery,retrospective_reconstruction,,20260917.0,prescient,see_method_status,transition_weighted_l1,0.0404139751884971,success,4.930187599999954,,,
gse140802_t2_t16,B2_lineage_transition,transition_recovery,retrospective_reconstruction,,20260917.0,prescient,see_method_status,fate_pearson,0.6897292478617645,success,4.930187599999954,,,
gse140802_t2_t16,B2_lineage_transition,transition_recovery,retrospective_reconstruction,,20260917.0,prescient,see_method_status,fate_spearman,0.6141203973215643,success,4.930187599999954,,,
gse140802_t2_t16,B2_lineage_transition,transition_recovery,retrospective_reconstruction,,20260917.0,prescient,see_method_status,fate_top1_accuracy,0.55,success,4.930187599999954,,,
gse140802_t2_t16,B2_lineage_transition,transition_recovery,retrospective_reconstruction,,20260917.0,tigon,see_method_status,coupling_relative_frobenius,0.9932723625317816,success,23.325883700000304,,,
gse140802_t2_t16,B2_lineage_transition,transition_recovery,retrospective_reconstruction,,20260917.0,tigon,see_method_status,transition_weighted_l1,0.1097581183375133,success,23.325883700000304,,,
gse140802_t2_t16,B2_lineage_transition,transition_recovery,retrospective_reconstruction,,20260917.0,tigon,see_method_status,fate_pearson,0.6820383698968957,success,23.325883700000304,,,
gse140802_t2_t16,B2_lineage_transition,transition_recovery,retrospective_reconstruction,,20260917.0,tigon,see_method_status,fate_spearman,0.6076782372425027,success,23.325883700000304,,,
gse140802_t2_t16,B2_lineage_transition,transition_recovery,retrospective_reconstruction,,20260917.0,tigon,see_method_status,fate_top1_accuracy,0.55,success,23.325883700000304,,,
gse140802_t2_t16,B2_lineage_transition,transition_recovery,retrospective_reconstruction,,20260918.0,mioflow,see_method_status,coupling_relative_frobenius,0.9933128210872902,success,12.363045500000226,,,
gse140802_t2_t16,B2_lineage_transition,transition_recovery,retrospective_reconstruction,,20260918.0,mioflow,see_method_status,transition_weighted_l1,0.1406139882727916,success,12.363045500000226,,,
gse140802_t2_t16,B2_lineage_transition,transition_recovery,retrospective_reconstruction,,20260918.0,mioflow,see_method_status,fate_pearson,0.6730154071381761,success,12.363045500000226,,,
gse140802_t2_t16,B2_lineage_transition,transition_recovery,retrospective_reconstruction,,20260918.0,mioflow,see_method_status,fate_spearman,0.6107744208463829,success,12.363045500000226,,,
gse140802_t2_t16,B2_lineage_transition,transition_recovery,retrospective_reconstruction,,20260918.0,mioflow,see_method_status,fate_top1_accuracy,0.55,success,12.363045500000226,,,
gse140802_t2_t16,B2_lineage_transition,transition_recovery,retrospective_reconstruction,,20260918.0,prescient,see_method_status,coupling_relative_frobenius,0.9895855511195136,success,4.707105800000136,,,
gse140802_t2_t16,B2_lineage_transition,transition_recovery,retrospective_reconstruction,,20260918.0,prescient,see_method_status,transition_weighted_l1,0.0250401517185792,success,4.707105800000136,,,
gse140802_t2_t16,B2_lineage_transition,transition_recovery,retrospective_reconstruction,,20260918.0,prescient,see_method_status,fate_pearson,0.6812914512747107,success,4.707105800000136,,,
gse140802_t2_t16,B2_lineage_transition,transition_recovery,retrospective_reconstruction,,20260918.0,prescient,see_method_status,fate_spearman,0.6045381468293745,success,4.707105800000136,,,
gse140802_t2_t16,B2_lineage_transition,transition_recovery,retrospective_reconstruction,,20260918.0,prescient,see_method_status,fate_top1_accuracy,0.55,success,4.707105800000136,,,
gse140802_t2_t16,B2_lineage_transition,transition_recovery,retrospective_reconstruction,,20260918.0,tigon,see_method_status,coupling_relative_frobenius,0.9932709221334548,success,21.92691970000033,,,
gse140802_t2_t16,B2_lineage_transition,transition_recovery,retrospective_reconstruction,,20260918.0,tigon,see_method_status,transition_weighted_l1,0.1097119637394627,success,21.92691970000033,,,
gse140802_t2_t16,B2_lineage_transition,transition_recovery,retrospective_reconstruction,,20260918.0,tigon,see_method_status,fate_pearson,0.6819729290361615,success,21.92691970000033,,,
gse140802_t2_t16,B2_lineage_transition,transition_recovery,retrospective_reconstruction,,20260918.0,tigon,see_method_status,fate_spearman,0.6098168197392374,success,21.92691970000033,,,
gse140802_t2_t16,B2_lineage_transition,transition_recovery,retrospective_reconstruction,,20260918.0,tigon,see_method_status,fate_top1_accuracy,0.55,success,21.92691970000033,,,
gse140802_t2_t16,B2_lineage_transition,transition_recovery,retrospective_reconstruction,,20260919.0,mioflow,see_method_status,coupling_relative_frobenius,0.9931021585305272,success,11.767347699999846,,,
gse140802_t2_t16,B2_lineage_transition,transition_recovery,retrospective_reconstruction,,20260919.0,mioflow,see_method_status,transition_weighted_l1,0.1281482240406762,success,11.767347699999846,,,
gse140802_t2_t16,B2_lineage_transition,transition_recovery,retrospective_reconstruction,,20260919.0,mioflow,see_method_status,fate_pearson,0.6776899817881051,success,11.767347699999846,,,
gse140802_t2_t16,B2_lineage_transition,transition_recovery,retrospective_reconstruction,,20260919.0,mioflow,see_method_status,fate_spearman,0.6070230070884197,success,11.767347699999846,,,
gse140802_t2_t16,B2_lineage_transition,transition_recovery,retrospective_reconstruction,,20260919.0,mioflow,see_method_status,fate_top1_accuracy,0.55,success,11.767347699999846,,,
gse140802_t2_t16,B2_lineage_transition,transition_recovery,retrospective_reconstruction,,20260919.0,prescient,see_method_status,coupling_relative_frobenius,0.988352785860451,success,4.738925100000415,,,
gse140802_t2_t16,B2_lineage_transition,transition_recovery,retrospective_reconstruction,,20260919.0,prescient,see_method_status,transition_weighted_l1,0.0266751012564208,success,4.738925100000415,,,
gse140802_t2_t16,B2_lineage_transition,transition_recovery,retrospective_reconstruction,,20260919.0,prescient,see_method_status,fate_pearson,0.6898767443702183,success,4.738925100000415,,,
gse140802_t2_t16,B2_lineage_transition,transition_recovery,retrospective_reconstruction,,20260919.0,prescient,see_method_status,fate_spearman,0.600838769337358,success,4.738925100000415,,,
gse140802_t2_t16,B2_lineage_transition,transition_recovery,retrospective_reconstruction,,20260919.0,prescient,see_method_status,fate_top1_accuracy,0.55,success,4.738925100000415,,,
gse140802_t2_t16,B2_lineage_transition,transition_recovery,retrospective_reconstruction,,20260919.0,tigon,see_method_status,coupling_relative_frobenius,0.993269664230502,success,22.086581900000056,,,
gse140802_t2_t16,B2_lineage_transition,transition_recovery,retrospective_reconstruction,,20260919.0,tigon,see_method_status,transition_weighted_l1,0.1095381776796202,success,22.086581900000056,,,
gse140802_t2_t16,B2_lineage_transition,transition_recovery,retrospective_reconstruction,,20260919.0,tigon,see_method_status,fate_pearson,0.6820279187780509,success,22.086581900000056,,,
gse140802_t2_t16,B2_lineage_transition,transition_recovery,retrospective_reconstruction,,20260919.0,tigon,see_method_status,fate_spearman,0.6117600201283903,success,22.086581900000056,,,
gse140802_t2_t16,B2_lineage_transition,transition_recovery,retrospective_reconstruction,,20260919.0,tigon,see_method_status,fate_top1_accuracy,0.55,success,22.086581900000056,,,
gse140802_t2_t16,B2_lineage_transition,transition_recovery,retrospective_reconstruction,,20260920.0,mioflow,see_method_status,coupling_relative_frobenius,0.993470505960408,success,11.402560200000153,,,
gse140802_t2_t16,B2_lineage_transition,transition_recovery,retrospective_reconstruction,,20260920.0,mioflow,see_method_status,transition_weighted_l1,0.1419939531797231,success,11.402560200000153,,,
gse140802_t2_t16,B2_lineage_transition,transition_recovery,retrospective_reconstruction,,20260920.0,mioflow,see_method_status,fate_pearson,0.6718380460006822,success,11.402560200000153,,,
gse140802_t2_t16,B2_lineage_transition,transition_recovery,retrospective_reconstruction,,20260920.0,mioflow,see_method_status,fate_spearman,0.610372550112441,success,11.402560200000153,,,
gse140802_t2_t16,B2_lineage_transition,transition_recovery,retrospective_reconstruction,,20260920.0,mioflow,see_method_status,fate_top1_accuracy,0.55,success,11.402560200000153,,,
gse140802_t2_t16,B2_lineage_transition,transition_recovery,retrospective_reconstruction,,20260920.0,prescient,see_method_status,coupling_relative_frobenius,0.9893671615277244,success,4.724510500000179,,,
gse140802_t2_t16,B2_lineage_transition,transition_recovery,retrospective_reconstruction,,20260920.0,prescient,see_method_status,transition_weighted_l1,0.0257309212178303,success,4.724510500000179,,,
gse140802_t2_t16,B2_lineage_transition,transition_recovery,retrospective_reconstruction,,20260920.0,prescient,see_method_status,fate_pearson,0.6739427338800289,success,4.724510500000179,,,
gse140802_t2_t16,B2_lineage_transition,transition_recovery,retrospective_reconstruction,,20260920.0,prescient,see_method_status,fate_spearman,0.5960219559088142,success,4.724510500000179,,,
gse140802_t2_t16,B2_lineage_transition,transition_recovery,retrospective_reconstruction,,20260920.0,prescient,see_method_status,fate_top1_accuracy,0.55,success,4.724510500000179,,,
gse140802_t2_t16,B2_lineage_transition,transition_recovery,retrospective_reconstruction,,20260920.0,tigon,see_method_status,coupling_relative_frobenius,0.9932726606554856,success,23.77054660000067,,,
gse140802_t2_t16,B2_lineage_transition,transition_recovery,retrospective_reconstruction,,20260920.0,tigon,see_method_status,transition_weighted_l1,0.1098174092732708,success,23.77054660000067,,,
gse140802_t2_t16,B2_lineage_transition,transition_recovery,retrospective_reconstruction,,20260920.0,tigon,see_method_status,fate_pearson,0.681993818914351,success,23.77054660000067,,,
gse140802_t2_t16,B2_lineage_transition,transition_recovery,retrospective_reconstruction,,20260920.0,tigon,see_method_status,fate_spearman,0.6089527806652585,success,23.77054660000067,,,
gse140802_t2_t16,B2_lineage_transition,transition_recovery,retrospective_reconstruction,,20260920.0,tigon,see_method_status,fate_top1_accuracy,0.55,success,23.77054660000067,,,
gse140802_t2_t9,B2_lineage_transition,transition_recovery,retrospective_reconstruction,,20260916.0,mioflow,see_method_status,coupling_relative_frobenius,0.9975218930432536,success,13.74652270000024,,,
gse140802_t2_t9,B2_lineage_transition,transition_recovery,retrospective_reconstruction,,20260916.0,mioflow,see_method_status,transition_weighted_l1,0.1161616005967642,success,13.74652270000024,,,
gse140802_t2_t9,B2_lineage_transition,transition_recovery,retrospective_reconstruction,,20260916.0,mioflow,see_method_status,fate_pearson,0.5320828005890784,success,13.74652270000024,,,
gse140802_t2_t9,B2_lineage_transition,transition_recovery,retrospective_reconstruction,,20260916.0,mioflow,see_method_status,fate_spearman,0.5338474510666846,success,13.74652270000024,,,
gse140802_t2_t9,B2_lineage_transition,transition_recovery,retrospective_reconstruction,,20260916.0,mioflow,see_method_status,fate_top1_accuracy,0.5526315789473685,success,13.74652270000024,,,
gse140802_t2_t9,B2_lineage_transition,transition_recovery,retrospective_reconstruction,,20260916.0,prescient,see_method_status,coupling_relative_frobenius,0.997119789970787,success,6.1162162000000535,,,
gse140802_t2_t9,B2_lineage_transition,transition_recovery,retrospective_reconstruction,,20260916.0,prescient,see_method_status,transition_weighted_l1,0.0263844283455232,success,6.1162162000000535,,,
gse140802_t2_t9,B2_lineage_transition,transition_recovery,retrospective_reconstruction,,20260916.0,prescient,see_method_status,fate_pearson,0.5415687988006731,success,6.1162162000000535,,,
gse140802_t2_t9,B2_lineage_transition,transition_recovery,retrospective_reconstruction,,20260916.0,prescient,see_method_status,fate_spearman,0.5308736356354434,success,6.1162162000000535,,,
gse140802_t2_t9,B2_lineage_transition,transition_recovery,retrospective_reconstruction,,20260916.0,prescient,see_method_status,fate_top1_accuracy,0.5526315789473685,success,6.1162162000000535,,,
gse140802_t2_t9,B2_lineage_transition,transition_recovery,retrospective_reconstruction,,20260916.0,tigon,see_method_status,coupling_relative_frobenius,0.9982439942852676,success,41.948921600000176,,,
gse140802_t2_t9,B2_lineage_transition,transition_recovery,retrospective_reconstruction,,20260916.0,tigon,see_method_status,transition_weighted_l1,0.152639589286058,success,41.948921600000176,,,
gse140802_t2_t9,B2_lineage_transition,transition_recovery,retrospective_reconstruction,,20260916.0,tigon,see_method_status,fate_pearson,0.5244065451815121,success,41.948921600000176,,,
gse140802_t2_t9,B2_lineage_transition,transition_recovery,retrospective_reconstruction,,20260916.0,tigon,see_method_status,fate_spearman,0.5301091764604083,success,41.948921600000176,,,
gse140802_t2_t9,B2_lineage_transition,transition_recovery,retrospective_reconstruction,,20260916.0,tigon,see_method_status,fate_top1_accuracy,0.5526315789473685,success,41.948921600000176,,,
gse140802_t2_t9,B2_lineage_transition,transition_recovery,retrospective_reconstruction,,20260917.0,mioflow,see_method_status,coupling_relative_frobenius,0.998089853442605,success,13.662903800000096,,,
gse140802_t2_t9,B2_lineage_transition,transition_recovery,retrospective_reconstruction,,20260917.0,mioflow,see_method_status,transition_weighted_l1,0.1741505897849765,success,13.662903800000096,,,
gse140802_t2_t9,B2_lineage_transition,transition_recovery,retrospective_reconstruction,,20260917.0,mioflow,see_method_status,fate_pearson,0.5128638259823372,success,13.662903800000096,,,
gse140802_t2_t9,B2_lineage_transition,transition_recovery,retrospective_reconstruction,,20260917.0,mioflow,see_method_status,fate_spearman,0.5275253677125754,success,13.662903800000096,,,
gse140802_t2_t9,B2_lineage_transition,transition_recovery,retrospective_reconstruction,,20260917.0,mioflow,see_method_status,fate_top1_accuracy,0.5526315789473685,success,13.662903800000096,,,
gse140802_t2_t9,B2_lineage_transition,transition_recovery,retrospective_reconstruction,,20260917.0,prescient,see_method_status,coupling_relative_frobenius,0.9968915287909356,success,5.9572438000004695,,,
gse140802_t2_t9,B2_lineage_transition,transition_recovery,retrospective_reconstruction,,20260917.0,prescient,see_method_status,transition_weighted_l1,0.0183751663379894,success,5.9572438000004695,,,
gse140802_t2_t9,B2_lineage_transition,transition_recovery,retrospective_reconstruction,,20260917.0,prescient,see_method_status,fate_pearson,0.5462248525924126,success,5.9572438000004695,,,
gse140802_t2_t9,B2_lineage_transition,transition_recovery,retrospective_reconstruction,,20260917.0,prescient,see_method_status,fate_spearman,0.5324479246967051,success,5.9572438000004695,,,
gse140802_t2_t9,B2_lineage_transition,transition_recovery,retrospective_reconstruction,,20260917.0,prescient,see_method_status,fate_top1_accuracy,0.5526315789473685,success,5.9572438000004695,,,
gse140802_t2_t9,B2_lineage_transition,transition_recovery,retrospective_reconstruction,,20260917.0,tigon,see_method_status,coupling_relative_frobenius,0.9982413821611922,success,42.25566600000002,,,
gse140802_t2_t9,B2_lineage_transition,transition_recovery,retrospective_reconstruction,,20260917.0,tigon,see_method_status,transition_weighted_l1,0.1524876667543909,success,42.25566600000002,,,
gse140802_t2_t9,B2_lineage_transition,transition_recovery,retrospective_reconstruction,,20260917.0,tigon,see_method_status,fate_pearson,0.5244607500097886,success,42.25566600000002,,,
gse140802_t2_t9,B2_lineage_transition,transition_recovery,retrospective_reconstruction,,20260917.0,tigon,see_method_status,fate_spearman,0.5319742370616225,success,42.25566600000002,,,
gse140802_t2_t9,B2_lineage_transition,transition_recovery,retrospective_reconstruction,,20260917.0,tigon,see_method_status,fate_top1_accuracy,0.5526315789473685,success,42.25566600000002,,,
gse140802_t2_t9,B2_lineage_transition,transition_recovery,retrospective_reconstruction,,20260918.0,mioflow,see_method_status,coupling_relative_frobenius,0.9979621503877042,success,13.745216499999517,,,
gse140802_t2_t9,B2_lineage_transition,transition_recovery,retrospective_reconstruction,,20260918.0,mioflow,see_method_status,transition_weighted_l1,0.1587594390841115,success,13.745216499999517,,,
gse140802_t2_t9,B2_lineage_transition,transition_recovery,retrospective_reconstruction,,20260918.0,mioflow,see_method_status,fate_pearson,0.5184957074281172,success,13.745216499999517,,,
gse140802_t2_t9,B2_lineage_transition,transition_recovery,retrospective_reconstruction,,20260918.0,mioflow,see_method_status,fate_spearman,0.5305098878431908,success,13.745216499999517,,,
gse140802_t2_t9,B2_lineage_transition,transition_recovery,retrospective_reconstruction,,20260918.0,mioflow,see_method_status,fate_top1_accuracy,0.5526315789473685,success,13.745216499999517,,,
gse140802_t2_t9,B2_lineage_transition,transition_recovery,retrospective_reconstruction,,20260918.0,prescient,see_method_status,coupling_relative_frobenius,0.9970729972402402,success,6.154530699999668,,,
gse140802_t2_t9,B2_lineage_transition,transition_recovery,retrospective_reconstruction,,20260918.0,prescient,see_method_status,transition_weighted_l1,0.026131759999358,success,6.154530699999668,,,
gse140802_t2_t9,B2_lineage_transition,transition_recovery,retrospective_reconstruction,,20260918.0,prescient,see_method_status,fate_pearson,0.5392771694323856,success,6.154530699999668,,,
gse140802_t2_t9,B2_lineage_transition,transition_recovery,retrospective_reconstruction,,20260918.0,prescient,see_method_status,fate_spearman,0.5289425066240131,success,6.154530699999668,,,
gse140802_t2_t9,B2_lineage_transition,transition_recovery,retrospective_reconstruction,,20260918.0,prescient,see_method_status,fate_top1_accuracy,0.5526315789473685,success,6.154530699999668,,,
gse140802_t2_t9,B2_lineage_transition,transition_recovery,retrospective_reconstruction,,20260918.0,tigon,see_method_status,coupling_relative_frobenius,0.9982429368571444,success,42.34471649999978,,,
gse140802_t2_t9,B2_lineage_transition,transition_recovery,retrospective_reconstruction,,20260918.0,tigon,see_method_status,transition_weighted_l1,0.1524757148810291,success,42.34471649999978,,,
gse140802_t2_t9,B2_lineage_transition,transition_recovery,retrospective_reconstruction,,20260918.0,tigon,see_method_status,fate_pearson,0.5244415169912201,success,42.34471649999978,,,
gse140802_t2_t9,B2_lineage_transition,transition_recovery,retrospective_reconstruction,,20260918.0,tigon,see_method_status,fate_spearman,0.5324268658293035,success,42.34471649999978,,,
gse140802_t2_t9,B2_lineage_transition,transition_recovery,retrospective_reconstruction,,20260918.0,tigon,see_method_status,fate_top1_accuracy,0.5526315789473685,success,42.34471649999978,,,
gse140802_t2_t9,B2_lineage_transition,transition_recovery,retrospective_reconstruction,,20260919.0,mioflow,see_method_status,coupling_relative_frobenius,0.997843003498772,success,14.100329599999895,,,
gse140802_t2_t9,B2_lineage_transition,transition_recovery,retrospective_reconstruction,,20260919.0,mioflow,see_method_status,transition_weighted_l1,0.144721163912868,success,14.100329599999895,,,
gse140802_t2_t9,B2_lineage_transition,transition_recovery,retrospective_reconstruction,,20260919.0,mioflow,see_method_status,fate_pearson,0.5230953087251339,success,14.100329599999895,,,
gse140802_t2_t9,B2_lineage_transition,transition_recovery,retrospective_reconstruction,,20260919.0,mioflow,see_method_status,fate_spearman,0.5297222697884598,success,14.100329599999895,,,
gse140802_t2_t9,B2_lineage_transition,transition_recovery,retrospective_reconstruction,,20260919.0,mioflow,see_method_status,fate_top1_accuracy,0.5526315789473685,success,14.100329599999895,,,
gse140802_t2_t9,B2_lineage_transition,transition_recovery,retrospective_reconstruction,,20260919.0,prescient,see_method_status,coupling_relative_frobenius,0.9971257777717668,success,6.35136059999968,,,
gse140802_t2_t9,B2_lineage_transition,transition_recovery,retrospective_reconstruction,,20260919.0,prescient,see_method_status,transition_weighted_l1,0.0311385332344679,success,6.35136059999968,,,
gse140802_t2_t9,B2_lineage_transition,transition_recovery,retrospective_reconstruction,,20260919.0,prescient,see_method_status,fate_pearson,0.5443327544981922,success,6.35136059999968,,,
gse140802_t2_t9,B2_lineage_transition,transition_recovery,retrospective_reconstruction,,20260919.0,prescient,see_method_status,fate_spearman,0.530476594663815,success,6.35136059999968,,,
gse140802_t2_t9,B2_lineage_transition,transition_recovery,retrospective_reconstruction,,20260919.0,prescient,see_method_status,fate_top1_accuracy,0.5526315789473685,success,6.35136059999968,,,
gse140802_t2_t9,B2_lineage_transition,transition_recovery,retrospective_reconstruction,,20260919.0,tigon,see_method_status,coupling_relative_frobenius,0.9982425935671608,success,42.208458599999176,,,
gse140802_t2_t9,B2_lineage_transition,transition_recovery,retrospective_reconstruction,,20260919.0,tigon,see_method_status,transition_weighted_l1,0.1523226551068403,success,42.208458599999176,,,
gse140802_t2_t9,B2_lineage_transition,transition_recovery,retrospective_reconstruction,,20260919.0,tigon,see_method_status,fate_pearson,0.5245765493452326,success,42.208458599999176,,,
gse140802_t2_t9,B2_lineage_transition,transition_recovery,retrospective_reconstruction,,20260919.0,tigon,see_method_status,fate_spearman,0.5316546308176608,success,42.208458599999176,,,
gse140802_t2_t9,B2_lineage_transition,transition_recovery,retrospective_reconstruction,,20260919.0,tigon,see_method_status,fate_top1_accuracy,0.5526315789473685,success,42.208458599999176,,,
gse140802_t2_t9,B2_lineage_transition,transition_recovery,retrospective_reconstruction,,20260920.0,mioflow,see_method_status,coupling_relative_frobenius,0.9981916210019997,success,12.533916000000318,,,
gse140802_t2_t9,B2_lineage_transition,transition_recovery,retrospective_reconstruction,,20260920.0,mioflow,see_method_status,transition_weighted_l1,0.1748665945271663,success,12.533916000000318,,,
gse140802_t2_t9,B2_lineage_transition,transition_recovery,retrospective_reconstruction,,20260920.0,mioflow,see_method_status,fate_pearson,0.511146297378903,success,12.533916000000318,,,
gse140802_t2_t9,B2_lineage_transition,transition_recovery,retrospective_reconstruction,,20260920.0,mioflow,see_method_status,fate_spearman,0.5044788677468828,success,12.533916000000318,,,
gse140802_t2_t9,B2_lineage_transition,transition_recovery,retrospective_reconstruction,,20260920.0,mioflow,see_method_status,fate_top1_accuracy,0.2434210526315789,success,12.533916000000318,,,
gse140802_t2_t9,B2_lineage_transition,transition_recovery,retrospective_reconstruction,,20260920.0,prescient,see_method_status,coupling_relative_frobenius,0.9972446330235925,success,6.240835099999458,,,
gse140802_t2_t9,B2_lineage_transition,transition_recovery,retrospective_reconstruction,,20260920.0,prescient,see_method_status,transition_weighted_l1,0.0257531387747524,success,6.240835099999458,,,
gse140802_t2_t9,B2_lineage_transition,transition_recovery,retrospective_reconstruction,,20260920.0,prescient,see_method_status,fate_pearson,0.5500566576323485,success,6.240835099999458,,,
gse140802_t2_t9,B2_lineage_transition,transition_recovery,retrospective_reconstruction,,20260920.0,prescient,see_method_status,fate_spearman,0.5395875911639605,success,6.240835099999458,,,
gse140802_t2_t9,B2_lineage_transition,transition_recovery,retrospective_reconstruction,,20260920.0,prescient,see_method_status,fate_top1_accuracy,0.5526315789473685,success,6.240835099999458,,,
gse140802_t2_t9,B2_lineage_transition,transition_recovery,retrospective_reconstruction,,20260920.0,tigon,see_method_status,coupling_relative_frobenius,0.998243736860358,success,42.86661980000008,,,
gse140802_t2_t9,B2_lineage_transition,transition_recovery,retrospective_reconstruction,,20260920.0,tigon,see_method_status,transition_weighted_l1,0.152423661141033,success,42.86661980000008,,,
gse140802_t2_t9,B2_lineage_transition,transition_recovery,retrospective_reconstruction,,20260920.0,tigon,see_method_status,fate_pearson,0.5245675066070653,success,42.86661980000008,,,
gse140802_t2_t9,B2_lineage_transition,transition_recovery,retrospective_reconstruction,,20260920.0,tigon,see_method_status,fate_spearman,0.5326905306015322,success,42.86661980000008,,,
gse140802_t2_t9,B2_lineage_transition,transition_recovery,retrospective_reconstruction,,20260920.0,tigon,see_method_status,fate_top1_accuracy,0.5526315789473685,success,42.86661980000008,,,
GSE239651_expt1,B3_prospective_composition,clone_level_future_state_composition,locked_existing,,20260916.0,PERSIST-IOT,locked_primary_rerun,cross_entropy,1.0370164120742835,success,,,,
GSE239651_expt1,B3_prospective_composition,clone_level_future_state_composition,locked_existing,,20260916.0,PERSIST-no-IOT,locked_primary_rerun,cross_entropy,6.955561833086343,success,,,,
GSE239651_expt2,B3_prospective_composition,clone_level_future_state_composition,locked_existing,,20260916.0,PERSIST-IOT,locked_primary_rerun,cross_entropy,0.9859026620053872,success,,,,
GSE239651_expt2,B3_prospective_composition,clone_level_future_state_composition,locked_existing,,20260916.0,PERSIST-no-IOT,locked_primary_rerun,cross_entropy,6.549742700206335,success,,,,
GSE239651_expt1,B3_prospective_composition,clone_level_future_state_composition,locked_existing,,20260916.0,PERSIST-IOT,locked_primary_rerun,sinkhorn_divergence,0.1024034576297865,success,,,,
GSE239651_expt1,B3_prospective_composition,clone_level_future_state_composition,locked_existing,,20260916.0,PERSIST-no-IOT,locked_primary_rerun,sinkhorn_divergence,0.1784467192593128,success,,,,
GSE239651_expt2,B3_prospective_composition,clone_level_future_state_composition,locked_existing,,20260916.0,PERSIST-IOT,locked_primary_rerun,sinkhorn_divergence,0.1110045964504361,success,,,,
GSE239651_expt2,B3_prospective_composition,clone_level_future_state_composition,locked_existing,,20260916.0,PERSIST-no-IOT,locked_primary_rerun,sinkhorn_divergence,0.1965103520808689,success,,,,
GSE239651_expt1,B3_prospective_composition,clone_level_future_state_composition,locked_existing,,20260916.0,PERSIST-IOT,locked_primary_rerun,top1_accuracy,0.6443394288062462,success,,,,
GSE239651_expt1,B3_prospective_composition,clone_level_future_state_composition,locked_existing,,20260916.0,PERSIST-no-IOT,locked_primary_rerun,top1_accuracy,0.4970207520032874,success,,,,
GSE239651_expt2,B3_prospective_composition,clone_level_future_state_composition,locked_existing,,20260916.0,PERSIST-IOT,locked_primary_rerun,top1_accuracy,0.6819870648135407,success,,,,
GSE239651_expt2,B3_prospective_composition,clone_level_future_state_composition,locked_existing,,20260916.0,PERSIST-no-IOT,locked_primary_rerun,top1_accuracy,0.475024081464153,success,,,,
GSE239651_expt1,B3_prospective_composition,clone_level_future_state_composition,locked_existing,,20260916.0,PERSIST-IOT,locked_primary_rerun,brier_score,0.2851258100055829,success,,,,
GSE239651_expt1,B3_prospective_composition,clone_level_future_state_composition,locked_existing,,20260916.0,PERSIST-no-IOT,locked_primary_rerun,brier_score,0.5164761222815634,success,,,,
GSE239651_expt2,B3_prospective_composition,clone_level_future_state_composition,locked_existing,,20260916.0,PERSIST-IOT,locked_primary_rerun,brier_score,0.3592909630817728,success,,,,
GSE239651_expt2,B3_prospective_composition,clone_level_future_state_composition,locked_existing,,20260916.0,PERSIST-no-IOT,locked_primary_rerun,brier_score,0.597281963260918,success,,,,
GSE239651_expt1,B3_prospective_composition,clone_level_future_state_composition,locked_existing,,20260916.0,PERSIST-IOT,locked_primary_rerun,expected_calibration_error,0.0887882896405101,success,,,,
GSE239651_expt1,B3_prospective_composition,clone_level_future_state_composition,locked_existing,,20260916.0,PERSIST-no-IOT,locked_primary_rerun,expected_calibration_error,0.2392807832146085,success,,,,
GSE239651_expt2,B3_prospective_composition,clone_level_future_state_composition,locked_existing,,20260916.0,PERSIST-IOT,locked_primary_rerun,expected_calibration_error,0.0915102460671916,success,,,,
GSE239651_expt2,B3_prospective_composition,clone_level_future_state_composition,locked_existing,,20260916.0,PERSIST-no-IOT,locked_primary_rerun,expected_calibration_error,0.2342588619523692,success,,,,
GSE239651_expt2,B3_prospective_composition,population_future_state_composition,expt1_to_locked_expt2,gse239651_dmso_day3::DMSO,20260916.0,source-carry-forward,see_method_status,cross_entropy,0.9453034735830608,success,0.1561231999994561,,,
GSE239651_expt2,B3_prospective_composition,population_future_state_composition,expt1_to_locked_expt2,gse239651_dmso_day3::DMSO,20260916.0,development-target-transfer,see_method_status,cross_entropy,0.9513839598786596,success,0.1614518000005773,,,
GSE239651_expt2,B3_prospective_composition,population_future_state_composition,expt1_to_locked_expt2,gse239651_dmso_day3::DMSO,20260916.0,prescient,see_method_status,cross_entropy,0.988116830378835,success,16.968943099999706,,,
GSE239651_expt2,B3_prospective_composition,population_future_state_composition,expt1_to_locked_expt2,gse239651_dmso_day3::DMSO,20260917.0,prescient,see_method_status,cross_entropy,0.989816494885139,success,16.857099100000596,,,
GSE239651_expt2,B3_prospective_composition,population_future_state_composition,expt1_to_locked_expt2,gse239651_dmso_day3::DMSO,20260918.0,prescient,see_method_status,cross_entropy,0.9870363226600358,success,17.230403200000183,,,
GSE239651_expt2,B3_prospective_composition,population_future_state_composition,expt1_to_locked_expt2,gse239651_dmso_day3::DMSO,20260919.0,prescient,see_method_status,cross_entropy,0.9881711142543196,success,17.66758740000023,,,
GSE239651_expt2,B3_prospective_composition,population_future_state_composition,expt1_to_locked_expt2,gse239651_dmso_day3::DMSO,20260920.0,prescient,see_method_status,cross_entropy,0.9892621542786588,success,18.999660499999663,,,
GSE239651_expt2,B3_prospective_composition,population_future_state_composition,expt1_to_locked_expt2,gse239651_dmso_day3::DMSO,20260916.0,tigon,see_method_status,cross_entropy,0.9521334769425784,success,115.63007089999974,,,
GSE239651_expt2,B3_prospective_composition,population_future_state_composition,expt1_to_locked_expt2,gse239651_dmso_day3::DMSO,20260917.0,tigon,see_method_status,cross_entropy,0.9474000160733492,success,115.80890920000002,,,
GSE239651_expt2,B3_prospective_composition,population_future_state_composition,expt1_to_locked_expt2,gse239651_dmso_day3::DMSO,20260918.0,tigon,see_method_status,cross_entropy,0.9451291075523968,success,117.5844432999993,,,
GSE239651_expt2,B3_prospective_composition,population_future_state_composition,expt1_to_locked_expt2,gse239651_dmso_day3::DMSO,20260919.0,tigon,see_method_status,cross_entropy,0.9530187402299086,success,120.40731559999948,,,
GSE239651_expt2,B3_prospective_composition,population_future_state_composition,expt1_to_locked_expt2,gse239651_dmso_day3::DMSO,20260920.0,tigon,see_method_status,cross_entropy,0.9507245634793974,success,117.94565039999998,,,
GSE239651_expt2,B3_prospective_composition,population_future_state_composition,expt1_to_locked_expt2,gse239651_dmso_day3::DMSO,20260916.0,mioflow,see_method_status,cross_entropy,0.9962334672608402,success,14.598558699999558,,,
GSE239651_expt2,B3_prospective_composition,population_future_state_composition,expt1_to_locked_expt2,gse239651_dmso_day3::DMSO,20260917.0,mioflow,see_method_status,cross_entropy,1.0050423152604069,success,13.951207300000531,,,
GSE239651_expt2,B3_prospective_composition,population_future_state_composition,expt1_to_locked_expt2,gse239651_dmso_day3::DMSO,20260918.0,mioflow,see_method_status,cross_entropy,0.9906237654754012,success,12.65088199999991,,,
GSE239651_expt2,B3_prospective_composition,population_future_state_composition,expt1_to_locked_expt2,gse239651_dmso_day3::DMSO,20260919.0,mioflow,see_method_status,cross_entropy,0.9550429379275278,success,13.814521600000262,,,
GSE239651_expt2,B3_prospective_composition,population_future_state_composition,expt1_to_locked_expt2,gse239651_dmso_day3::DMSO,20260920.0,mioflow,see_method_status,cross_entropy,0.989576019497666,success,12.666965100000198,,,
GSE239651_expt2,B3_prospective_composition,population_future_state_composition,expt1_to_locked_expt2,gse239651_dmso_day6::DMSO,20260916.0,source-carry-forward,see_method_status,cross_entropy,1.0432801252777673,success,0.1849554000000353,,,
GSE239651_expt2,B3_prospective_composition,population_future_state_composition,expt1_to_locked_expt2,gse239651_dmso_day6::DMSO,20260916.0,development-target-transfer,see_method_status,cross_entropy,0.964639344856504,success,0.1975183000004108,,,
GSE239651_expt2,B3_prospective_composition,population_future_state_composition,expt1_to_locked_expt2,gse239651_dmso_day6::DMSO,20260916.0,prescient,see_method_status,cross_entropy,1.021477522156026,success,18.23375170000054,,,
GSE239651_expt2,B3_prospective_composition,population_future_state_composition,expt1_to_locked_expt2,gse239651_dmso_day6::DMSO,20260917.0,prescient,see_method_status,cross_entropy,1.0223202622410534,success,17.320406599999842,,,
GSE239651_expt2,B3_prospective_composition,population_future_state_composition,expt1_to_locked_expt2,gse239651_dmso_day6::DMSO,20260918.0,prescient,see_method_status,cross_entropy,1.0223459302433011,success,17.21284259999993,,,
GSE239651_expt2,B3_prospective_composition,population_future_state_composition,expt1_to_locked_expt2,gse239651_dmso_day6::DMSO,20260919.0,prescient,see_method_status,cross_entropy,1.019392034281461,success,17.633608499999355,,,
GSE239651_expt2,B3_prospective_composition,population_future_state_composition,expt1_to_locked_expt2,gse239651_dmso_day6::DMSO,20260920.0,prescient,see_method_status,cross_entropy,1.0209650708717106,success,17.563787300000513,,,
GSE239651_expt2,B3_prospective_composition,population_future_state_composition,expt1_to_locked_expt2,gse239651_dmso_day6::DMSO,20260916.0,tigon,see_method_status,cross_entropy,1.0457180002094923,success,121.35117600000012,,,
GSE239651_expt2,B3_prospective_composition,population_future_state_composition,expt1_to_locked_expt2,gse239651_dmso_day6::DMSO,20260917.0,tigon,see_method_status,cross_entropy,1.0443281132316218,success,116.50757129999964,,,
GSE239651_expt2,B3_prospective_composition,population_future_state_composition,expt1_to_locked_expt2,gse239651_dmso_day6::DMSO,20260918.0,tigon,see_method_status,cross_entropy,1.0400927214989828,success,107.0824107999997,,,
GSE239651_expt2,B3_prospective_composition,population_future_state_composition,expt1_to_locked_expt2,gse239651_dmso_day6::DMSO,20260919.0,tigon,see_method_status,cross_entropy,1.0421299204079324,success,106.08582360000035,,,
GSE239651_expt2,B3_prospective_composition,population_future_state_composition,expt1_to_locked_expt2,gse239651_dmso_day6::DMSO,20260920.0,tigon,see_method_status,cross_entropy,1.0455438105838946,success,110.6642585999998,,,
GSE239651_expt2,B3_prospective_composition,population_future_state_composition,expt1_to_locked_expt2,gse239651_dmso_day6::DMSO,20260916.0,mioflow,see_method_status,cross_entropy,0.9867712479737538,success,14.926148600000488,,,
GSE239651_expt2,B3_prospective_composition,population_future_state_composition,expt1_to_locked_expt2,gse239651_dmso_day6::DMSO,20260917.0,mioflow,see_method_status,cross_entropy,0.9761577795254678,success,14.69445739999992,,,
GSE239651_expt2,B3_prospective_composition,population_future_state_composition,expt1_to_locked_expt2,gse239651_dmso_day6::DMSO,20260918.0,mioflow,see_method_status,cross_entropy,0.9924476010080994,success,13.91017599999941,,,
GSE239651_expt2,B3_prospective_composition,population_future_state_composition,expt1_to_locked_expt2,gse239651_dmso_day6::DMSO,20260919.0,mioflow,see_method_status,cross_entropy,0.968150597485614,success,14.022097099999884,,,
GSE239651_expt2,B3_prospective_composition,population_future_state_composition,expt1_to_locked_expt2,gse239651_dmso_day6::DMSO,20260920.0,mioflow,see_method_status,cross_entropy,0.9999722640493784,success,13.102705799999969,,,
GSE239651_expt2,B3_prospective_composition,population_future_state_composition,expt1_to_locked_expt2,gse239651_dmso_day69::DMSO,20260916.0,source-carry-forward,see_method_status,cross_entropy,0.905026595273441,success,0.2196296000001893,,,
GSE239651_expt2,B3_prospective_composition,population_future_state_composition,expt1_to_locked_expt2,gse239651_dmso_day69::DMSO,20260916.0,development-target-transfer,see_method_status,cross_entropy,0.7632222554906667,success,0.1586776000003738,,,
GSE239651_expt2,B3_prospective_composition,population_future_state_composition,expt1_to_locked_expt2,gse239651_dmso_day69::DMSO,20260916.0,prescient,see_method_status,cross_entropy,0.9067866721940832,success,17.763366000000133,,,
GSE239651_expt2,B3_prospective_composition,population_future_state_composition,expt1_to_locked_expt2,gse239651_dmso_day69::DMSO,20260917.0,prescient,see_method_status,cross_entropy,0.9035112164362826,success,17.281015699999443,,,
GSE239651_expt2,B3_prospective_composition,population_future_state_composition,expt1_to_locked_expt2,gse239651_dmso_day69::DMSO,20260918.0,prescient,see_method_status,cross_entropy,0.9040541804832004,success,16.85154969999985,,,
GSE239651_expt2,B3_prospective_composition,population_future_state_composition,expt1_to_locked_expt2,gse239651_dmso_day69::DMSO,20260919.0,prescient,see_method_status,cross_entropy,0.901981319722351,success,17.224731799999972,,,
GSE239651_expt2,B3_prospective_composition,population_future_state_composition,expt1_to_locked_expt2,gse239651_dmso_day69::DMSO,20260920.0,prescient,see_method_status,cross_entropy,0.9022455285621018,success,16.87041489999956,,,
GSE239651_expt2,B3_prospective_composition,population_future_state_composition,expt1_to_locked_expt2,gse239651_dmso_day69::DMSO,20260916.0,tigon,see_method_status,cross_entropy,0.9096970106701734,success,105.98453539999991,,,
GSE239651_expt2,B3_prospective_composition,population_future_state_composition,expt1_to_locked_expt2,gse239651_dmso_day69::DMSO,20260917.0,tigon,see_method_status,cross_entropy,0.9060121931522171,success,103.9811552000001,,,
GSE239651_expt2,B3_prospective_composition,population_future_state_composition,expt1_to_locked_expt2,gse239651_dmso_day69::DMSO,20260918.0,tigon,see_method_status,cross_entropy,0.9028858670419416,success,105.9265863999999,,,
GSE239651_expt2,B3_prospective_composition,population_future_state_composition,expt1_to_locked_expt2,gse239651_dmso_day69::DMSO,20260919.0,tigon,see_method_status,cross_entropy,0.9042311439382232,success,101.50770660000036,,,
GSE239651_expt2,B3_prospective_composition,population_future_state_composition,expt1_to_locked_expt2,gse239651_dmso_day69::DMSO,20260920.0,tigon,see_method_status,cross_entropy,0.9085035893131652,success,104.91881490000014,,,
GSE239651_expt2,B3_prospective_composition,population_future_state_composition,expt1_to_locked_expt2,gse239651_dmso_day69::DMSO,20260916.0,mioflow,see_method_status,cross_entropy,0.7872586211634485,success,14.52330400000028,,,
GSE239651_expt2,B3_prospective_composition,population_future_state_composition,expt1_to_locked_expt2,gse239651_dmso_day69::DMSO,20260917.0,mioflow,see_method_status,cross_entropy,0.8394467595871631,success,14.84278539999923,,,
GSE239651_expt2,B3_prospective_composition,population_future_state_composition,expt1_to_locked_expt2,gse239651_dmso_day69::DMSO,20260918.0,mioflow,see_method_status,cross_entropy,0.7918003016581237,success,13.503484500000011,,,
GSE239651_expt2,B3_prospective_composition,population_future_state_composition,expt1_to_locked_expt2,gse239651_dmso_day69::DMSO,20260919.0,mioflow,see_method_status,cross_entropy,0.7843198586891725,success,14.792220300000736,,,
GSE239651_expt2,B3_prospective_composition,population_future_state_composition,expt1_to_locked_expt2,gse239651_dmso_day69::DMSO,20260920.0,mioflow,see_method_status,cross_entropy,0.8123924618593176,success,13.586769199999251,,,
GSE239651_expt2,B3_prospective_composition,population_future_state_composition,expt1_to_locked_expt2,gse239651_dmso_day98::DMSO,20260916.0,source-carry-forward,see_method_status,cross_entropy,0.994094655963954,success,0.2158336000002236,,,
GSE239651_expt2,B3_prospective_composition,population_future_state_composition,expt1_to_locked_expt2,gse239651_dmso_day98::DMSO,20260916.0,development-target-transfer,see_method_status,cross_entropy,1.0183799358048429,success,0.1661822000005486,,,
GSE239651_expt2,B3_prospective_composition,population_future_state_composition,expt1_to_locked_expt2,gse239651_dmso_day98::DMSO,20260916.0,prescient,see_method_status,cross_entropy,1.0361537987184122,success,18.396034000000327,,,
GSE239651_expt2,B3_prospective_composition,population_future_state_composition,expt1_to_locked_expt2,gse239651_dmso_day98::DMSO,20260917.0,prescient,see_method_status,cross_entropy,1.0366309020954825,success,17.86212599999999,,,
GSE239651_expt2,B3_prospective_composition,population_future_state_composition,expt1_to_locked_expt2,gse239651_dmso_day98::DMSO,20260918.0,prescient,see_method_status,cross_entropy,1.0355081935653916,success,17.750324900000123,,,
GSE239651_expt2,B3_prospective_composition,population_future_state_composition,expt1_to_locked_expt2,gse239651_dmso_day98::DMSO,20260919.0,prescient,see_method_status,cross_entropy,1.0345819205947353,success,17.46751789999962,,,
GSE239651_expt2,B3_prospective_composition,population_future_state_composition,expt1_to_locked_expt2,gse239651_dmso_day98::DMSO,20260920.0,prescient,see_method_status,cross_entropy,1.0367795670619897,success,17.304312700000082,,,
GSE239651_expt2,B3_prospective_composition,population_future_state_composition,expt1_to_locked_expt2,gse239651_dmso_day98::DMSO,20260916.0,tigon,see_method_status,cross_entropy,0.9961311493271858,success,122.23007440000038,,,
GSE239651_expt2,B3_prospective_composition,population_future_state_composition,expt1_to_locked_expt2,gse239651_dmso_day98::DMSO,20260917.0,tigon,see_method_status,cross_entropy,0.9942793669235644,success,133.0048740000002,,,
GSE239651_expt2,B3_prospective_composition,population_future_state_composition,expt1_to_locked_expt2,gse239651_dmso_day98::DMSO,20260918.0,tigon,see_method_status,cross_entropy,0.9916083647675102,success,133.1269975999994,,,
GSE239651_expt2,B3_prospective_composition,population_future_state_composition,expt1_to_locked_expt2,gse239651_dmso_day98::DMSO,20260919.0,tigon,see_method_status,cross_entropy,0.9986215270093676,success,133.16438820000076,,,
GSE239651_expt2,B3_prospective_composition,population_future_state_composition,expt1_to_locked_expt2,gse239651_dmso_day98::DMSO,20260920.0,tigon,see_method_status,cross_entropy,0.9955591024797272,success,134.2977045000007,,,
GSE239651_expt2,B3_prospective_composition,population_future_state_composition,expt1_to_locked_expt2,gse239651_dmso_day98::DMSO,20260916.0,mioflow,see_method_status,cross_entropy,1.0224475921410483,success,13.158562699999491,,,
GSE239651_expt2,B3_prospective_composition,population_future_state_composition,expt1_to_locked_expt2,gse239651_dmso_day98::DMSO,20260917.0,mioflow,see_method_status,cross_entropy,1.0295030076015743,success,14.319500599999628,,,
GSE239651_expt2,B3_prospective_composition,population_future_state_composition,expt1_to_locked_expt2,gse239651_dmso_day98::DMSO,20260918.0,mioflow,see_method_status,cross_entropy,1.0223521663431203,success,13.963670500000262,,,
GSE239651_expt2,B3_prospective_composition,population_future_state_composition,expt1_to_locked_expt2,gse239651_dmso_day98::DMSO,20260919.0,mioflow,see_method_status,cross_entropy,0.998135221842274,success,14.330297299999984,,,
GSE239651_expt2,B3_prospective_composition,population_future_state_composition,expt1_to_locked_expt2,gse239651_dmso_day98::DMSO,20260920.0,mioflow,see_method_status,cross_entropy,1.0043230942894543,success,13.118254199999685,,,
GSE239651_expt2,B3_prospective_composition,population_future_state_composition,expt1_to_locked_expt2,gse239651_ispinesib_day3::ispinesib,20260916.0,source-carry-forward,see_method_status,cross_entropy,0.8354442804489903,success,0.2572759000004225,,,
GSE239651_expt2,B3_prospective_composition,population_future_state_composition,expt1_to_locked_expt2,gse239651_ispinesib_day3::ispinesib,20260916.0,development-target-transfer,see_method_status,cross_entropy,0.636907795064926,success,0.1867031000001588,,,
GSE239651_expt2,B3_prospective_composition,population_future_state_composition,expt1_to_locked_expt2,gse239651_ispinesib_day3::ispinesib,20260916.0,prescient,see_method_status,cross_entropy,0.7472219863409492,success,22.08064430000013,,,
GSE239651_expt2,B3_prospective_composition,population_future_state_composition,expt1_to_locked_expt2,gse239651_ispinesib_day3::ispinesib,20260917.0,prescient,see_method_status,cross_entropy,0.7504327558235545,success,20.677488299999823,,,
GSE239651_expt2,B3_prospective_composition,population_future_state_composition,expt1_to_locked_expt2,gse239651_ispinesib_day3::ispinesib,20260918.0,prescient,see_method_status,cross_entropy,0.7559797446459916,success,20.723336900000504,,,
GSE239651_expt2,B3_prospective_composition,population_future_state_composition,expt1_to_locked_expt2,gse239651_ispinesib_day3::ispinesib,20260919.0,prescient,see_method_status,cross_entropy,0.751555563905548,success,21.28973709999991,,,
GSE239651_expt2,B3_prospective_composition,population_future_state_composition,expt1_to_locked_expt2,gse239651_ispinesib_day3::ispinesib,20260920.0,prescient,see_method_status,cross_entropy,0.7524161703598998,success,21.415869599999496,,,
GSE239651_expt2,B3_prospective_composition,population_future_state_composition,expt1_to_locked_expt2,gse239651_ispinesib_day3::ispinesib,20260916.0,tigon,see_method_status,cross_entropy,0.8427814256732556,success,132.31578749999971,,,
GSE239651_expt2,B3_prospective_composition,population_future_state_composition,expt1_to_locked_expt2,gse239651_ispinesib_day3::ispinesib,20260917.0,tigon,see_method_status,cross_entropy,0.8379110997507561,success,130.98438579999856,,,
GSE239651_expt2,B3_prospective_composition,population_future_state_composition,expt1_to_locked_expt2,gse239651_ispinesib_day3::ispinesib,20260918.0,tigon,see_method_status,cross_entropy,0.8356117987830278,success,118.62514700000064,,,
GSE239651_expt2,B3_prospective_composition,population_future_state_composition,expt1_to_locked_expt2,gse239651_ispinesib_day3::ispinesib,20260919.0,tigon,see_method_status,cross_entropy,0.8383913317752819,success,111.87683459999973,,,
GSE239651_expt2,B3_prospective_composition,population_future_state_composition,expt1_to_locked_expt2,gse239651_ispinesib_day3::ispinesib,20260920.0,tigon,see_method_status,cross_entropy,0.8375538378855529,success,112.4667773000001,,,
GSE239651_expt2,B3_prospective_composition,population_future_state_composition,expt1_to_locked_expt2,gse239651_ispinesib_day3::ispinesib,20260916.0,mioflow,see_method_status,cross_entropy,0.6135368584097628,success,12.298813100000189,,,
GSE239651_expt2,B3_prospective_composition,population_future_state_composition,expt1_to_locked_expt2,gse239651_ispinesib_day3::ispinesib,20260917.0,mioflow,see_method_status,cross_entropy,0.6760299544141531,success,13.309447600000569,,,
GSE239651_expt2,B3_prospective_composition,population_future_state_composition,expt1_to_locked_expt2,gse239651_ispinesib_day3::ispinesib,20260918.0,mioflow,see_method_status,cross_entropy,0.59428046462675,success,10.8384786000006,,,
GSE239651_expt2,B3_prospective_composition,population_future_state_composition,expt1_to_locked_expt2,gse239651_ispinesib_day3::ispinesib,20260919.0,mioflow,see_method_status,cross_entropy,0.6356671528615768,success,12.781641300000048,,,
GSE239651_expt2,B3_prospective_composition,population_future_state_composition,expt1_to_locked_expt2,gse239651_ispinesib_day3::ispinesib,20260920.0,mioflow,see_method_status,cross_entropy,0.7098456439461713,success,13.663610400000834,,,
GSE239651_expt2,B3_prospective_composition,population_future_state_composition,expt1_to_locked_expt2,gse239651_ispinesib_day6::ispinesib,20260916.0,source-carry-forward,see_method_status,cross_entropy,1.0450354764491314,success,0.2187656999994942,,,
GSE239651_expt2,B3_prospective_composition,population_future_state_composition,expt1_to_locked_expt2,gse239651_ispinesib_day6::ispinesib,20260916.0,development-target-transfer,see_method_status,cross_entropy,0.8110292202747693,success,0.1451276000007055,,,
GSE239651_expt2,B3_prospective_composition,population_future_state_composition,expt1_to_locked_expt2,gse239651_ispinesib_day6::ispinesib,20260916.0,prescient,see_method_status,cross_entropy,0.8697304394507896,success,17.542980799998986,,,
GSE239651_expt2,B3_prospective_composition,population_future_state_composition,expt1_to_locked_expt2,gse239651_ispinesib_day6::ispinesib,20260917.0,prescient,see_method_status,cross_entropy,0.8722063018856927,success,16.59724190000088,,,
GSE239651_expt2,B3_prospective_composition,population_future_state_composition,expt1_to_locked_expt2,gse239651_ispinesib_day6::ispinesib,20260918.0,prescient,see_method_status,cross_entropy,0.8785745348663916,success,17.076539499999853,,,
GSE239651_expt2,B3_prospective_composition,population_future_state_composition,expt1_to_locked_expt2,gse239651_ispinesib_day6::ispinesib,20260919.0,prescient,see_method_status,cross_entropy,0.8750376200076058,success,16.597240299999612,,,
GSE239651_expt2,B3_prospective_composition,population_future_state_composition,expt1_to_locked_expt2,gse239651_ispinesib_day6::ispinesib,20260920.0,prescient,see_method_status,cross_entropy,0.8674423409671306,success,17.31988039999851,,,
GSE239651_expt2,B3_prospective_composition,population_future_state_composition,expt1_to_locked_expt2,gse239651_ispinesib_day6::ispinesib,20260916.0,tigon,see_method_status,cross_entropy,1.0498956096662082,success,115.93260999999984,,,
GSE239651_expt2,B3_prospective_composition,population_future_state_composition,expt1_to_locked_expt2,gse239651_ispinesib_day6::ispinesib,20260917.0,tigon,see_method_status,cross_entropy,1.045320488718252,success,112.2782141000007,,,
GSE239651_expt2,B3_prospective_composition,population_future_state_composition,expt1_to_locked_expt2,gse239651_ispinesib_day6::ispinesib,20260918.0,tigon,see_method_status,cross_entropy,1.039842537217211,success,110.78718130000016,,,
GSE239651_expt2,B3_prospective_composition,population_future_state_composition,expt1_to_locked_expt2,gse239651_ispinesib_day6::ispinesib,20260919.0,tigon,see_method_status,cross_entropy,1.044393810896549,success,112.84757480000007,,,
GSE239651_expt2,B3_prospective_composition,population_future_state_composition,expt1_to_locked_expt2,gse239651_ispinesib_day6::ispinesib,20260920.0,tigon,see_method_status,cross_entropy,1.045580012201369,success,113.0381097999998,,,
GSE239651_expt2,B3_prospective_composition,population_future_state_composition,expt1_to_locked_expt2,gse239651_ispinesib_day6::ispinesib,20260916.0,mioflow,see_method_status,cross_entropy,0.9127383824819372,success,11.874877599999309,,,
GSE239651_expt2,B3_prospective_composition,population_future_state_composition,expt1_to_locked_expt2,gse239651_ispinesib_day6::ispinesib,20260917.0,mioflow,see_method_status,cross_entropy,0.8986029602813538,success,12.621181499998784,,,
GSE239651_expt2,B3_prospective_composition,population_future_state_composition,expt1_to_locked_expt2,gse239651_ispinesib_day6::ispinesib,20260918.0,mioflow,see_method_status,cross_entropy,0.9141133660625064,success,12.361971999998786,,,
GSE239651_expt2,B3_prospective_composition,population_future_state_composition,expt1_to_locked_expt2,gse239651_ispinesib_day6::ispinesib,20260919.0,mioflow,see_method_status,cross_entropy,0.8676519747342687,success,13.0319528,,,
GSE239651_expt2,B3_prospective_composition,population_future_state_composition,expt1_to_locked_expt2,gse239651_ispinesib_day6::ispinesib,20260920.0,mioflow,see_method_status,cross_entropy,0.929472761588232,success,12.743641600000046,,,
GSE239651_expt2,B3_prospective_composition,population_future_state_composition,expt1_to_locked_expt2,gse239651_ispinesib_day69::ispinesib,20260916.0,source-carry-forward,see_method_status,cross_entropy,0.9997951524140428,success,0.2187080000003334,,,
GSE239651_expt2,B3_prospective_composition,population_future_state_composition,expt1_to_locked_expt2,gse239651_ispinesib_day69::ispinesib,20260916.0,development-target-transfer,see_method_status,cross_entropy,0.818458460421515,success,0.167641399999411,,,
GSE239651_expt2,B3_prospective_composition,population_future_state_composition,expt1_to_locked_expt2,gse239651_ispinesib_day69::ispinesib,20260916.0,prescient,see_method_status,cross_entropy,0.9546607390302708,success,18.12783660000059,,,
GSE239651_expt2,B3_prospective_composition,population_future_state_composition,expt1_to_locked_expt2,gse239651_ispinesib_day69::ispinesib,20260917.0,prescient,see_method_status,cross_entropy,0.9554981033373392,success,17.08631940000123,,,
GSE239651_expt2,B3_prospective_composition,population_future_state_composition,expt1_to_locked_expt2,gse239651_ispinesib_day69::ispinesib,20260918.0,prescient,see_method_status,cross_entropy,0.9565598731468228,success,17.45098550000148,,,
GSE239651_expt2,B3_prospective_composition,population_future_state_composition,expt1_to_locked_expt2,gse239651_ispinesib_day69::ispinesib,20260919.0,prescient,see_method_status,cross_entropy,0.9553990554379824,success,17.094880399999965,,,
GSE239651_expt2,B3_prospective_composition,population_future_state_composition,expt1_to_locked_expt2,gse239651_ispinesib_day69::ispinesib,20260920.0,prescient,see_method_status,cross_entropy,0.9531725951236174,success,17.22556960000111,,,
GSE239651_expt2,B3_prospective_composition,population_future_state_composition,expt1_to_locked_expt2,gse239651_ispinesib_day69::ispinesib,20260916.0,tigon,see_method_status,cross_entropy,1.0020514767410678,success,113.43000900000152,,,
GSE239651_expt2,B3_prospective_composition,population_future_state_composition,expt1_to_locked_expt2,gse239651_ispinesib_day69::ispinesib,20260917.0,tigon,see_method_status,cross_entropy,1.000600370242782,success,114.5526747999993,,,
GSE239651_expt2,B3_prospective_composition,population_future_state_composition,expt1_to_locked_expt2,gse239651_ispinesib_day69::ispinesib,20260918.0,tigon,see_method_status,cross_entropy,0.9966490280047926,success,116.72172610000052,,,
GSE239651_expt2,B3_prospective_composition,population_future_state_composition,expt1_to_locked_expt2,gse239651_ispinesib_day69::ispinesib,20260919.0,tigon,see_method_status,cross_entropy,0.9970005690914938,success,112.28214730000036,,,
GSE239651_expt2,B3_prospective_composition,population_future_state_composition,expt1_to_locked_expt2,gse239651_ispinesib_day69::ispinesib,20260920.0,tigon,see_method_status,cross_entropy,1.0025436591175714,success,112.40618619999988,,,
GSE239651_expt2,B3_prospective_composition,population_future_state_composition,expt1_to_locked_expt2,gse239651_ispinesib_day69::ispinesib,20260916.0,mioflow,see_method_status,cross_entropy,0.8197224200014208,success,13.13460490000034,,,
GSE239651_expt2,B3_prospective_composition,population_future_state_composition,expt1_to_locked_expt2,gse239651_ispinesib_day69::ispinesib,20260917.0,mioflow,see_method_status,cross_entropy,0.8631950699125395,success,13.319859400000496,,,
GSE239651_expt2,B3_prospective_composition,population_future_state_composition,expt1_to_locked_expt2,gse239651_ispinesib_day69::ispinesib,20260918.0,mioflow,see_method_status,cross_entropy,0.8473716259338324,success,13.1839473,,,
GSE239651_expt2,B3_prospective_composition,population_future_state_composition,expt1_to_locked_expt2,gse239651_ispinesib_day69::ispinesib,20260919.0,mioflow,see_method_status,cross_entropy,0.8586908016994187,success,12.159537500001534,,,
GSE239651_expt2,B3_prospective_composition,population_future_state_composition,expt1_to_locked_expt2,gse239651_ispinesib_day69::ispinesib,20260920.0,mioflow,see_method_status,cross_entropy,0.8993052003934544,success,12.749141899999811,,,
GSE239651_expt2,B3_prospective_composition,population_future_state_composition,expt1_to_locked_expt2,gse239651_ispinesib_day98::ispinesib,20260916.0,source-carry-forward,see_method_status,cross_entropy,0.9712333308951135,success,0.2183641999999963,,,
GSE239651_expt2,B3_prospective_composition,population_future_state_composition,expt1_to_locked_expt2,gse239651_ispinesib_day98::ispinesib,20260916.0,development-target-transfer,see_method_status,cross_entropy,0.9127610849878,success,0.1554246000014245,,,
GSE239651_expt2,B3_prospective_composition,population_future_state_composition,expt1_to_locked_expt2,gse239651_ispinesib_day98::ispinesib,20260916.0,prescient,see_method_status,cross_entropy,0.8740512551101787,success,17.698182500000257,,,
GSE239651_expt2,B3_prospective_composition,population_future_state_composition,expt1_to_locked_expt2,gse239651_ispinesib_day98::ispinesib,20260917.0,prescient,see_method_status,cross_entropy,0.8749556806784632,success,16.309630499999912,,,
GSE239651_expt2,B3_prospective_composition,population_future_state_composition,expt1_to_locked_expt2,gse239651_ispinesib_day98::ispinesib,20260918.0,prescient,see_method_status,cross_entropy,0.8809506503156996,success,16.448863300000085,,,
GSE239651_expt2,B3_prospective_composition,population_future_state_composition,expt1_to_locked_expt2,gse239651_ispinesib_day98::ispinesib,20260919.0,prescient,see_method_status,cross_entropy,0.8752058461695048,success,16.350034600000072,,,
GSE239651_expt2,B3_prospective_composition,population_future_state_composition,expt1_to_locked_expt2,gse239651_ispinesib_day98::ispinesib,20260920.0,prescient,see_method_status,cross_entropy,0.8773505330478346,success,16.955900299999485,,,
GSE239651_expt2,B3_prospective_composition,population_future_state_composition,expt1_to_locked_expt2,gse239651_ispinesib_day98::ispinesib,20260916.0,tigon,see_method_status,cross_entropy,0.9775043339666536,success,111.89460319999851,,,
GSE239651_expt2,B3_prospective_composition,population_future_state_composition,expt1_to_locked_expt2,gse239651_ispinesib_day98::ispinesib,20260917.0,tigon,see_method_status,cross_entropy,0.97242346967758,success,109.15929640000104,,,
GSE239651_expt2,B3_prospective_composition,population_future_state_composition,expt1_to_locked_expt2,gse239651_ispinesib_day98::ispinesib,20260918.0,tigon,see_method_status,cross_entropy,0.968583240548352,success,109.93124539999916,,,
GSE239651_expt2,B3_prospective_composition,population_future_state_composition,expt1_to_locked_expt2,gse239651_ispinesib_day98::ispinesib,20260919.0,tigon,see_method_status,cross_entropy,0.9771744646011356,success,112.23595419999948,,,
GSE239651_expt2,B3_prospective_composition,population_future_state_composition,expt1_to_locked_expt2,gse239651_ispinesib_day98::ispinesib,20260920.0,tigon,see_method_status,cross_entropy,0.976948216949525,success,113.44597980000071,,,
GSE239651_expt2,B3_prospective_composition,population_future_state_composition,expt1_to_locked_expt2,gse239651_ispinesib_day98::ispinesib,20260916.0,mioflow,see_method_status,cross_entropy,0.8560450287219907,success,12.829244099999414,,,
GSE239651_expt2,B3_prospective_composition,population_future_state_composition,expt1_to_locked_expt2,gse239651_ispinesib_day98::ispinesib,20260917.0,mioflow,see_method_status,cross_entropy,0.8557644344027052,success,11.73789880000004,,,
GSE239651_expt2,B3_prospective_composition,population_future_state_composition,expt1_to_locked_expt2,gse239651_ispinesib_day98::ispinesib,20260918.0,mioflow,see_method_status,cross_entropy,0.8539252257084766,success,11.17984780000006,,,
GSE239651_expt2,B3_prospective_composition,population_future_state_composition,expt1_to_locked_expt2,gse239651_ispinesib_day98::ispinesib,20260919.0,mioflow,see_method_status,cross_entropy,0.8156429348520877,success,12.00023929999952,,,
GSE239651_expt2,B3_prospective_composition,population_future_state_composition,expt1_to_locked_expt2,gse239651_ispinesib_day98::ispinesib,20260920.0,mioflow,see_method_status,cross_entropy,0.8916816750049608,success,10.802229799999624,,,
GSE140802,B3_prospective_composition,population_future_state_composition,held_out_animal,gse140802_t2_t16_holdout_A4::heldout_animal_A4,20260916.0,source-carry-forward,see_method_status,cross_entropy,26.2988111692677,success,0.1700598000006721,,,
GSE140802,B3_prospective_composition,population_future_state_composition,held_out_animal,gse140802_t2_t16_holdout_A4::heldout_animal_A4,20260916.0,development-target-transfer,see_method_status,cross_entropy,1.3406626155650965,success,0.1493849999988015,,,
GSE140802,B3_prospective_composition,population_future_state_composition,held_out_animal,gse140802_t2_t16_holdout_A4::heldout_animal_A4,20260916.0,prescient,see_method_status,cross_entropy,1.316015191179251,success,4.053417700000864,,,
GSE140802,B3_prospective_composition,population_future_state_composition,held_out_animal,gse140802_t2_t16_holdout_A4::heldout_animal_A4,20260917.0,prescient,see_method_status,cross_entropy,1.2911359334589805,success,3.204100699998889,,,
GSE140802,B3_prospective_composition,population_future_state_composition,held_out_animal,gse140802_t2_t16_holdout_A4::heldout_animal_A4,20260918.0,prescient,see_method_status,cross_entropy,1.301474474685988,success,3.3533478999997897,,,
GSE140802,B3_prospective_composition,population_future_state_composition,held_out_animal,gse140802_t2_t16_holdout_A4::heldout_animal_A4,20260919.0,prescient,see_method_status,cross_entropy,1.3044740913172468,success,3.1164227000008395,,,
GSE140802,B3_prospective_composition,population_future_state_composition,held_out_animal,gse140802_t2_t16_holdout_A4::heldout_animal_A4,20260920.0,prescient,see_method_status,cross_entropy,1.2653430367385092,success,3.0896375000011176,,,
GSE140802,B3_prospective_composition,population_future_state_composition,held_out_animal,gse140802_t2_t16_holdout_A4::heldout_animal_A4,20260916.0,tigon,see_method_status,cross_entropy,6.628638523555659,success,18.7477760999991,,,
GSE140802,B3_prospective_composition,population_future_state_composition,held_out_animal,gse140802_t2_t16_holdout_A4::heldout_animal_A4,20260917.0,tigon,see_method_status,cross_entropy,13.314192209732484,success,18.90845099999933,,,
GSE140802,B3_prospective_composition,population_future_state_composition,held_out_animal,gse140802_t2_t16_holdout_A4::heldout_animal_A4,20260918.0,tigon,see_method_status,cross_entropy,18.38754204812657,success,18.86250409999957,,,
GSE140802,B3_prospective_composition,population_future_state_composition,held_out_animal,gse140802_t2_t16_holdout_A4::heldout_animal_A4,20260919.0,tigon,see_method_status,cross_entropy,6.703480033200709,success,18.556916100000308,,,
GSE140802,B3_prospective_composition,population_future_state_composition,held_out_animal,gse140802_t2_t16_holdout_A4::heldout_animal_A4,20260920.0,tigon,see_method_status,cross_entropy,6.569138974450974,success,19.21572930000002,,,
GSE140802,B3_prospective_composition,population_future_state_composition,held_out_animal,gse140802_t2_t16_holdout_A4::heldout_animal_A4,20260916.0,mioflow,see_method_status,cross_entropy,1.8612552698122504,success,11.381618999999771,,,
GSE140802,B3_prospective_composition,population_future_state_composition,held_out_animal,gse140802_t2_t16_holdout_A4::heldout_animal_A4,20260917.0,mioflow,see_method_status,cross_entropy,1.9238425283562672,success,10.828887900001064,,,
GSE140802,B3_prospective_composition,population_future_state_composition,held_out_animal,gse140802_t2_t16_holdout_A4::heldout_animal_A4,20260918.0,mioflow,see_method_status,cross_entropy,1.7218107118444663,success,9.209258099999715,,,
GSE140802,B3_prospective_composition,population_future_state_composition,held_out_animal,gse140802_t2_t16_holdout_A4::heldout_animal_A4,20260919.0,mioflow,see_method_status,cross_entropy,2.108926086745366,success,8.240687600000456,,,
GSE140802,B3_prospective_composition,population_future_state_composition,held_out_animal,gse140802_t2_t16_holdout_A4::heldout_animal_A4,20260920.0,mioflow,see_method_status,cross_entropy,1.8945537015130285,success,9.692493900000043,,,
GSE140802,B3_prospective_composition,population_future_state_composition,held_out_animal,gse140802_t2_t16_holdout_A5::heldout_animal_A5,20260916.0,source-carry-forward,see_method_status,cross_entropy,24.15077799827343,success,0.2426227999985712,,,
GSE140802,B3_prospective_composition,population_future_state_composition,held_out_animal,gse140802_t2_t16_holdout_A5::heldout_animal_A5,20260916.0,development-target-transfer,see_method_status,cross_entropy,1.7254243067129305,success,0.1738934000004519,,,
GSE140802,B3_prospective_composition,population_future_state_composition,held_out_animal,gse140802_t2_t16_holdout_A5::heldout_animal_A5,20260916.0,prescient,see_method_status,cross_entropy,1.705692479022567,success,4.5700616000012815,,,
GSE140802,B3_prospective_composition,population_future_state_composition,held_out_animal,gse140802_t2_t16_holdout_A5::heldout_animal_A5,20260917.0,prescient,see_method_status,cross_entropy,1.7235413237278043,success,3.3212940000012168,,,
GSE140802,B3_prospective_composition,population_future_state_composition,held_out_animal,gse140802_t2_t16_holdout_A5::heldout_animal_A5,20260918.0,prescient,see_method_status,cross_entropy,1.7321177416848992,success,3.447330699998929,,,
GSE140802,B3_prospective_composition,population_future_state_composition,held_out_animal,gse140802_t2_t16_holdout_A5::heldout_animal_A5,20260919.0,prescient,see_method_status,cross_entropy,1.7291872278391411,success,3.5357979999989766,,,
GSE140802,B3_prospective_composition,population_future_state_composition,held_out_animal,gse140802_t2_t16_holdout_A5::heldout_animal_A5,20260920.0,prescient,see_method_status,cross_entropy,1.7189957132729614,success,3.3114573000002565,,,
GSE140802,B3_prospective_composition,population_future_state_composition,held_out_animal,gse140802_t2_t16_holdout_A5::heldout_animal_A5,20260916.0,tigon,see_method_status,cross_entropy,17.816609851391302,success,18.083980899999005,,,
GSE140802,B3_prospective_composition,population_future_state_composition,held_out_animal,gse140802_t2_t16_holdout_A5::heldout_animal_A5,20260917.0,tigon,see_method_status,cross_entropy,15.97052592143594,success,17.243624500000806,,,
GSE140802,B3_prospective_composition,population_future_state_composition,held_out_animal,gse140802_t2_t16_holdout_A5::heldout_animal_A5,20260918.0,tigon,see_method_status,cross_entropy,19.4803984521054,success,16.70138820000102,,,
GSE140802,B3_prospective_composition,population_future_state_composition,held_out_animal,gse140802_t2_t16_holdout_A5::heldout_animal_A5,20260919.0,tigon,see_method_status,cross_entropy,7.55859773873657,success,16.343827699998656,,,
GSE140802,B3_prospective_composition,population_future_state_composition,held_out_animal,gse140802_t2_t16_holdout_A5::heldout_animal_A5,20260920.0,tigon,see_method_status,cross_entropy,18.454191322679023,success,17.04764460000115,,,
GSE140802,B3_prospective_composition,population_future_state_composition,held_out_animal,gse140802_t2_t16_holdout_A5::heldout_animal_A5,20260916.0,mioflow,see_method_status,cross_entropy,2.159897919546067,success,10.093173400000524,,,
GSE140802,B3_prospective_composition,population_future_state_composition,held_out_animal,gse140802_t2_t16_holdout_A5::heldout_animal_A5,20260917.0,mioflow,see_method_status,cross_entropy,2.104483410736593,success,10.584232999999584,,,
GSE140802,B3_prospective_composition,population_future_state_composition,held_out_animal,gse140802_t2_t16_holdout_A5::heldout_animal_A5,20260918.0,mioflow,see_method_status,cross_entropy,1.988812334727837,success,9.87224210000022,,,
GSE140802,B3_prospective_composition,population_future_state_composition,held_out_animal,gse140802_t2_t16_holdout_A5::heldout_animal_A5,20260919.0,mioflow,see_method_status,cross_entropy,3.0689502206314034,success,10.484369800000422,,,
GSE140802,B3_prospective_composition,population_future_state_composition,held_out_animal,gse140802_t2_t16_holdout_A5::heldout_animal_A5,20260920.0,mioflow,see_method_status,cross_entropy,2.102423124439561,success,10.327723500000502,,,
GSE140802,B3_prospective_composition,population_future_state_composition,held_out_animal,gse140802_t2_t16_holdout_B4::heldout_animal_B4,20260916.0,source-carry-forward,see_method_status,cross_entropy,26.05425088920436,success,0.2292116999997233,,,
GSE140802,B3_prospective_composition,population_future_state_composition,held_out_animal,gse140802_t2_t16_holdout_B4::heldout_animal_B4,20260916.0,development-target-transfer,see_method_status,cross_entropy,1.3659068866352768,success,0.1878577000006771,,,
GSE140802,B3_prospective_composition,population_future_state_composition,held_out_animal,gse140802_t2_t16_holdout_B4::heldout_animal_B4,20260916.0,prescient,see_method_status,cross_entropy,1.347887008379161,success,4.257299099999727,,,
GSE140802,B3_prospective_composition,population_future_state_composition,held_out_animal,gse140802_t2_t16_holdout_B4::heldout_animal_B4,20260917.0,prescient,see_method_status,cross_entropy,1.3307254916387738,success,3.433584399999745,,,
GSE140802,B3_prospective_composition,population_future_state_composition,held_out_animal,gse140802_t2_t16_holdout_B4::heldout_animal_B4,20260918.0,prescient,see_method_status,cross_entropy,1.3794278875664578,success,3.293855899999471,,,
GSE140802,B3_prospective_composition,population_future_state_composition,held_out_animal,gse140802_t2_t16_holdout_B4::heldout_animal_B4,20260919.0,prescient,see_method_status,cross_entropy,1.329578933230586,success,3.4075792000003275,,,
GSE140802,B3_prospective_composition,population_future_state_composition,held_out_animal,gse140802_t2_t16_holdout_B4::heldout_animal_B4,20260920.0,prescient,see_method_status,cross_entropy,1.3122318631964618,success,3.4460927000000083,,,
GSE140802,B3_prospective_composition,population_future_state_composition,held_out_animal,gse140802_t2_t16_holdout_B4::heldout_animal_B4,20260916.0,tigon,see_method_status,cross_entropy,18.414696814394865,success,18.270538199998555,,,
GSE140802,B3_prospective_composition,population_future_state_composition,held_out_animal,gse140802_t2_t16_holdout_B4::heldout_animal_B4,20260917.0,tigon,see_method_status,cross_entropy,11.888055196667947,success,18.67055160000018,,,
GSE140802,B3_prospective_composition,population_future_state_composition,held_out_animal,gse140802_t2_t16_holdout_B4::heldout_animal_B4,20260918.0,tigon,see_method_status,cross_entropy,13.802903935133584,success,17.15463649999947,,,
GSE140802,B3_prospective_composition,population_future_state_composition,held_out_animal,gse140802_t2_t16_holdout_B4::heldout_animal_B4,20260919.0,tigon,see_method_status,cross_entropy,24.897452148531286,success,18.24013940000077,,,
GSE140802,B3_prospective_composition,population_future_state_composition,held_out_animal,gse140802_t2_t16_holdout_B4::heldout_animal_B4,20260920.0,tigon,see_method_status,cross_entropy,24.672646815244548,success,18.50993170000038,,,
GSE140802,B3_prospective_composition,population_future_state_composition,held_out_animal,gse140802_t2_t16_holdout_B4::heldout_animal_B4,20260916.0,mioflow,see_method_status,cross_entropy,1.8763606821826544,success,10.841824400000403,,,
GSE140802,B3_prospective_composition,population_future_state_composition,held_out_animal,gse140802_t2_t16_holdout_B4::heldout_animal_B4,20260917.0,mioflow,see_method_status,cross_entropy,1.9811944318973824,success,9.889872700001431,,,
GSE140802,B3_prospective_composition,population_future_state_composition,held_out_animal,gse140802_t2_t16_holdout_B4::heldout_animal_B4,20260918.0,mioflow,see_method_status,cross_entropy,1.7457279750248849,success,9.274696800001038,,,
GSE140802,B3_prospective_composition,population_future_state_composition,held_out_animal,gse140802_t2_t16_holdout_B4::heldout_animal_B4,20260919.0,mioflow,see_method_status,cross_entropy,2.4452239735407537,success,10.27010639999935,,,
GSE140802,B3_prospective_composition,population_future_state_composition,held_out_animal,gse140802_t2_t16_holdout_B4::heldout_animal_B4,20260920.0,mioflow,see_method_status,cross_entropy,1.9223560007916936,success,8.525537100000292,,,
GSE140802,B3_prospective_composition,population_future_state_composition,held_out_animal,gse140802_t2_t16_holdout_B5::heldout_animal_B5,20260916.0,source-carry-forward,see_method_status,cross_entropy,24.476656466031105,success,0.2221160999997664,,,
GSE140802,B3_prospective_composition,population_future_state_composition,held_out_animal,gse140802_t2_t16_holdout_B5::heldout_animal_B5,20260916.0,development-target-transfer,see_method_status,cross_entropy,1.8958968729219468,success,0.1606494000006932,,,
GSE140802,B3_prospective_composition,population_future_state_composition,held_out_animal,gse140802_t2_t16_holdout_B5::heldout_animal_B5,20260916.0,prescient,see_method_status,cross_entropy,1.8742700782800508,success,3.99507579999954,,,
GSE140802,B3_prospective_composition,population_future_state_composition,held_out_animal,gse140802_t2_t16_holdout_B5::heldout_animal_B5,20260917.0,prescient,see_method_status,cross_entropy,1.920984807900613,success,3.2548543000011705,,,
GSE140802,B3_prospective_composition,population_future_state_composition,held_out_animal,gse140802_t2_t16_holdout_B5::heldout_animal_B5,20260918.0,prescient,see_method_status,cross_entropy,1.872829798618899,success,3.5004533999999694,,,
GSE140802,B3_prospective_composition,population_future_state_composition,held_out_animal,gse140802_t2_t16_holdout_B5::heldout_animal_B5,20260919.0,prescient,see_method_status,cross_entropy,1.900468035317768,success,3.516241100000116,,,
GSE140802,B3_prospective_composition,population_future_state_composition,held_out_animal,gse140802_t2_t16_holdout_B5::heldout_animal_B5,20260920.0,prescient,see_method_status,cross_entropy,1.8927967411024325,success,3.2575082999992446,,,
GSE140802,B3_prospective_composition,population_future_state_composition,held_out_animal,gse140802_t2_t16_holdout_B5::heldout_animal_B5,20260916.0,tigon,see_method_status,cross_entropy,17.818659570506174,success,16.593354099999488,,,
GSE140802,B3_prospective_composition,population_future_state_composition,held_out_animal,gse140802_t2_t16_holdout_B5::heldout_animal_B5,20260917.0,tigon,see_method_status,cross_entropy,8.46513681581251,success,17.23571390000143,,,
GSE140802,B3_prospective_composition,population_future_state_composition,held_out_animal,gse140802_t2_t16_holdout_B5::heldout_animal_B5,20260918.0,tigon,see_method_status,cross_entropy,15.232162242468371,success,15.609840099999928,,,
GSE140802,B3_prospective_composition,population_future_state_composition,held_out_animal,gse140802_t2_t16_holdout_B5::heldout_animal_B5,20260919.0,tigon,see_method_status,cross_entropy,13.663079572857528,success,16.929675400000633,,,
GSE140802,B3_prospective_composition,population_future_state_composition,held_out_animal,gse140802_t2_t16_holdout_B5::heldout_animal_B5,20260920.0,tigon,see_method_status,cross_entropy,16.11281820464011,success,16.818953899999542,,,
GSE140802,B3_prospective_composition,population_future_state_composition,held_out_animal,gse140802_t2_t16_holdout_B5::heldout_animal_B5,20260916.0,mioflow,see_method_status,cross_entropy,2.20587444115234,success,12.640654699998777,,,
GSE140802,B3_prospective_composition,population_future_state_composition,held_out_animal,gse140802_t2_t16_holdout_B5::heldout_animal_B5,20260917.0,mioflow,see_method_status,cross_entropy,2.1416934873494875,success,10.670966799998496,,,
GSE140802,B3_prospective_composition,population_future_state_composition,held_out_animal,gse140802_t2_t16_holdout_B5::heldout_animal_B5,20260918.0,mioflow,see_method_status,cross_entropy,2.096334465129865,success,12.243431499999131,,,
GSE140802,B3_prospective_composition,population_future_state_composition,held_out_animal,gse140802_t2_t16_holdout_B5::heldout_animal_B5,20260919.0,mioflow,see_method_status,cross_entropy,3.3490365749674496,success,11.23134349999964,,,
GSE140802,B3_prospective_composition,population_future_state_composition,held_out_animal,gse140802_t2_t16_holdout_B5::heldout_animal_B5,20260920.0,mioflow,see_method_status,cross_entropy,2.266219988470884,success,9.15854279999985,,,
GSE140802,B3_prospective_composition,population_future_state_composition,held_out_animal,gse140802_t2_t9_holdout_A1::heldout_animal_A1,20260916.0,source-carry-forward,see_method_status,cross_entropy,21.58347687168758,success,0.2186065000005328,,,
GSE140802,B3_prospective_composition,population_future_state_composition,held_out_animal,gse140802_t2_t9_holdout_A1::heldout_animal_A1,20260916.0,development-target-transfer,see_method_status,cross_entropy,1.8187451107316104,success,0.1584171000013157,,,
GSE140802,B3_prospective_composition,population_future_state_composition,held_out_animal,gse140802_t2_t9_holdout_A1::heldout_animal_A1,20260916.0,prescient,see_method_status,cross_entropy,1.7646861949849124,success,6.082265799999732,,,
GSE140802,B3_prospective_composition,population_future_state_composition,held_out_animal,gse140802_t2_t9_holdout_A1::heldout_animal_A1,20260917.0,prescient,see_method_status,cross_entropy,1.7864032129844565,success,4.650442899999689,,,
GSE140802,B3_prospective_composition,population_future_state_composition,held_out_animal,gse140802_t2_t9_holdout_A1::heldout_animal_A1,20260918.0,prescient,see_method_status,cross_entropy,1.806138970880387,success,4.783161699999255,,,
GSE140802,B3_prospective_composition,population_future_state_composition,held_out_animal,gse140802_t2_t9_holdout_A1::heldout_animal_A1,20260919.0,prescient,see_method_status,cross_entropy,1.804183804776984,success,4.6483391999991,,,
GSE140802,B3_prospective_composition,population_future_state_composition,held_out_animal,gse140802_t2_t9_holdout_A1::heldout_animal_A1,20260920.0,prescient,see_method_status,cross_entropy,1.789784886276779,success,4.753589799998736,,,
GSE140802,B3_prospective_composition,population_future_state_composition,held_out_animal,gse140802_t2_t9_holdout_A1::heldout_animal_A1,20260916.0,tigon,see_method_status,cross_entropy,13.387776100135442,success,35.19958609999958,,,
GSE140802,B3_prospective_composition,population_future_state_composition,held_out_animal,gse140802_t2_t9_holdout_A1::heldout_animal_A1,20260917.0,tigon,see_method_status,cross_entropy,15.743356511209411,success,35.73301150000043,,,
GSE140802,B3_prospective_composition,population_future_state_composition,held_out_animal,gse140802_t2_t9_holdout_A1::heldout_animal_A1,20260918.0,tigon,see_method_status,cross_entropy,12.876795674304296,success,34.27448600000025,,,
GSE140802,B3_prospective_composition,population_future_state_composition,held_out_animal,gse140802_t2_t9_holdout_A1::heldout_animal_A1,20260919.0,tigon,see_method_status,cross_entropy,16.98787117820552,success,34.57905799999935,,,
GSE140802,B3_prospective_composition,population_future_state_composition,held_out_animal,gse140802_t2_t9_holdout_A1::heldout_animal_A1,20260920.0,tigon,see_method_status,cross_entropy,8.74539195600556,success,35.60164129999976,,,
GSE140802,B3_prospective_composition,population_future_state_composition,held_out_animal,gse140802_t2_t9_holdout_A1::heldout_animal_A1,20260916.0,mioflow,see_method_status,cross_entropy,3.0584053111522658,success,13.377239100000224,,,
GSE140802,B3_prospective_composition,population_future_state_composition,held_out_animal,gse140802_t2_t9_holdout_A1::heldout_animal_A1,20260917.0,mioflow,see_method_status,cross_entropy,2.0500414087517784,success,12.320767999999587,,,
GSE140802,B3_prospective_composition,population_future_state_composition,held_out_animal,gse140802_t2_t9_holdout_A1::heldout_animal_A1,20260918.0,mioflow,see_method_status,cross_entropy,1.9713803718651923,success,11.287288700001229,,,
GSE140802,B3_prospective_composition,population_future_state_composition,held_out_animal,gse140802_t2_t9_holdout_A1::heldout_animal_A1,20260919.0,mioflow,see_method_status,cross_entropy,2.811135312634924,success,12.021956800001137,,,
GSE140802,B3_prospective_composition,population_future_state_composition,held_out_animal,gse140802_t2_t9_holdout_A1::heldout_animal_A1,20260920.0,mioflow,see_method_status,cross_entropy,2.108913203925716,success,11.787559000000329,,,
GSE140802,B3_prospective_composition,population_future_state_composition,held_out_animal,gse140802_t2_t9_holdout_A2::heldout_animal_A2,20260916.0,source-carry-forward,see_method_status,cross_entropy,21.74428980784592,success,0.2386432999992394,,,
GSE140802,B3_prospective_composition,population_future_state_composition,held_out_animal,gse140802_t2_t9_holdout_A2::heldout_animal_A2,20260916.0,development-target-transfer,see_method_status,cross_entropy,1.673093262434782,success,0.1566253999990294,,,
GSE140802,B3_prospective_composition,population_future_state_composition,held_out_animal,gse140802_t2_t9_holdout_A2::heldout_animal_A2,20260916.0,prescient,see_method_status,cross_entropy,1.6908597370141858,success,4.972166300000026,,,
GSE140802,B3_prospective_composition,population_future_state_composition,held_out_animal,gse140802_t2_t9_holdout_A2::heldout_animal_A2,20260917.0,prescient,see_method_status,cross_entropy,1.6846125551956592,success,3.842328200000338,,,
GSE140802,B3_prospective_composition,population_future_state_composition,held_out_animal,gse140802_t2_t9_holdout_A2::heldout_animal_A2,20260918.0,prescient,see_method_status,cross_entropy,1.7009148161300085,success,4.119202800000494,,,
GSE140802,B3_prospective_composition,population_future_state_composition,held_out_animal,gse140802_t2_t9_holdout_A2::heldout_animal_A2,20260919.0,prescient,see_method_status,cross_entropy,1.7115885765479997,success,3.81281620000118,,,
GSE140802,B3_prospective_composition,population_future_state_composition,held_out_animal,gse140802_t2_t9_holdout_A2::heldout_animal_A2,20260920.0,prescient,see_method_status,cross_entropy,1.7009196199973826,success,3.738774900000863,,,
GSE140802,B3_prospective_composition,population_future_state_composition,held_out_animal,gse140802_t2_t9_holdout_A2::heldout_animal_A2,20260916.0,tigon,see_method_status,cross_entropy,14.26532379526578,success,28.64675840000018,,,
GSE140802,B3_prospective_composition,population_future_state_composition,held_out_animal,gse140802_t2_t9_holdout_A2::heldout_animal_A2,20260917.0,tigon,see_method_status,cross_entropy,13.35667889732795,success,28.38912030000029,,,
GSE140802,B3_prospective_composition,population_future_state_composition,held_out_animal,gse140802_t2_t9_holdout_A2::heldout_animal_A2,20260918.0,tigon,see_method_status,cross_entropy,14.571201666310063,success,28.875523199998497,,,
GSE140802,B3_prospective_composition,population_future_state_composition,held_out_animal,gse140802_t2_t9_holdout_A2::heldout_animal_A2,20260919.0,tigon,see_method_status,cross_entropy,12.4957714401987,success,28.72528229999989,,,
GSE140802,B3_prospective_composition,population_future_state_composition,held_out_animal,gse140802_t2_t9_holdout_A2::heldout_animal_A2,20260920.0,tigon,see_method_status,cross_entropy,10.96019810387066,success,29.20851380000022,,,
GSE140802,B3_prospective_composition,population_future_state_composition,held_out_animal,gse140802_t2_t9_holdout_A2::heldout_animal_A2,20260916.0,mioflow,see_method_status,cross_entropy,1.7911311218762926,success,12.12737290000041,,,
GSE140802,B3_prospective_composition,population_future_state_composition,held_out_animal,gse140802_t2_t9_holdout_A2::heldout_animal_A2,20260917.0,mioflow,see_method_status,cross_entropy,1.9610628821197047,success,10.070772400000353,,,
GSE140802,B3_prospective_composition,population_future_state_composition,held_out_animal,gse140802_t2_t9_holdout_A2::heldout_animal_A2,20260918.0,mioflow,see_method_status,cross_entropy,1.8791390020852567,success,11.219067100000755,,,
GSE140802,B3_prospective_composition,population_future_state_composition,held_out_animal,gse140802_t2_t9_holdout_A2::heldout_animal_A2,20260919.0,mioflow,see_method_status,cross_entropy,2.1176320370032555,success,11.366179100001318,,,
GSE140802,B3_prospective_composition,population_future_state_composition,held_out_animal,gse140802_t2_t9_holdout_A2::heldout_animal_A2,20260920.0,mioflow,see_method_status,cross_entropy,2.05062372802716,success,9.137043200000337,,,
GSE140802,B3_prospective_composition,population_future_state_composition,held_out_animal,gse140802_t2_t9_holdout_A3::heldout_animal_A3,20260916.0,source-carry-forward,see_method_status,cross_entropy,23.75618628983284,success,0.2116293000017322,,,
GSE140802,B3_prospective_composition,population_future_state_composition,held_out_animal,gse140802_t2_t9_holdout_A3::heldout_animal_A3,20260916.0,development-target-transfer,see_method_status,cross_entropy,1.5982215943035776,success,0.1445597000001726,,,
GSE140802,B3_prospective_composition,population_future_state_composition,held_out_animal,gse140802_t2_t9_holdout_A3::heldout_animal_A3,20260916.0,prescient,see_method_status,cross_entropy,1.6030800787630473,success,5.939865999998801,,,
GSE140802,B3_prospective_composition,population_future_state_composition,held_out_animal,gse140802_t2_t9_holdout_A3::heldout_animal_A3,20260917.0,prescient,see_method_status,cross_entropy,1.6038268292170554,success,4.551500900000974,,,
GSE140802,B3_prospective_composition,population_future_state_composition,held_out_animal,gse140802_t2_t9_holdout_A3::heldout_animal_A3,20260918.0,prescient,see_method_status,cross_entropy,1.6101702585519813,success,4.758961400000771,,,
GSE140802,B3_prospective_composition,population_future_state_composition,held_out_animal,gse140802_t2_t9_holdout_A3::heldout_animal_A3,20260919.0,prescient,see_method_status,cross_entropy,1.602640753276684,success,4.833847699999751,,,
GSE140802,B3_prospective_composition,population_future_state_composition,held_out_animal,gse140802_t2_t9_holdout_A3::heldout_animal_A3,20260920.0,prescient,see_method_status,cross_entropy,1.5801436599609828,success,4.673117500000444,,,
GSE140802,B3_prospective_composition,population_future_state_composition,held_out_animal,gse140802_t2_t9_holdout_A3::heldout_animal_A3,20260916.0,tigon,see_method_status,cross_entropy,18.2670032577458,success,35.041050100000575,,,
GSE140802,B3_prospective_composition,population_future_state_composition,held_out_animal,gse140802_t2_t9_holdout_A3::heldout_animal_A3,20260917.0,tigon,see_method_status,cross_entropy,11.74621536378181,success,35.58157460000075,,,
GSE140802,B3_prospective_composition,population_future_state_composition,held_out_animal,gse140802_t2_t9_holdout_A3::heldout_animal_A3,20260918.0,tigon,see_method_status,cross_entropy,17.631370700460263,success,34.25661670000045,,,
GSE140802,B3_prospective_composition,population_future_state_composition,held_out_animal,gse140802_t2_t9_holdout_A3::heldout_animal_A3,20260919.0,tigon,see_method_status,cross_entropy,13.26265938748563,success,34.176104100000885,,,
GSE140802,B3_prospective_composition,population_future_state_composition,held_out_animal,gse140802_t2_t9_holdout_A3::heldout_animal_A3,20260920.0,tigon,see_method_status,cross_entropy,9.173811489471795,success,35.86829039999975,,,
GSE140802,B3_prospective_composition,population_future_state_composition,held_out_animal,gse140802_t2_t9_holdout_A3::heldout_animal_A3,20260916.0,mioflow,see_method_status,cross_entropy,2.816129533903609,success,13.791628000000856,,,
GSE140802,B3_prospective_composition,population_future_state_composition,held_out_animal,gse140802_t2_t9_holdout_A3::heldout_animal_A3,20260917.0,mioflow,see_method_status,cross_entropy,2.022614511917723,success,12.229715900000883,,,
GSE140802,B3_prospective_composition,population_future_state_composition,held_out_animal,gse140802_t2_t9_holdout_A3::heldout_animal_A3,20260918.0,mioflow,see_method_status,cross_entropy,1.9560714375066683,success,11.05017670000052,,,
GSE140802,B3_prospective_composition,population_future_state_composition,held_out_animal,gse140802_t2_t9_holdout_A3::heldout_animal_A3,20260919.0,mioflow,see_method_status,cross_entropy,2.2484836949811084,success,13.881138999999166,,,
GSE140802,B3_prospective_composition,population_future_state_composition,held_out_animal,gse140802_t2_t9_holdout_A3::heldout_animal_A3,20260920.0,mioflow,see_method_status,cross_entropy,2.1865211808881653,success,11.94272550000096,,,
GSE140802,B3_prospective_composition,population_future_state_composition,held_out_animal,gse140802_t2_t9_holdout_B1::heldout_animal_B1,20260916.0,source-carry-forward,see_method_status,cross_entropy,23.51060568636025,success,0.2309928000013315,,,
GSE140802,B3_prospective_composition,population_future_state_composition,held_out_animal,gse140802_t2_t9_holdout_B1::heldout_animal_B1,20260916.0,development-target-transfer,see_method_status,cross_entropy,1.7659453620562098,success,0.1843263000009756,,,
GSE140802,B3_prospective_composition,population_future_state_composition,held_out_animal,gse140802_t2_t9_holdout_B1::heldout_animal_B1,20260916.0,prescient,see_method_status,cross_entropy,1.7703091832974347,success,5.552295299999969,,,
GSE140802,B3_prospective_composition,population_future_state_composition,held_out_animal,gse140802_t2_t9_holdout_B1::heldout_animal_B1,20260917.0,prescient,see_method_status,cross_entropy,1.7812187458044089,success,4.847299600000042,,,
GSE140802,B3_prospective_composition,population_future_state_composition,held_out_animal,gse140802_t2_t9_holdout_B1::heldout_animal_B1,20260918.0,prescient,see_method_status,cross_entropy,1.7673957514599694,success,4.970558700000765,,,
GSE140802,B3_prospective_composition,population_future_state_composition,held_out_animal,gse140802_t2_t9_holdout_B1::heldout_animal_B1,20260919.0,prescient,see_method_status,cross_entropy,1.750893590847897,success,4.4982584999997925,,,
GSE140802,B3_prospective_composition,population_future_state_composition,held_out_animal,gse140802_t2_t9_holdout_B1::heldout_animal_B1,20260920.0,prescient,see_method_status,cross_entropy,1.8028536227123952,success,4.594531699998697,,,
GSE140802,B3_prospective_composition,population_future_state_composition,held_out_animal,gse140802_t2_t9_holdout_B1::heldout_animal_B1,20260916.0,tigon,see_method_status,cross_entropy,15.487180654857749,success,33.22356929999842,,,
GSE140802,B3_prospective_composition,population_future_state_composition,held_out_animal,gse140802_t2_t9_holdout_B1::heldout_animal_B1,20260917.0,tigon,see_method_status,cross_entropy,15.809833686827051,success,33.27631409999958,,,
GSE140802,B3_prospective_composition,population_future_state_composition,held_out_animal,gse140802_t2_t9_holdout_B1::heldout_animal_B1,20260918.0,tigon,see_method_status,cross_entropy,20.32887356864767,success,33.15298780000012,,,
GSE140802,B3_prospective_composition,population_future_state_composition,held_out_animal,gse140802_t2_t9_holdout_B1::heldout_animal_B1,20260919.0,tigon,see_method_status,cross_entropy,14.644997315676912,success,33.69306250000045,,,
GSE140802,B3_prospective_composition,population_future_state_composition,held_out_animal,gse140802_t2_t9_holdout_B1::heldout_animal_B1,20260920.0,tigon,see_method_status,cross_entropy,9.214911959544612,success,34.06901469999866,,,
GSE140802,B3_prospective_composition,population_future_state_composition,held_out_animal,gse140802_t2_t9_holdout_B1::heldout_animal_B1,20260916.0,mioflow,see_method_status,cross_entropy,3.1972012571364465,success,13.191303499999776,,,
GSE140802,B3_prospective_composition,population_future_state_composition,held_out_animal,gse140802_t2_t9_holdout_B1::heldout_animal_B1,20260917.0,mioflow,see_method_status,cross_entropy,2.162483715372566,success,10.363531999999395,,,
GSE140802,B3_prospective_composition,population_future_state_composition,held_out_animal,gse140802_t2_t9_holdout_B1::heldout_animal_B1,20260918.0,mioflow,see_method_status,cross_entropy,2.0760517608246127,success,13.302652300000773,,,
GSE140802,B3_prospective_composition,population_future_state_composition,held_out_animal,gse140802_t2_t9_holdout_B1::heldout_animal_B1,20260919.0,mioflow,see_method_status,cross_entropy,3.16413949434576,success,12.217151799999556,,,
GSE140802,B3_prospective_composition,population_future_state_composition,held_out_animal,gse140802_t2_t9_holdout_B1::heldout_animal_B1,20260920.0,mioflow,see_method_status,cross_entropy,2.248140777998532,success,10.476480999999694,,,
GSE140802,B3_prospective_composition,population_future_state_composition,held_out_animal,gse140802_t2_t9_holdout_B2::heldout_animal_B2,20260916.0,source-carry-forward,see_method_status,cross_entropy,23.961276123969288,success,0.2897888000006787,,,
GSE140802,B3_prospective_composition,population_future_state_composition,held_out_animal,gse140802_t2_t9_holdout_B2::heldout_animal_B2,20260916.0,development-target-transfer,see_method_status,cross_entropy,1.7238366810966512,success,0.1819457000001421,,,
GSE140802,B3_prospective_composition,population_future_state_composition,held_out_animal,gse140802_t2_t9_holdout_B2::heldout_animal_B2,20260916.0,prescient,see_method_status,cross_entropy,1.7374519608887848,success,5.467017599999963,,,
GSE140802,B3_prospective_composition,population_future_state_composition,held_out_animal,gse140802_t2_t9_holdout_B2::heldout_animal_B2,20260917.0,prescient,see_method_status,cross_entropy,1.7103603881452718,success,4.698739200001,,,
GSE140802,B3_prospective_composition,population_future_state_composition,held_out_animal,gse140802_t2_t9_holdout_B2::heldout_animal_B2,20260918.0,prescient,see_method_status,cross_entropy,1.709456553131094,success,4.595043199999054,,,
GSE140802,B3_prospective_composition,population_future_state_composition,held_out_animal,gse140802_t2_t9_holdout_B2::heldout_animal_B2,20260919.0,prescient,see_method_status,cross_entropy,1.7223934369492406,success,4.621019300000626,,,
GSE140802,B3_prospective_composition,population_future_state_composition,held_out_animal,gse140802_t2_t9_holdout_B2::heldout_animal_B2,20260920.0,prescient,see_method_status,cross_entropy,1.7223866905704437,success,4.688922999999704,,,
GSE140802,B3_prospective_composition,population_future_state_composition,held_out_animal,gse140802_t2_t9_holdout_B2::heldout_animal_B2,20260916.0,tigon,see_method_status,cross_entropy,16.79368238383781,success,35.26367279999977,,,
GSE140802,B3_prospective_composition,population_future_state_composition,held_out_animal,gse140802_t2_t9_holdout_B2::heldout_animal_B2,20260917.0,tigon,see_method_status,cross_entropy,13.749594279281007,success,34.13817350000136,,,
GSE140802,B3_prospective_composition,population_future_state_composition,held_out_animal,gse140802_t2_t9_holdout_B2::heldout_animal_B2,20260918.0,tigon,see_method_status,cross_entropy,19.41127047029803,success,33.405341800000315,,,
GSE140802,B3_prospective_composition,population_future_state_composition,held_out_animal,gse140802_t2_t9_holdout_B2::heldout_animal_B2,20260919.0,tigon,see_method_status,cross_entropy,13.050373470941883,success,33.09283400000095,,,
GSE140802,B3_prospective_composition,population_future_state_composition,held_out_animal,gse140802_t2_t9_holdout_B2::heldout_animal_B2,20260920.0,tigon,see_method_status,cross_entropy,10.21723403423272,success,33.8409458999995,,,
GSE140802,B3_prospective_composition,population_future_state_composition,held_out_animal,gse140802_t2_t9_holdout_B2::heldout_animal_B2,20260916.0,mioflow,see_method_status,cross_entropy,3.231657325282693,success,14.824461000000156,,,
GSE140802,B3_prospective_composition,population_future_state_composition,held_out_animal,gse140802_t2_t9_holdout_B2::heldout_animal_B2,20260917.0,mioflow,see_method_status,cross_entropy,2.135831008691647,success,12.637680699999692,,,
GSE140802,B3_prospective_composition,population_future_state_composition,held_out_animal,gse140802_t2_t9_holdout_B2::heldout_animal_B2,20260918.0,mioflow,see_method_status,cross_entropy,2.095972381828932,success,11.214854900001228,,,
GSE140802,B3_prospective_composition,population_future_state_composition,held_out_animal,gse140802_t2_t9_holdout_B2::heldout_animal_B2,20260919.0,mioflow,see_method_status,cross_entropy,2.414663556972569,success,12.83930209999926,,,
GSE140802,B3_prospective_composition,population_future_state_composition,held_out_animal,gse140802_t2_t9_holdout_B2::heldout_animal_B2,20260920.0,mioflow,see_method_status,cross_entropy,2.2982243510511484,success,12.024557300001106,,,
GSE140802,B3_prospective_composition,population_future_state_composition,held_out_animal,gse140802_t2_t9_holdout_B3::heldout_animal_B3,20260916.0,source-carry-forward,see_method_status,cross_entropy,19.62202948812317,success,0.2153218000003107,,,
GSE140802,B3_prospective_composition,population_future_state_composition,held_out_animal,gse140802_t2_t9_holdout_B3::heldout_animal_B3,20260916.0,development-target-transfer,see_method_status,cross_entropy,1.8715845149667325,success,0.1918287999997119,,,
GSE140802,B3_prospective_composition,population_future_state_composition,held_out_animal,gse140802_t2_t9_holdout_B3::heldout_animal_B3,20260916.0,prescient,see_method_status,cross_entropy,1.8333675822796287,success,5.576064099999712,,,
GSE140802,B3_prospective_composition,population_future_state_composition,held_out_animal,gse140802_t2_t9_holdout_B3::heldout_animal_B3,20260917.0,prescient,see_method_status,cross_entropy,1.8451779289307448,success,4.809393899999122,,,
GSE140802,B3_prospective_composition,population_future_state_composition,held_out_animal,gse140802_t2_t9_holdout_B3::heldout_animal_B3,20260918.0,prescient,see_method_status,cross_entropy,1.830623937495852,success,4.4938695000000735,,,
GSE140802,B3_prospective_composition,population_future_state_composition,held_out_animal,gse140802_t2_t9_holdout_B3::heldout_animal_B3,20260919.0,prescient,see_method_status,cross_entropy,1.828680638209716,success,4.501582599999892,,,
GSE140802,B3_prospective_composition,population_future_state_composition,held_out_animal,gse140802_t2_t9_holdout_B3::heldout_animal_B3,20260920.0,prescient,see_method_status,cross_entropy,1.8271311581089071,success,4.37952100000075,,,
GSE140802,B3_prospective_composition,population_future_state_composition,held_out_animal,gse140802_t2_t9_holdout_B3::heldout_animal_B3,20260916.0,tigon,see_method_status,cross_entropy,12.829095530920872,success,33.34541990000071,,,
GSE140802,B3_prospective_composition,population_future_state_composition,held_out_animal,gse140802_t2_t9_holdout_B3::heldout_animal_B3,20260917.0,tigon,see_method_status,cross_entropy,12.774760558316355,success,34.24396390000038,,,
GSE140802,B3_prospective_composition,population_future_state_composition,held_out_animal,gse140802_t2_t9_holdout_B3::heldout_animal_B3,20260918.0,tigon,see_method_status,cross_entropy,12.370172229920492,success,34.28840390000005,,,
GSE140802,B3_prospective_composition,population_future_state_composition,held_out_animal,gse140802_t2_t9_holdout_B3::heldout_animal_B3,20260919.0,tigon,see_method_status,cross_entropy,12.357865885882116,success,34.8315333999999,,,
GSE140802,B3_prospective_composition,population_future_state_composition,held_out_animal,gse140802_t2_t9_holdout_B3::heldout_animal_B3,20260920.0,tigon,see_method_status,cross_entropy,8.243626318985154,success,34.792659299999286,,,
GSE140802,B3_prospective_composition,population_future_state_composition,held_out_animal,gse140802_t2_t9_holdout_B3::heldout_animal_B3,20260916.0,mioflow,see_method_status,cross_entropy,3.463647814378984,success,12.764826900000116,,,
GSE140802,B3_prospective_composition,population_future_state_composition,held_out_animal,gse140802_t2_t9_holdout_B3::heldout_animal_B3,20260917.0,mioflow,see_method_status,cross_entropy,1.9574193923028929,success,10.196368300001268,,,
GSE140802,B3_prospective_composition,population_future_state_composition,held_out_animal,gse140802_t2_t9_holdout_B3::heldout_animal_B3,20260918.0,mioflow,see_method_status,cross_entropy,1.9541166117093949,success,12.860726999999317,,,
GSE140802,B3_prospective_composition,population_future_state_composition,held_out_animal,gse140802_t2_t9_holdout_B3::heldout_animal_B3,20260919.0,mioflow,see_method_status,cross_entropy,2.583104885696264,success,11.956813599999805,,,
GSE140802,B3_prospective_composition,population_future_state_composition,held_out_animal,gse140802_t2_t9_holdout_B3::heldout_animal_B3,20260920.0,mioflow,see_method_status,cross_entropy,2.03850830636923,success,11.306239899999127,,,
GSE239651_expt2,B3_prospective_composition,population_future_state_composition,expt1_to_locked_expt2,gse239651_dmso_day3::DMSO,20260916.0,source-carry-forward,see_method_status,sinkhorn_divergence,0.0057580065874268,success,0.1561231999994561,,,
GSE239651_expt2,B3_prospective_composition,population_future_state_composition,expt1_to_locked_expt2,gse239651_dmso_day3::DMSO,20260916.0,development-target-transfer,see_method_status,sinkhorn_divergence,0.0147489786815011,success,0.1614518000005773,,,
GSE239651_expt2,B3_prospective_composition,population_future_state_composition,expt1_to_locked_expt2,gse239651_dmso_day3::DMSO,20260916.0,prescient,see_method_status,sinkhorn_divergence,0.0484359552541962,success,16.968943099999706,,,
GSE239651_expt2,B3_prospective_composition,population_future_state_composition,expt1_to_locked_expt2,gse239651_dmso_day3::DMSO,20260917.0,prescient,see_method_status,sinkhorn_divergence,0.0498232219979004,success,16.857099100000596,,,
GSE239651_expt2,B3_prospective_composition,population_future_state_composition,expt1_to_locked_expt2,gse239651_dmso_day3::DMSO,20260918.0,prescient,see_method_status,sinkhorn_divergence,0.0473019104429932,success,17.230403200000183,,,
GSE239651_expt2,B3_prospective_composition,population_future_state_composition,expt1_to_locked_expt2,gse239651_dmso_day3::DMSO,20260919.0,prescient,see_method_status,sinkhorn_divergence,0.0494100277006611,success,17.66758740000023,,,
GSE239651_expt2,B3_prospective_composition,population_future_state_composition,expt1_to_locked_expt2,gse239651_dmso_day3::DMSO,20260920.0,prescient,see_method_status,sinkhorn_divergence,0.0506210759415023,success,18.999660499999663,,,
GSE239651_expt2,B3_prospective_composition,population_future_state_composition,expt1_to_locked_expt2,gse239651_dmso_day3::DMSO,20260916.0,tigon,see_method_status,sinkhorn_divergence,0.0133843641894747,success,115.63007089999974,,,
GSE239651_expt2,B3_prospective_composition,population_future_state_composition,expt1_to_locked_expt2,gse239651_dmso_day3::DMSO,20260917.0,tigon,see_method_status,sinkhorn_divergence,0.0073169499488512,success,115.80890920000002,,,
GSE239651_expt2,B3_prospective_composition,population_future_state_composition,expt1_to_locked_expt2,gse239651_dmso_day3::DMSO,20260918.0,tigon,see_method_status,sinkhorn_divergence,0.0055338298552435,success,117.5844432999993,,,
GSE239651_expt2,B3_prospective_composition,population_future_state_composition,expt1_to_locked_expt2,gse239651_dmso_day3::DMSO,20260919.0,tigon,see_method_status,sinkhorn_divergence,0.0125342684506611,success,120.40731559999948,,,
GSE239651_expt2,B3_prospective_composition,population_future_state_composition,expt1_to_locked_expt2,gse239651_dmso_day3::DMSO,20260920.0,tigon,see_method_status,sinkhorn_divergence,0.0109625506650411,success,117.94565039999998,,,
GSE239651_expt2,B3_prospective_composition,population_future_state_composition,expt1_to_locked_expt2,gse239651_dmso_day3::DMSO,20260916.0,mioflow,see_method_status,sinkhorn_divergence,0.0221656330970374,success,14.598558699999558,,,
GSE239651_expt2,B3_prospective_composition,population_future_state_composition,expt1_to_locked_expt2,gse239651_dmso_day3::DMSO,20260917.0,mioflow,see_method_status,sinkhorn_divergence,0.0307861149677218,success,13.951207300000531,,,
GSE239651_expt2,B3_prospective_composition,population_future_state_composition,expt1_to_locked_expt2,gse239651_dmso_day3::DMSO,20260918.0,mioflow,see_method_status,sinkhorn_divergence,0.0221783146710876,success,12.65088199999991,,,
GSE239651_expt2,B3_prospective_composition,population_future_state_composition,expt1_to_locked_expt2,gse239651_dmso_day3::DMSO,20260919.0,mioflow,see_method_status,sinkhorn_divergence,0.0119957933934749,success,13.814521600000262,,,
GSE239651_expt2,B3_prospective_composition,population_future_state_composition,expt1_to_locked_expt2,gse239651_dmso_day3::DMSO,20260920.0,mioflow,see_method_status,sinkhorn_divergence,0.0371476887226505,success,12.666965100000198,,,
GSE239651_expt2,B3_prospective_composition,population_future_state_composition,expt1_to_locked_expt2,gse239651_dmso_day6::DMSO,20260916.0,source-carry-forward,see_method_status,sinkhorn_divergence,0.0422153065329133,success,0.1849554000000353,,,
GSE239651_expt2,B3_prospective_composition,population_future_state_composition,expt1_to_locked_expt2,gse239651_dmso_day6::DMSO,20260916.0,development-target-transfer,see_method_status,sinkhorn_divergence,0.0132550046481408,success,0.1975183000004108,,,
GSE239651_expt2,B3_prospective_composition,population_future_state_composition,expt1_to_locked_expt2,gse239651_dmso_day6::DMSO,20260916.0,prescient,see_method_status,sinkhorn_divergence,0.0600155910432542,success,18.23375170000054,,,
GSE239651_expt2,B3_prospective_composition,population_future_state_composition,expt1_to_locked_expt2,gse239651_dmso_day6::DMSO,20260917.0,prescient,see_method_status,sinkhorn_divergence,0.0605280658686593,success,17.320406599999842,,,
GSE239651_expt2,B3_prospective_composition,population_future_state_composition,expt1_to_locked_expt2,gse239651_dmso_day6::DMSO,20260918.0,prescient,see_method_status,sinkhorn_divergence,0.0599071013628854,success,17.21284259999993,,,
GSE239651_expt2,B3_prospective_composition,population_future_state_composition,expt1_to_locked_expt2,gse239651_dmso_day6::DMSO,20260919.0,prescient,see_method_status,sinkhorn_divergence,0.0585772074998889,success,17.633608499999355,,,
GSE239651_expt2,B3_prospective_composition,population_future_state_composition,expt1_to_locked_expt2,gse239651_dmso_day6::DMSO,20260920.0,prescient,see_method_status,sinkhorn_divergence,0.060448827634423,success,17.563787300000513,,,
GSE239651_expt2,B3_prospective_composition,population_future_state_composition,expt1_to_locked_expt2,gse239651_dmso_day6::DMSO,20260916.0,tigon,see_method_status,sinkhorn_divergence,0.0480520131433918,success,121.35117600000012,,,
GSE239651_expt2,B3_prospective_composition,population_future_state_composition,expt1_to_locked_expt2,gse239651_dmso_day6::DMSO,20260917.0,tigon,see_method_status,sinkhorn_divergence,0.0437239352823244,success,116.50757129999964,,,
GSE239651_expt2,B3_prospective_composition,population_future_state_composition,expt1_to_locked_expt2,gse239651_dmso_day6::DMSO,20260918.0,tigon,see_method_status,sinkhorn_divergence,0.0415113746514258,success,107.0824107999997,,,
GSE239651_expt2,B3_prospective_composition,population_future_state_composition,expt1_to_locked_expt2,gse239651_dmso_day6::DMSO,20260919.0,tigon,see_method_status,sinkhorn_divergence,0.0434164596500704,success,106.08582360000035,,,
GSE239651_expt2,B3_prospective_composition,population_future_state_composition,expt1_to_locked_expt2,gse239651_dmso_day6::DMSO,20260920.0,tigon,see_method_status,sinkhorn_divergence,0.0455950233058628,success,110.6642585999998,,,
GSE239651_expt2,B3_prospective_composition,population_future_state_composition,expt1_to_locked_expt2,gse239651_dmso_day6::DMSO,20260916.0,mioflow,see_method_status,sinkhorn_divergence,0.0294825697651997,success,14.926148600000488,,,
GSE239651_expt2,B3_prospective_composition,population_future_state_composition,expt1_to_locked_expt2,gse239651_dmso_day6::DMSO,20260917.0,mioflow,see_method_status,sinkhorn_divergence,0.0231087803502442,success,14.69445739999992,,,
GSE239651_expt2,B3_prospective_composition,population_future_state_composition,expt1_to_locked_expt2,gse239651_dmso_day6::DMSO,20260918.0,mioflow,see_method_status,sinkhorn_divergence,0.0278741835829767,success,13.91017599999941,,,
GSE239651_expt2,B3_prospective_composition,population_future_state_composition,expt1_to_locked_expt2,gse239651_dmso_day6::DMSO,20260919.0,mioflow,see_method_status,sinkhorn_divergence,0.0125342033566239,success,14.022097099999884,,,
GSE239651_expt2,B3_prospective_composition,population_future_state_composition,expt1_to_locked_expt2,gse239651_dmso_day6::DMSO,20260920.0,mioflow,see_method_status,sinkhorn_divergence,0.0470771822545301,success,13.102705799999969,,,
GSE239651_expt2,B3_prospective_composition,population_future_state_composition,expt1_to_locked_expt2,gse239651_dmso_day69::DMSO,20260916.0,source-carry-forward,see_method_status,sinkhorn_divergence,0.0720306082192917,success,0.2196296000001893,,,
GSE239651_expt2,B3_prospective_composition,population_future_state_composition,expt1_to_locked_expt2,gse239651_dmso_day69::DMSO,20260916.0,development-target-transfer,see_method_status,sinkhorn_divergence,0.0693790297893027,success,0.1586776000003738,,,
GSE239651_expt2,B3_prospective_composition,population_future_state_composition,expt1_to_locked_expt2,gse239651_dmso_day69::DMSO,20260916.0,prescient,see_method_status,sinkhorn_divergence,0.1155175354670177,success,17.763366000000133,,,
GSE239651_expt2,B3_prospective_composition,population_future_state_composition,expt1_to_locked_expt2,gse239651_dmso_day69::DMSO,20260917.0,prescient,see_method_status,sinkhorn_divergence,0.1148593617033118,success,17.281015699999443,,,
GSE239651_expt2,B3_prospective_composition,population_future_state_composition,expt1_to_locked_expt2,gse239651_dmso_day69::DMSO,20260918.0,prescient,see_method_status,sinkhorn_divergence,0.113137478804419,success,16.85154969999985,,,
GSE239651_expt2,B3_prospective_composition,population_future_state_composition,expt1_to_locked_expt2,gse239651_dmso_day69::DMSO,20260919.0,prescient,see_method_status,sinkhorn_divergence,0.1138840999224217,success,17.224731799999972,,,
GSE239651_expt2,B3_prospective_composition,population_future_state_composition,expt1_to_locked_expt2,gse239651_dmso_day69::DMSO,20260920.0,prescient,see_method_status,sinkhorn_divergence,0.1148544099874131,success,16.87041489999956,,,
GSE239651_expt2,B3_prospective_composition,population_future_state_composition,expt1_to_locked_expt2,gse239651_dmso_day69::DMSO,20260916.0,tigon,see_method_status,sinkhorn_divergence,0.0794703314092915,success,105.98453539999991,,,
GSE239651_expt2,B3_prospective_composition,population_future_state_composition,expt1_to_locked_expt2,gse239651_dmso_day69::DMSO,20260917.0,tigon,see_method_status,sinkhorn_divergence,0.0749670902847424,success,103.9811552000001,,,
GSE239651_expt2,B3_prospective_composition,population_future_state_composition,expt1_to_locked_expt2,gse239651_dmso_day69::DMSO,20260918.0,tigon,see_method_status,sinkhorn_divergence,0.0723898902514691,success,105.9265863999999,,,
GSE239651_expt2,B3_prospective_composition,population_future_state_composition,expt1_to_locked_expt2,gse239651_dmso_day69::DMSO,20260919.0,tigon,see_method_status,sinkhorn_divergence,0.074638090652598,success,101.50770660000036,,,
GSE239651_expt2,B3_prospective_composition,population_future_state_composition,expt1_to_locked_expt2,gse239651_dmso_day69::DMSO,20260920.0,tigon,see_method_status,sinkhorn_divergence,0.0766434869472568,success,104.91881490000014,,,
GSE239651_expt2,B3_prospective_composition,population_future_state_composition,expt1_to_locked_expt2,gse239651_dmso_day69::DMSO,20260916.0,mioflow,see_method_status,sinkhorn_divergence,0.0907233147857463,success,14.52330400000028,,,
GSE239651_expt2,B3_prospective_composition,population_future_state_composition,expt1_to_locked_expt2,gse239651_dmso_day69::DMSO,20260917.0,mioflow,see_method_status,sinkhorn_divergence,0.0967490948339089,success,14.84278539999923,,,
GSE239651_expt2,B3_prospective_composition,population_future_state_composition,expt1_to_locked_expt2,gse239651_dmso_day69::DMSO,20260918.0,mioflow,see_method_status,sinkhorn_divergence,0.0911644217815995,success,13.503484500000011,,,
GSE239651_expt2,B3_prospective_composition,population_future_state_composition,expt1_to_locked_expt2,gse239651_dmso_day69::DMSO,20260919.0,mioflow,see_method_status,sinkhorn_divergence,0.0678850865180176,success,14.792220300000736,,,
GSE239651_expt2,B3_prospective_composition,population_future_state_composition,expt1_to_locked_expt2,gse239651_dmso_day69::DMSO,20260920.0,mioflow,see_method_status,sinkhorn_divergence,0.084435427565002,success,13.586769199999251,,,
GSE239651_expt2,B3_prospective_composition,population_future_state_composition,expt1_to_locked_expt2,gse239651_dmso_day98::DMSO,20260916.0,source-carry-forward,see_method_status,sinkhorn_divergence,0.033227232366992,success,0.2158336000002236,,,
GSE239651_expt2,B3_prospective_composition,population_future_state_composition,expt1_to_locked_expt2,gse239651_dmso_day98::DMSO,20260916.0,development-target-transfer,see_method_status,sinkhorn_divergence,0.0626060625227409,success,0.1661822000005486,,,
GSE239651_expt2,B3_prospective_composition,population_future_state_composition,expt1_to_locked_expt2,gse239651_dmso_day98::DMSO,20260916.0,prescient,see_method_status,sinkhorn_divergence,0.0833812886536702,success,18.396034000000327,,,
GSE239651_expt2,B3_prospective_composition,population_future_state_composition,expt1_to_locked_expt2,gse239651_dmso_day98::DMSO,20260917.0,prescient,see_method_status,sinkhorn_divergence,0.0838291069229871,success,17.86212599999999,,,
GSE239651_expt2,B3_prospective_composition,population_future_state_composition,expt1_to_locked_expt2,gse239651_dmso_day98::DMSO,20260918.0,prescient,see_method_status,sinkhorn_divergence,0.0832024685785667,success,17.750324900000123,,,
GSE239651_expt2,B3_prospective_composition,population_future_state_composition,expt1_to_locked_expt2,gse239651_dmso_day98::DMSO,20260919.0,prescient,see_method_status,sinkhorn_divergence,0.0839688516455,success,17.46751789999962,,,
GSE239651_expt2,B3_prospective_composition,population_future_state_composition,expt1_to_locked_expt2,gse239651_dmso_day98::DMSO,20260920.0,prescient,see_method_status,sinkhorn_divergence,0.0856431908998516,success,17.304312700000082,,,
GSE239651_expt2,B3_prospective_composition,population_future_state_composition,expt1_to_locked_expt2,gse239651_dmso_day98::DMSO,20260916.0,tigon,see_method_status,sinkhorn_divergence,0.0395211441503247,success,122.23007440000038,,,
GSE239651_expt2,B3_prospective_composition,population_future_state_composition,expt1_to_locked_expt2,gse239651_dmso_day98::DMSO,20260917.0,tigon,see_method_status,sinkhorn_divergence,0.0343718009671043,success,133.0048740000002,,,
GSE239651_expt2,B3_prospective_composition,population_future_state_composition,expt1_to_locked_expt2,gse239651_dmso_day98::DMSO,20260918.0,tigon,see_method_status,sinkhorn_divergence,0.0340663667713531,success,133.1269975999994,,,
GSE239651_expt2,B3_prospective_composition,population_future_state_composition,expt1_to_locked_expt2,gse239651_dmso_day98::DMSO,20260919.0,tigon,see_method_status,sinkhorn_divergence,0.0393284965205327,success,133.16438820000076,,,
GSE239651_expt2,B3_prospective_composition,population_future_state_composition,expt1_to_locked_expt2,gse239651_dmso_day98::DMSO,20260920.0,tigon,see_method_status,sinkhorn_divergence,0.0365010158598626,success,134.2977045000007,,,
GSE239651_expt2,B3_prospective_composition,population_future_state_composition,expt1_to_locked_expt2,gse239651_dmso_day98::DMSO,20260916.0,mioflow,see_method_status,sinkhorn_divergence,0.065388434698078,success,13.158562699999491,,,
GSE239651_expt2,B3_prospective_composition,population_future_state_composition,expt1_to_locked_expt2,gse239651_dmso_day98::DMSO,20260917.0,mioflow,see_method_status,sinkhorn_divergence,0.0638156009877749,success,14.319500599999628,,,
GSE239651_expt2,B3_prospective_composition,population_future_state_composition,expt1_to_locked_expt2,gse239651_dmso_day98::DMSO,20260918.0,mioflow,see_method_status,sinkhorn_divergence,0.0507339761611228,success,13.963670500000262,,,
GSE239651_expt2,B3_prospective_composition,population_future_state_composition,expt1_to_locked_expt2,gse239651_dmso_day98::DMSO,20260919.0,mioflow,see_method_status,sinkhorn_divergence,0.0453966291815568,success,14.330297299999984,,,
GSE239651_expt2,B3_prospective_composition,population_future_state_composition,expt1_to_locked_expt2,gse239651_dmso_day98::DMSO,20260920.0,mioflow,see_method_status,sinkhorn_divergence,0.057461030769125,success,13.118254199999685,,,
GSE239651_expt2,B3_prospective_composition,population_future_state_composition,expt1_to_locked_expt2,gse239651_ispinesib_day3::ispinesib,20260916.0,source-carry-forward,see_method_status,sinkhorn_divergence,0.0694115623419238,success,0.2572759000004225,,,
GSE239651_expt2,B3_prospective_composition,population_future_state_composition,expt1_to_locked_expt2,gse239651_ispinesib_day3::ispinesib,20260916.0,development-target-transfer,see_method_status,sinkhorn_divergence,0.0292859573852665,success,0.1867031000001588,,,
GSE239651_expt2,B3_prospective_composition,population_future_state_composition,expt1_to_locked_expt2,gse239651_ispinesib_day3::ispinesib,20260916.0,prescient,see_method_status,sinkhorn_divergence,0.0892693436432935,success,22.08064430000013,,,
GSE239651_expt2,B3_prospective_composition,population_future_state_composition,expt1_to_locked_expt2,gse239651_ispinesib_day3::ispinesib,20260917.0,prescient,see_method_status,sinkhorn_divergence,0.0920792760515613,success,20.677488299999823,,,
GSE239651_expt2,B3_prospective_composition,population_future_state_composition,expt1_to_locked_expt2,gse239651_ispinesib_day3::ispinesib,20260918.0,prescient,see_method_status,sinkhorn_divergence,0.0918704183403168,success,20.723336900000504,,,
GSE239651_expt2,B3_prospective_composition,population_future_state_composition,expt1_to_locked_expt2,gse239651_ispinesib_day3::ispinesib,20260919.0,prescient,see_method_status,sinkhorn_divergence,0.0910900945278862,success,21.28973709999991,,,
GSE239651_expt2,B3_prospective_composition,population_future_state_composition,expt1_to_locked_expt2,gse239651_ispinesib_day3::ispinesib,20260920.0,prescient,see_method_status,sinkhorn_divergence,0.0926773926224235,success,21.415869599999496,,,
GSE239651_expt2,B3_prospective_composition,population_future_state_composition,expt1_to_locked_expt2,gse239651_ispinesib_day3::ispinesib,20260916.0,tigon,see_method_status,sinkhorn_divergence,0.0765983546210553,success,132.31578749999971,,,
GSE239651_expt2,B3_prospective_composition,population_future_state_composition,expt1_to_locked_expt2,gse239651_ispinesib_day3::ispinesib,20260917.0,tigon,see_method_status,sinkhorn_divergence,0.0727085874338132,success,130.98438579999856,,,
GSE239651_expt2,B3_prospective_composition,population_future_state_composition,expt1_to_locked_expt2,gse239651_ispinesib_day3::ispinesib,20260918.0,tigon,see_method_status,sinkhorn_divergence,0.0705535387627701,success,118.62514700000064,,,
GSE239651_expt2,B3_prospective_composition,population_future_state_composition,expt1_to_locked_expt2,gse239651_ispinesib_day3::ispinesib,20260919.0,tigon,see_method_status,sinkhorn_divergence,0.0745785059447318,success,111.87683459999973,,,
GSE239651_expt2,B3_prospective_composition,population_future_state_composition,expt1_to_locked_expt2,gse239651_ispinesib_day3::ispinesib,20260920.0,tigon,see_method_status,sinkhorn_divergence,0.0717339419772254,success,112.4667773000001,,,
GSE239651_expt2,B3_prospective_composition,population_future_state_composition,expt1_to_locked_expt2,gse239651_ispinesib_day3::ispinesib,20260916.0,mioflow,see_method_status,sinkhorn_divergence,0.0577872033080676,success,12.298813100000189,,,
GSE239651_expt2,B3_prospective_composition,population_future_state_composition,expt1_to_locked_expt2,gse239651_ispinesib_day3::ispinesib,20260917.0,mioflow,see_method_status,sinkhorn_divergence,0.0580318663088776,success,13.309447600000569,,,
GSE239651_expt2,B3_prospective_composition,population_future_state_composition,expt1_to_locked_expt2,gse239651_ispinesib_day3::ispinesib,20260918.0,mioflow,see_method_status,sinkhorn_divergence,0.0310650785804466,success,10.8384786000006,,,
GSE239651_expt2,B3_prospective_composition,population_future_state_composition,expt1_to_locked_expt2,gse239651_ispinesib_day3::ispinesib,20260919.0,mioflow,see_method_status,sinkhorn_divergence,0.0340272649837307,success,12.781641300000048,,,
GSE239651_expt2,B3_prospective_composition,population_future_state_composition,expt1_to_locked_expt2,gse239651_ispinesib_day3::ispinesib,20260920.0,mioflow,see_method_status,sinkhorn_divergence,0.0660910687459542,success,13.663610400000834,,,
GSE239651_expt2,B3_prospective_composition,population_future_state_composition,expt1_to_locked_expt2,gse239651_ispinesib_day6::ispinesib,20260916.0,source-carry-forward,see_method_status,sinkhorn_divergence,0.0738155793871123,success,0.2187656999994942,,,
GSE239651_expt2,B3_prospective_composition,population_future_state_composition,expt1_to_locked_expt2,gse239651_ispinesib_day6::ispinesib,20260916.0,development-target-transfer,see_method_status,sinkhorn_divergence,0.0208356901415962,success,0.1451276000007055,,,
GSE239651_expt2,B3_prospective_composition,population_future_state_composition,expt1_to_locked_expt2,gse239651_ispinesib_day6::ispinesib,20260916.0,prescient,see_method_status,sinkhorn_divergence,0.058186910530651,success,17.542980799998986,,,
GSE239651_expt2,B3_prospective_composition,population_future_state_composition,expt1_to_locked_expt2,gse239651_ispinesib_day6::ispinesib,20260917.0,prescient,see_method_status,sinkhorn_divergence,0.0606091250093585,success,16.59724190000088,,,
GSE239651_expt2,B3_prospective_composition,population_future_state_composition,expt1_to_locked_expt2,gse239651_ispinesib_day6::ispinesib,20260918.0,prescient,see_method_status,sinkhorn_divergence,0.0620267674229096,success,17.076539499999853,,,
GSE239651_expt2,B3_prospective_composition,population_future_state_composition,expt1_to_locked_expt2,gse239651_ispinesib_day6::ispinesib,20260919.0,prescient,see_method_status,sinkhorn_divergence,0.0609685109908412,success,16.597240299999612,,,
GSE239651_expt2,B3_prospective_composition,population_future_state_composition,expt1_to_locked_expt2,gse239651_ispinesib_day6::ispinesib,20260920.0,prescient,see_method_status,sinkhorn_divergence,0.0595712318732289,success,17.31988039999851,,,
GSE239651_expt2,B3_prospective_composition,population_future_state_composition,expt1_to_locked_expt2,gse239651_ispinesib_day6::ispinesib,20260916.0,tigon,see_method_status,sinkhorn_divergence,0.0797668048590401,success,115.93260999999984,,,
GSE239651_expt2,B3_prospective_composition,population_future_state_composition,expt1_to_locked_expt2,gse239651_ispinesib_day6::ispinesib,20260917.0,tigon,see_method_status,sinkhorn_divergence,0.0755305479914991,success,112.2782141000007,,,
GSE239651_expt2,B3_prospective_composition,population_future_state_composition,expt1_to_locked_expt2,gse239651_ispinesib_day6::ispinesib,20260918.0,tigon,see_method_status,sinkhorn_divergence,0.0731410218030623,success,110.78718130000016,,,
GSE239651_expt2,B3_prospective_composition,population_future_state_composition,expt1_to_locked_expt2,gse239651_ispinesib_day6::ispinesib,20260919.0,tigon,see_method_status,sinkhorn_divergence,0.075131142795574,success,112.84757480000007,,,
GSE239651_expt2,B3_prospective_composition,population_future_state_composition,expt1_to_locked_expt2,gse239651_ispinesib_day6::ispinesib,20260920.0,tigon,see_method_status,sinkhorn_divergence,0.0767511460326792,success,113.0381097999998,,,
GSE239651_expt2,B3_prospective_composition,population_future_state_composition,expt1_to_locked_expt2,gse239651_ispinesib_day6::ispinesib,20260916.0,mioflow,see_method_status,sinkhorn_divergence,0.0828642046126163,success,11.874877599999309,,,
GSE239651_expt2,B3_prospective_composition,population_future_state_composition,expt1_to_locked_expt2,gse239651_ispinesib_day6::ispinesib,20260917.0,mioflow,see_method_status,sinkhorn_divergence,0.0534203593088263,success,12.621181499998784,,,
GSE239651_expt2,B3_prospective_composition,population_future_state_composition,expt1_to_locked_expt2,gse239651_ispinesib_day6::ispinesib,20260918.0,mioflow,see_method_status,sinkhorn_divergence,0.0627562619767706,success,12.361971999998786,,,
GSE239651_expt2,B3_prospective_composition,population_future_state_composition,expt1_to_locked_expt2,gse239651_ispinesib_day6::ispinesib,20260919.0,mioflow,see_method_status,sinkhorn_divergence,0.0361933870431288,success,13.0319528,,,
GSE239651_expt2,B3_prospective_composition,population_future_state_composition,expt1_to_locked_expt2,gse239651_ispinesib_day6::ispinesib,20260920.0,mioflow,see_method_status,sinkhorn_divergence,0.0585354150437482,success,12.743641600000046,,,
GSE239651_expt2,B3_prospective_composition,population_future_state_composition,expt1_to_locked_expt2,gse239651_ispinesib_day69::ispinesib,20260916.0,source-carry-forward,see_method_status,sinkhorn_divergence,0.0661734460421103,success,0.2187080000003334,,,
GSE239651_expt2,B3_prospective_composition,population_future_state_composition,expt1_to_locked_expt2,gse239651_ispinesib_day69::ispinesib,20260916.0,development-target-transfer,see_method_status,sinkhorn_divergence,0.0321664019287899,success,0.167641399999411,,,
GSE239651_expt2,B3_prospective_composition,population_future_state_composition,expt1_to_locked_expt2,gse239651_ispinesib_day69::ispinesib,20260916.0,prescient,see_method_status,sinkhorn_divergence,0.0947951486549829,success,18.12783660000059,,,
GSE239651_expt2,B3_prospective_composition,population_future_state_composition,expt1_to_locked_expt2,gse239651_ispinesib_day69::ispinesib,20260917.0,prescient,see_method_status,sinkhorn_divergence,0.095459924641461,success,17.08631940000123,,,
GSE239651_expt2,B3_prospective_composition,population_future_state_composition,expt1_to_locked_expt2,gse239651_ispinesib_day69::ispinesib,20260918.0,prescient,see_method_status,sinkhorn_divergence,0.0945470135483168,success,17.45098550000148,,,
GSE239651_expt2,B3_prospective_composition,population_future_state_composition,expt1_to_locked_expt2,gse239651_ispinesib_day69::ispinesib,20260919.0,prescient,see_method_status,sinkhorn_divergence,0.0949192565135455,success,17.094880399999965,,,
GSE239651_expt2,B3_prospective_composition,population_future_state_composition,expt1_to_locked_expt2,gse239651_ispinesib_day69::ispinesib,20260920.0,prescient,see_method_status,sinkhorn_divergence,0.0955417858721151,success,17.22556960000111,,,
GSE239651_expt2,B3_prospective_composition,population_future_state_composition,expt1_to_locked_expt2,gse239651_ispinesib_day69::ispinesib,20260916.0,tigon,see_method_status,sinkhorn_divergence,0.0737489034307971,success,113.43000900000152,,,
GSE239651_expt2,B3_prospective_composition,population_future_state_composition,expt1_to_locked_expt2,gse239651_ispinesib_day69::ispinesib,20260917.0,tigon,see_method_status,sinkhorn_divergence,0.0693213787322065,success,114.5526747999993,,,
GSE239651_expt2,B3_prospective_composition,population_future_state_composition,expt1_to_locked_expt2,gse239651_ispinesib_day69::ispinesib,20260918.0,tigon,see_method_status,sinkhorn_divergence,0.0668244705015984,success,116.72172610000052,,,
GSE239651_expt2,B3_prospective_composition,population_future_state_composition,expt1_to_locked_expt2,gse239651_ispinesib_day69::ispinesib,20260919.0,tigon,see_method_status,sinkhorn_divergence,0.068172468337015,success,112.28214730000036,,,
GSE239651_expt2,B3_prospective_composition,population_future_state_composition,expt1_to_locked_expt2,gse239651_ispinesib_day69::ispinesib,20260920.0,tigon,see_method_status,sinkhorn_divergence,0.0711422741318041,success,112.40618619999988,,,
GSE239651_expt2,B3_prospective_composition,population_future_state_composition,expt1_to_locked_expt2,gse239651_ispinesib_day69::ispinesib,20260916.0,mioflow,see_method_status,sinkhorn_divergence,0.0321955795492395,success,13.13460490000034,,,
GSE239651_expt2,B3_prospective_composition,population_future_state_composition,expt1_to_locked_expt2,gse239651_ispinesib_day69::ispinesib,20260917.0,mioflow,see_method_status,sinkhorn_divergence,0.0533456031221731,success,13.319859400000496,,,
GSE239651_expt2,B3_prospective_composition,population_future_state_composition,expt1_to_locked_expt2,gse239651_ispinesib_day69::ispinesib,20260918.0,mioflow,see_method_status,sinkhorn_divergence,0.0403382038133384,success,13.1839473,,,
GSE239651_expt2,B3_prospective_composition,population_future_state_composition,expt1_to_locked_expt2,gse239651_ispinesib_day69::ispinesib,20260919.0,mioflow,see_method_status,sinkhorn_divergence,0.0396773714203108,success,12.159537500001534,,,
GSE239651_expt2,B3_prospective_composition,population_future_state_composition,expt1_to_locked_expt2,gse239651_ispinesib_day69::ispinesib,20260920.0,mioflow,see_method_status,sinkhorn_divergence,0.0677769474137668,success,12.749141899999811,,,
GSE239651_expt2,B3_prospective_composition,population_future_state_composition,expt1_to_locked_expt2,gse239651_ispinesib_day98::ispinesib,20260916.0,source-carry-forward,see_method_status,sinkhorn_divergence,0.066458495815634,success,0.2183641999999963,,,
GSE239651_expt2,B3_prospective_composition,population_future_state_composition,expt1_to_locked_expt2,gse239651_ispinesib_day98::ispinesib,20260916.0,development-target-transfer,see_method_status,sinkhorn_divergence,0.039882955974131,success,0.1554246000014245,,,
GSE239651_expt2,B3_prospective_composition,population_future_state_composition,expt1_to_locked_expt2,gse239651_ispinesib_day98::ispinesib,20260916.0,prescient,see_method_status,sinkhorn_divergence,0.0635666522975798,success,17.698182500000257,,,
GSE239651_expt2,B3_prospective_composition,population_future_state_composition,expt1_to_locked_expt2,gse239651_ispinesib_day98::ispinesib,20260917.0,prescient,see_method_status,sinkhorn_divergence,0.0657766401830957,success,16.309630499999912,,,
GSE239651_expt2,B3_prospective_composition,population_future_state_composition,expt1_to_locked_expt2,gse239651_ispinesib_day98::ispinesib,20260918.0,prescient,see_method_status,sinkhorn_divergence,0.0668271868668956,success,16.448863300000085,,,
GSE239651_expt2,B3_prospective_composition,population_future_state_composition,expt1_to_locked_expt2,gse239651_ispinesib_day98::ispinesib,20260919.0,prescient,see_method_status,sinkhorn_divergence,0.0643794898128316,success,16.350034600000072,,,
GSE239651_expt2,B3_prospective_composition,population_future_state_composition,expt1_to_locked_expt2,gse239651_ispinesib_day98::ispinesib,20260920.0,prescient,see_method_status,sinkhorn_divergence,0.0665345336532973,success,16.955900299999485,,,
GSE239651_expt2,B3_prospective_composition,population_future_state_composition,expt1_to_locked_expt2,gse239651_ispinesib_day98::ispinesib,20260916.0,tigon,see_method_status,sinkhorn_divergence,0.072231080085733,success,111.89460319999851,,,
GSE239651_expt2,B3_prospective_composition,population_future_state_composition,expt1_to_locked_expt2,gse239651_ispinesib_day98::ispinesib,20260917.0,tigon,see_method_status,sinkhorn_divergence,0.0678937898953271,success,109.15929640000104,,,
GSE239651_expt2,B3_prospective_composition,population_future_state_composition,expt1_to_locked_expt2,gse239651_ispinesib_day98::ispinesib,20260918.0,tigon,see_method_status,sinkhorn_divergence,0.0659319265777596,success,109.93124539999916,,,
GSE239651_expt2,B3_prospective_composition,population_future_state_composition,expt1_to_locked_expt2,gse239651_ispinesib_day98::ispinesib,20260919.0,tigon,see_method_status,sinkhorn_divergence,0.0720296256200508,success,112.23595419999948,,,
GSE239651_expt2,B3_prospective_composition,population_future_state_composition,expt1_to_locked_expt2,gse239651_ispinesib_day98::ispinesib,20260920.0,tigon,see_method_status,sinkhorn_divergence,0.0703773458988668,success,113.44597980000071,,,
GSE239651_expt2,B3_prospective_composition,population_future_state_composition,expt1_to_locked_expt2,gse239651_ispinesib_day98::ispinesib,20260916.0,mioflow,see_method_status,sinkhorn_divergence,0.0515636024423813,success,12.829244099999414,,,
GSE239651_expt2,B3_prospective_composition,population_future_state_composition,expt1_to_locked_expt2,gse239651_ispinesib_day98::ispinesib,20260917.0,mioflow,see_method_status,sinkhorn_divergence,0.0487125327841218,success,11.73789880000004,,,
GSE239651_expt2,B3_prospective_composition,population_future_state_composition,expt1_to_locked_expt2,gse239651_ispinesib_day98::ispinesib,20260918.0,mioflow,see_method_status,sinkhorn_divergence,0.0448081893918791,success,11.17984780000006,,,
GSE239651_expt2,B3_prospective_composition,population_future_state_composition,expt1_to_locked_expt2,gse239651_ispinesib_day98::ispinesib,20260919.0,mioflow,see_method_status,sinkhorn_divergence,0.0263658895497084,success,12.00023929999952,,,
GSE239651_expt2,B3_prospective_composition,population_future_state_composition,expt1_to_locked_expt2,gse239651_ispinesib_day98::ispinesib,20260920.0,mioflow,see_method_status,sinkhorn_divergence,0.0628905096442678,success,10.802229799999624,,,
GSE140802,B3_prospective_composition,population_future_state_composition,held_out_animal,gse140802_t2_t16_holdout_A4::heldout_animal_A4,20260916.0,source-carry-forward,see_method_status,sinkhorn_divergence,1.903571428571428,success,0.1700598000006721,,,
GSE140802,B3_prospective_composition,population_future_state_composition,held_out_animal,gse140802_t2_t16_holdout_A4::heldout_animal_A4,20260916.0,development-target-transfer,see_method_status,sinkhorn_divergence,0.4709372392694909,success,0.1493849999988015,,,
GSE140802,B3_prospective_composition,population_future_state_composition,held_out_animal,gse140802_t2_t16_holdout_A4::heldout_animal_A4,20260916.0,prescient,see_method_status,sinkhorn_divergence,0.4292880408367738,success,4.053417700000864,,,
GSE140802,B3_prospective_composition,population_future_state_composition,held_out_animal,gse140802_t2_t16_holdout_A4::heldout_animal_A4,20260917.0,prescient,see_method_status,sinkhorn_divergence,0.3870266507952893,success,3.204100699998889,,,
GSE140802,B3_prospective_composition,population_future_state_composition,held_out_animal,gse140802_t2_t16_holdout_A4::heldout_animal_A4,20260918.0,prescient,see_method_status,sinkhorn_divergence,0.4063325339791563,success,3.3533478999997897,,,
GSE140802,B3_prospective_composition,population_future_state_composition,held_out_animal,gse140802_t2_t16_holdout_A4::heldout_animal_A4,20260919.0,prescient,see_method_status,sinkhorn_divergence,0.4116172884058466,success,3.1164227000008395,,,
GSE140802,B3_prospective_composition,population_future_state_composition,held_out_animal,gse140802_t2_t16_holdout_A4::heldout_animal_A4,20260920.0,prescient,see_method_status,sinkhorn_divergence,0.2963445626711744,success,3.0896375000011176,,,
GSE140802,B3_prospective_composition,population_future_state_composition,held_out_animal,gse140802_t2_t16_holdout_A4::heldout_animal_A4,20260916.0,tigon,see_method_status,sinkhorn_divergence,1.8876476762866727,success,18.7477760999991,,,
GSE140802,B3_prospective_composition,population_future_state_composition,held_out_animal,gse140802_t2_t16_holdout_A4::heldout_animal_A4,20260917.0,tigon,see_method_status,sinkhorn_divergence,1.8906593147187487,success,18.90845099999933,,,
GSE140802,B3_prospective_composition,population_future_state_composition,held_out_animal,gse140802_t2_t16_holdout_A4::heldout_animal_A4,20260918.0,tigon,see_method_status,sinkhorn_divergence,1.8890994994059929,success,18.86250409999957,,,
GSE140802,B3_prospective_composition,population_future_state_composition,held_out_animal,gse140802_t2_t16_holdout_A4::heldout_animal_A4,20260919.0,tigon,see_method_status,sinkhorn_divergence,1.886470957709537,success,18.556916100000308,,,
GSE140802,B3_prospective_composition,population_future_state_composition,held_out_animal,gse140802_t2_t16_holdout_A4::heldout_animal_A4,20260920.0,tigon,see_method_status,sinkhorn_divergence,1.8754559988159087,success,19.21572930000002,,,
GSE140802,B3_prospective_composition,population_future_state_composition,held_out_animal,gse140802_t2_t16_holdout_A4::heldout_animal_A4,20260916.0,mioflow,see_method_status,sinkhorn_divergence,0.980810657358308,success,11.381618999999771,,,
GSE140802,B3_prospective_composition,population_future_state_composition,held_out_animal,gse140802_t2_t16_holdout_A4::heldout_animal_A4,20260917.0,mioflow,see_method_status,sinkhorn_divergence,1.0899683885903255,success,10.828887900001064,,,
GSE140802,B3_prospective_composition,population_future_state_composition,held_out_animal,gse140802_t2_t16_holdout_A4::heldout_animal_A4,20260918.0,mioflow,see_method_status,sinkhorn_divergence,0.9390669766006344,success,9.209258099999715,,,
GSE140802,B3_prospective_composition,population_future_state_composition,held_out_animal,gse140802_t2_t16_holdout_A4::heldout_animal_A4,20260919.0,mioflow,see_method_status,sinkhorn_divergence,0.8986607127135735,success,8.240687600000456,,,
GSE140802,B3_prospective_composition,population_future_state_composition,held_out_animal,gse140802_t2_t16_holdout_A4::heldout_animal_A4,20260920.0,mioflow,see_method_status,sinkhorn_divergence,1.0766710466680358,success,9.692493900000043,,,
GSE140802,B3_prospective_composition,population_future_state_composition,held_out_animal,gse140802_t2_t16_holdout_A5::heldout_animal_A5,20260916.0,source-carry-forward,see_method_status,sinkhorn_divergence,1.7480916030534353,success,0.2426227999985712,,,
GSE140802,B3_prospective_composition,population_future_state_composition,held_out_animal,gse140802_t2_t16_holdout_A5::heldout_animal_A5,20260916.0,development-target-transfer,see_method_status,sinkhorn_divergence,0.2903516606513632,success,0.1738934000004519,,,
GSE140802,B3_prospective_composition,population_future_state_composition,held_out_animal,gse140802_t2_t16_holdout_A5::heldout_animal_A5,20260916.0,prescient,see_method_status,sinkhorn_divergence,0.2416498629086157,success,4.5700616000012815,,,
GSE140802,B3_prospective_composition,population_future_state_composition,held_out_animal,gse140802_t2_t16_holdout_A5::heldout_animal_A5,20260917.0,prescient,see_method_status,sinkhorn_divergence,0.300790082491526,success,3.3212940000012168,,,
GSE140802,B3_prospective_composition,population_future_state_composition,held_out_animal,gse140802_t2_t16_holdout_A5::heldout_animal_A5,20260918.0,prescient,see_method_status,sinkhorn_divergence,0.3088636084451347,success,3.447330699998929,,,
GSE140802,B3_prospective_composition,population_future_state_composition,held_out_animal,gse140802_t2_t16_holdout_A5::heldout_animal_A5,20260919.0,prescient,see_method_status,sinkhorn_divergence,0.313750070028142,success,3.5357979999989766,,,
GSE140802,B3_prospective_composition,population_future_state_composition,held_out_animal,gse140802_t2_t16_holdout_A5::heldout_animal_A5,20260920.0,prescient,see_method_status,sinkhorn_divergence,0.2797978959747897,success,3.3114573000002565,,,
GSE140802,B3_prospective_composition,population_future_state_composition,held_out_animal,gse140802_t2_t16_holdout_A5::heldout_animal_A5,20260916.0,tigon,see_method_status,sinkhorn_divergence,1.7477817057986065,success,18.083980899999005,,,
GSE140802,B3_prospective_composition,population_future_state_composition,held_out_animal,gse140802_t2_t16_holdout_A5::heldout_animal_A5,20260917.0,tigon,see_method_status,sinkhorn_divergence,1.7107065672090835,success,17.243624500000806,,,
GSE140802,B3_prospective_composition,population_future_state_composition,held_out_animal,gse140802_t2_t16_holdout_A5::heldout_animal_A5,20260918.0,tigon,see_method_status,sinkhorn_divergence,1.7245590673389035,success,16.70138820000102,,,
GSE140802,B3_prospective_composition,population_future_state_composition,held_out_animal,gse140802_t2_t16_holdout_A5::heldout_animal_A5,20260919.0,tigon,see_method_status,sinkhorn_divergence,1.731308467916521,success,16.343827699998656,,,
GSE140802,B3_prospective_composition,population_future_state_composition,held_out_animal,gse140802_t2_t16_holdout_A5::heldout_animal_A5,20260920.0,tigon,see_method_status,sinkhorn_divergence,1.7431307057084937,success,17.04764460000115,,,
GSE140802,B3_prospective_composition,population_future_state_composition,held_out_animal,gse140802_t2_t16_holdout_A5::heldout_animal_A5,20260916.0,mioflow,see_method_status,sinkhorn_divergence,0.7411452218540713,success,10.093173400000524,,,
GSE140802,B3_prospective_composition,population_future_state_composition,held_out_animal,gse140802_t2_t16_holdout_A5::heldout_animal_A5,20260917.0,mioflow,see_method_status,sinkhorn_divergence,0.8847402034097184,success,10.584232999999584,,,
GSE140802,B3_prospective_composition,population_future_state_composition,held_out_animal,gse140802_t2_t16_holdout_A5::heldout_animal_A5,20260918.0,mioflow,see_method_status,sinkhorn_divergence,0.6834093542161573,success,9.87224210000022,,,
GSE140802,B3_prospective_composition,population_future_state_composition,held_out_animal,gse140802_t2_t16_holdout_A5::heldout_animal_A5,20260919.0,mioflow,see_method_status,sinkhorn_divergence,0.6958133822905775,success,10.484369800000422,,,
GSE140802,B3_prospective_composition,population_future_state_composition,held_out_animal,gse140802_t2_t16_holdout_A5::heldout_animal_A5,20260920.0,mioflow,see_method_status,sinkhorn_divergence,0.8665980690609001,success,10.327723500000502,,,
GSE140802,B3_prospective_composition,population_future_state_composition,held_out_animal,gse140802_t2_t16_holdout_B4::heldout_animal_B4,20260916.0,source-carry-forward,see_method_status,sinkhorn_divergence,1.885869565217391,success,0.2292116999997233,,,
GSE140802,B3_prospective_composition,population_future_state_composition,held_out_animal,gse140802_t2_t16_holdout_B4::heldout_animal_B4,20260916.0,development-target-transfer,see_method_status,sinkhorn_divergence,0.3516677538322587,success,0.1878577000006771,,,
GSE140802,B3_prospective_composition,population_future_state_composition,held_out_animal,gse140802_t2_t16_holdout_B4::heldout_animal_B4,20260916.0,prescient,see_method_status,sinkhorn_divergence,0.2502223258284171,success,4.257299099999727,,,
GSE140802,B3_prospective_composition,population_future_state_composition,held_out_animal,gse140802_t2_t16_holdout_B4::heldout_animal_B4,20260917.0,prescient,see_method_status,sinkhorn_divergence,0.2267077167132517,success,3.433584399999745,,,
GSE140802,B3_prospective_composition,population_future_state_composition,held_out_animal,gse140802_t2_t16_holdout_B4::heldout_animal_B4,20260918.0,prescient,see_method_status,sinkhorn_divergence,0.3427998798527027,success,3.293855899999471,,,
GSE140802,B3_prospective_composition,population_future_state_composition,held_out_animal,gse140802_t2_t16_holdout_B4::heldout_animal_B4,20260919.0,prescient,see_method_status,sinkhorn_divergence,0.2368373810436764,success,3.4075792000003275,,,
GSE140802,B3_prospective_composition,population_future_state_composition,held_out_animal,gse140802_t2_t16_holdout_B4::heldout_animal_B4,20260920.0,prescient,see_method_status,sinkhorn_divergence,0.1770639439048382,success,3.4460927000000083,,,
GSE140802,B3_prospective_composition,population_future_state_composition,held_out_animal,gse140802_t2_t16_holdout_B4::heldout_animal_B4,20260916.0,tigon,see_method_status,sinkhorn_divergence,1.878772888532546,success,18.270538199998555,,,
GSE140802,B3_prospective_composition,population_future_state_composition,held_out_animal,gse140802_t2_t16_holdout_B4::heldout_animal_B4,20260917.0,tigon,see_method_status,sinkhorn_divergence,1.861138487188818,success,18.67055160000018,,,
GSE140802,B3_prospective_composition,population_future_state_composition,held_out_animal,gse140802_t2_t16_holdout_B4::heldout_animal_B4,20260918.0,tigon,see_method_status,sinkhorn_divergence,1.8798515691332025,success,17.15463649999947,,,
GSE140802,B3_prospective_composition,population_future_state_composition,held_out_animal,gse140802_t2_t16_holdout_B4::heldout_animal_B4,20260919.0,tigon,see_method_status,sinkhorn_divergence,1.8853628411931016,success,18.24013940000077,,,
GSE140802,B3_prospective_composition,population_future_state_composition,held_out_animal,gse140802_t2_t16_holdout_B4::heldout_animal_B4,20260920.0,tigon,see_method_status,sinkhorn_divergence,1.8795055709689208,success,18.50993170000038,,,
GSE140802,B3_prospective_composition,population_future_state_composition,held_out_animal,gse140802_t2_t16_holdout_B4::heldout_animal_B4,20260916.0,mioflow,see_method_status,sinkhorn_divergence,0.953870143586528,success,10.841824400000403,,,
GSE140802,B3_prospective_composition,population_future_state_composition,held_out_animal,gse140802_t2_t16_holdout_B4::heldout_animal_B4,20260917.0,mioflow,see_method_status,sinkhorn_divergence,1.0212267533420878,success,9.889872700001431,,,
GSE140802,B3_prospective_composition,population_future_state_composition,held_out_animal,gse140802_t2_t16_holdout_B4::heldout_animal_B4,20260918.0,mioflow,see_method_status,sinkhorn_divergence,0.8512396492734637,success,9.274696800001038,,,
GSE140802,B3_prospective_composition,population_future_state_composition,held_out_animal,gse140802_t2_t16_holdout_B4::heldout_animal_B4,20260919.0,mioflow,see_method_status,sinkhorn_divergence,0.8311092803239272,success,10.27010639999935,,,
GSE140802,B3_prospective_composition,population_future_state_composition,held_out_animal,gse140802_t2_t16_holdout_B4::heldout_animal_B4,20260920.0,mioflow,see_method_status,sinkhorn_divergence,0.9878213494915488,success,8.525537100000292,,,
GSE140802,B3_prospective_composition,population_future_state_composition,held_out_animal,gse140802_t2_t16_holdout_B5::heldout_animal_B5,20260916.0,source-carry-forward,see_method_status,sinkhorn_divergence,1.7716794731064769,success,0.2221160999997664,,,
GSE140802,B3_prospective_composition,population_future_state_composition,held_out_animal,gse140802_t2_t16_holdout_B5::heldout_animal_B5,20260916.0,development-target-transfer,see_method_status,sinkhorn_divergence,0.4671475615493178,success,0.1606494000006932,,,
GSE140802,B3_prospective_composition,population_future_state_composition,held_out_animal,gse140802_t2_t16_holdout_B5::heldout_animal_B5,20260916.0,prescient,see_method_status,sinkhorn_divergence,0.4282986417502202,success,3.99507579999954,,,
GSE140802,B3_prospective_composition,population_future_state_composition,held_out_animal,gse140802_t2_t16_holdout_B5::heldout_animal_B5,20260917.0,prescient,see_method_status,sinkhorn_divergence,0.4906807853848293,success,3.2548543000011705,,,
GSE140802,B3_prospective_composition,population_future_state_composition,held_out_animal,gse140802_t2_t16_holdout_B5::heldout_animal_B5,20260918.0,prescient,see_method_status,sinkhorn_divergence,0.4586071408469527,success,3.5004533999999694,,,
GSE140802,B3_prospective_composition,population_future_state_composition,held_out_animal,gse140802_t2_t16_holdout_B5::heldout_animal_B5,20260919.0,prescient,see_method_status,sinkhorn_divergence,0.4471311858733052,success,3.516241100000116,,,
GSE140802,B3_prospective_composition,population_future_state_composition,held_out_animal,gse140802_t2_t16_holdout_B5::heldout_animal_B5,20260920.0,prescient,see_method_status,sinkhorn_divergence,0.4594800581812567,success,3.2575082999992446,,,
GSE140802,B3_prospective_composition,population_future_state_composition,held_out_animal,gse140802_t2_t16_holdout_B5::heldout_animal_B5,20260916.0,tigon,see_method_status,sinkhorn_divergence,1.7693380504331544,success,16.593354099999488,,,
GSE140802,B3_prospective_composition,population_future_state_composition,held_out_animal,gse140802_t2_t16_holdout_B5::heldout_animal_B5,20260917.0,tigon,see_method_status,sinkhorn_divergence,1.7416326420470285,success,17.23571390000143,,,
GSE140802,B3_prospective_composition,population_future_state_composition,held_out_animal,gse140802_t2_t16_holdout_B5::heldout_animal_B5,20260918.0,tigon,see_method_status,sinkhorn_divergence,1.757053533352916,success,15.609840099999928,,,
GSE140802,B3_prospective_composition,population_future_state_composition,held_out_animal,gse140802_t2_t16_holdout_B5::heldout_animal_B5,20260919.0,tigon,see_method_status,sinkhorn_divergence,1.754418505567023,success,16.929675400000633,,,
GSE140802,B3_prospective_composition,population_future_state_composition,held_out_animal,gse140802_t2_t16_holdout_B5::heldout_animal_B5,20260920.0,tigon,see_method_status,sinkhorn_divergence,1.7593989944519817,success,16.818953899999542,,,
GSE140802,B3_prospective_composition,population_future_state_composition,held_out_animal,gse140802_t2_t16_holdout_B5::heldout_animal_B5,20260916.0,mioflow,see_method_status,sinkhorn_divergence,0.8104640670253792,success,12.640654699998777,,,
GSE140802,B3_prospective_composition,population_future_state_composition,held_out_animal,gse140802_t2_t16_holdout_B5::heldout_animal_B5,20260917.0,mioflow,see_method_status,sinkhorn_divergence,0.7941436265579783,success,10.670966799998496,,,
GSE140802,B3_prospective_composition,population_future_state_composition,held_out_animal,gse140802_t2_t16_holdout_B5::heldout_animal_B5,20260918.0,mioflow,see_method_status,sinkhorn_divergence,0.6811199809270838,success,12.243431499999131,,,
GSE140802,B3_prospective_composition,population_future_state_composition,held_out_animal,gse140802_t2_t16_holdout_B5::heldout_animal_B5,20260919.0,mioflow,see_method_status,sinkhorn_divergence,0.7523900352055842,success,11.23134349999964,,,
GSE140802,B3_prospective_composition,population_future_state_composition,held_out_animal,gse140802_t2_t16_holdout_B5::heldout_animal_B5,20260920.0,mioflow,see_method_status,sinkhorn_divergence,0.8600864513490297,success,9.15854279999985,,,
GSE140802,B3_prospective_composition,population_future_state_composition,held_out_animal,gse140802_t2_t9_holdout_A1::heldout_animal_A1,20260916.0,source-carry-forward,see_method_status,sinkhorn_divergence,1.562264150943396,success,0.2186065000005328,,,
GSE140802,B3_prospective_composition,population_future_state_composition,held_out_animal,gse140802_t2_t9_holdout_A1::heldout_animal_A1,20260916.0,development-target-transfer,see_method_status,sinkhorn_divergence,0.4152358048487207,success,0.1584171000013157,,,
GSE140802,B3_prospective_composition,population_future_state_composition,held_out_animal,gse140802_t2_t9_holdout_A1::heldout_animal_A1,20260916.0,prescient,see_method_status,sinkhorn_divergence,0.2805458223334896,success,6.082265799999732,,,
GSE140802,B3_prospective_composition,population_future_state_composition,held_out_animal,gse140802_t2_t9_holdout_A1::heldout_animal_A1,20260917.0,prescient,see_method_status,sinkhorn_divergence,0.321036727365302,success,4.650442899999689,,,
GSE140802,B3_prospective_composition,population_future_state_composition,held_out_animal,gse140802_t2_t9_holdout_A1::heldout_animal_A1,20260918.0,prescient,see_method_status,sinkhorn_divergence,0.3837208318053245,success,4.783161699999255,,,
GSE140802,B3_prospective_composition,population_future_state_composition,held_out_animal,gse140802_t2_t9_holdout_A1::heldout_animal_A1,20260919.0,prescient,see_method_status,sinkhorn_divergence,0.3447013997629052,success,4.6483391999991,,,
GSE140802,B3_prospective_composition,population_future_state_composition,held_out_animal,gse140802_t2_t9_holdout_A1::heldout_animal_A1,20260920.0,prescient,see_method_status,sinkhorn_divergence,0.3141684495122834,success,4.753589799998736,,,
GSE140802,B3_prospective_composition,population_future_state_composition,held_out_animal,gse140802_t2_t9_holdout_A1::heldout_animal_A1,20260916.0,tigon,see_method_status,sinkhorn_divergence,1.550099573958161,success,35.19958609999958,,,
GSE140802,B3_prospective_composition,population_future_state_composition,held_out_animal,gse140802_t2_t9_holdout_A1::heldout_animal_A1,20260917.0,tigon,see_method_status,sinkhorn_divergence,1.5393444639669296,success,35.73301150000043,,,
GSE140802,B3_prospective_composition,population_future_state_composition,held_out_animal,gse140802_t2_t9_holdout_A1::heldout_animal_A1,20260918.0,tigon,see_method_status,sinkhorn_divergence,1.550236307298667,success,34.27448600000025,,,
GSE140802,B3_prospective_composition,population_future_state_composition,held_out_animal,gse140802_t2_t9_holdout_A1::heldout_animal_A1,20260919.0,tigon,see_method_status,sinkhorn_divergence,1.5541903055825042,success,34.57905799999935,,,
GSE140802,B3_prospective_composition,population_future_state_composition,held_out_animal,gse140802_t2_t9_holdout_A1::heldout_animal_A1,20260920.0,tigon,see_method_status,sinkhorn_divergence,1.559301705276708,success,35.60164129999976,,,
GSE140802,B3_prospective_composition,population_future_state_composition,held_out_animal,gse140802_t2_t9_holdout_A1::heldout_animal_A1,20260916.0,mioflow,see_method_status,sinkhorn_divergence,0.5781817411866412,success,13.377239100000224,,,
GSE140802,B3_prospective_composition,population_future_state_composition,held_out_animal,gse140802_t2_t9_holdout_A1::heldout_animal_A1,20260917.0,mioflow,see_method_status,sinkhorn_divergence,0.715949477376505,success,12.320767999999587,,,
GSE140802,B3_prospective_composition,population_future_state_composition,held_out_animal,gse140802_t2_t9_holdout_A1::heldout_animal_A1,20260918.0,mioflow,see_method_status,sinkhorn_divergence,0.6273604772348292,success,11.287288700001229,,,
GSE140802,B3_prospective_composition,population_future_state_composition,held_out_animal,gse140802_t2_t9_holdout_A1::heldout_animal_A1,20260919.0,mioflow,see_method_status,sinkhorn_divergence,0.7594412517809926,success,12.021956800001137,,,
GSE140802,B3_prospective_composition,population_future_state_composition,held_out_animal,gse140802_t2_t9_holdout_A1::heldout_animal_A1,20260920.0,mioflow,see_method_status,sinkhorn_divergence,0.8278675023018632,success,11.787559000000329,,,
GSE140802,B3_prospective_composition,population_future_state_composition,held_out_animal,gse140802_t2_t9_holdout_A2::heldout_animal_A2,20260916.0,source-carry-forward,see_method_status,sinkhorn_divergence,1.573904179408767,success,0.2386432999992394,,,
GSE140802,B3_prospective_composition,population_future_state_composition,held_out_animal,gse140802_t2_t9_holdout_A2::heldout_animal_A2,20260916.0,development-target-transfer,see_method_status,sinkhorn_divergence,0.2669841273495116,success,0.1566253999990294,,,
GSE140802,B3_prospective_composition,population_future_state_composition,held_out_animal,gse140802_t2_t9_holdout_A2::heldout_animal_A2,20260916.0,prescient,see_method_status,sinkhorn_divergence,0.2924583434881501,success,4.972166300000026,,,
GSE140802,B3_prospective_composition,population_future_state_composition,held_out_animal,gse140802_t2_t9_holdout_A2::heldout_animal_A2,20260917.0,prescient,see_method_status,sinkhorn_divergence,0.2905074155109574,success,3.842328200000338,,,
GSE140802,B3_prospective_composition,population_future_state_composition,held_out_animal,gse140802_t2_t9_holdout_A2::heldout_animal_A2,20260918.0,prescient,see_method_status,sinkhorn_divergence,0.3234037816886558,success,4.119202800000494,,,
GSE140802,B3_prospective_composition,population_future_state_composition,held_out_animal,gse140802_t2_t9_holdout_A2::heldout_animal_A2,20260919.0,prescient,see_method_status,sinkhorn_divergence,0.3294348490958023,success,3.81281620000118,,,
GSE140802,B3_prospective_composition,population_future_state_composition,held_out_animal,gse140802_t2_t9_holdout_A2::heldout_animal_A2,20260920.0,prescient,see_method_status,sinkhorn_divergence,0.3032308750318628,success,3.738774900000863,,,
GSE140802,B3_prospective_composition,population_future_state_composition,held_out_animal,gse140802_t2_t9_holdout_A2::heldout_animal_A2,20260916.0,tigon,see_method_status,sinkhorn_divergence,1.5616100597658016,success,28.64675840000018,,,
GSE140802,B3_prospective_composition,population_future_state_composition,held_out_animal,gse140802_t2_t9_holdout_A2::heldout_animal_A2,20260917.0,tigon,see_method_status,sinkhorn_divergence,1.5508559088536606,success,28.38912030000029,,,
GSE140802,B3_prospective_composition,population_future_state_composition,held_out_animal,gse140802_t2_t9_holdout_A2::heldout_animal_A2,20260918.0,tigon,see_method_status,sinkhorn_divergence,1.5621030916409893,success,28.875523199998497,,,
GSE140802,B3_prospective_composition,population_future_state_composition,held_out_animal,gse140802_t2_t9_holdout_A2::heldout_animal_A2,20260919.0,tigon,see_method_status,sinkhorn_divergence,1.567243384322748,success,28.72528229999989,,,
GSE140802,B3_prospective_composition,population_future_state_composition,held_out_animal,gse140802_t2_t9_holdout_A2::heldout_animal_A2,20260920.0,tigon,see_method_status,sinkhorn_divergence,1.5708184480094385,success,29.20851380000022,,,
GSE140802,B3_prospective_composition,population_future_state_composition,held_out_animal,gse140802_t2_t9_holdout_A2::heldout_animal_A2,20260916.0,mioflow,see_method_status,sinkhorn_divergence,0.4920071583111014,success,12.12737290000041,,,
GSE140802,B3_prospective_composition,population_future_state_composition,held_out_animal,gse140802_t2_t9_holdout_A2::heldout_animal_A2,20260917.0,mioflow,see_method_status,sinkhorn_divergence,0.7935444618252103,success,10.070772400000353,,,
GSE140802,B3_prospective_composition,population_future_state_composition,held_out_animal,gse140802_t2_t9_holdout_A2::heldout_animal_A2,20260918.0,mioflow,see_method_status,sinkhorn_divergence,0.6258808332734538,success,11.219067100000755,,,
GSE140802,B3_prospective_composition,population_future_state_composition,held_out_animal,gse140802_t2_t9_holdout_A2::heldout_animal_A2,20260919.0,mioflow,see_method_status,sinkhorn_divergence,0.6487719691187582,success,11.366179100001318,,,
GSE140802,B3_prospective_composition,population_future_state_composition,held_out_animal,gse140802_t2_t9_holdout_A2::heldout_animal_A2,20260920.0,mioflow,see_method_status,sinkhorn_divergence,0.8372427044801463,success,9.137043200000337,,,
GSE140802,B3_prospective_composition,population_future_state_composition,held_out_animal,gse140802_t2_t9_holdout_A3::heldout_animal_A3,20260916.0,source-carry-forward,see_method_status,sinkhorn_divergence,1.719530102790015,success,0.2116293000017322,,,
GSE140802,B3_prospective_composition,population_future_state_composition,held_out_animal,gse140802_t2_t9_holdout_A3::heldout_animal_A3,20260916.0,development-target-transfer,see_method_status,sinkhorn_divergence,0.3293542308974324,success,0.1445597000001726,,,
GSE140802,B3_prospective_composition,population_future_state_composition,held_out_animal,gse140802_t2_t9_holdout_A3::heldout_animal_A3,20260916.0,prescient,see_method_status,sinkhorn_divergence,0.3496447387152048,success,5.939865999998801,,,
GSE140802,B3_prospective_composition,population_future_state_composition,held_out_animal,gse140802_t2_t9_holdout_A3::heldout_animal_A3,20260917.0,prescient,see_method_status,sinkhorn_divergence,0.3109018311010788,success,4.551500900000974,,,
GSE140802,B3_prospective_composition,population_future_state_composition,held_out_animal,gse140802_t2_t9_holdout_A3::heldout_animal_A3,20260918.0,prescient,see_method_status,sinkhorn_divergence,0.334839800623607,success,4.758961400000771,,,
GSE140802,B3_prospective_composition,population_future_state_composition,held_out_animal,gse140802_t2_t9_holdout_A3::heldout_animal_A3,20260919.0,prescient,see_method_status,sinkhorn_divergence,0.3353062973871464,success,4.833847699999751,,,
GSE140802,B3_prospective_composition,population_future_state_composition,held_out_animal,gse140802_t2_t9_holdout_A3::heldout_animal_A3,20260920.0,prescient,see_method_status,sinkhorn_divergence,0.2871858013306437,success,4.673117500000444,,,
GSE140802,B3_prospective_composition,population_future_state_composition,held_out_animal,gse140802_t2_t9_holdout_A3::heldout_animal_A3,20260916.0,tigon,see_method_status,sinkhorn_divergence,1.7072735399754857,success,35.041050100000575,,,
GSE140802,B3_prospective_composition,population_future_state_composition,held_out_animal,gse140802_t2_t9_holdout_A3::heldout_animal_A3,20260917.0,tigon,see_method_status,sinkhorn_divergence,1.6970379412793668,success,35.58157460000075,,,
GSE140802,B3_prospective_composition,population_future_state_composition,held_out_animal,gse140802_t2_t9_holdout_A3::heldout_animal_A3,20260918.0,tigon,see_method_status,sinkhorn_divergence,1.7067295235812734,success,34.25661670000045,,,
GSE140802,B3_prospective_composition,population_future_state_composition,held_out_animal,gse140802_t2_t9_holdout_A3::heldout_animal_A3,20260919.0,tigon,see_method_status,sinkhorn_divergence,1.7124693535493554,success,34.176104100000885,,,
GSE140802,B3_prospective_composition,population_future_state_composition,held_out_animal,gse140802_t2_t9_holdout_A3::heldout_animal_A3,20260920.0,tigon,see_method_status,sinkhorn_divergence,1.716230958657071,success,35.86829039999975,,,
GSE140802,B3_prospective_composition,population_future_state_composition,held_out_animal,gse140802_t2_t9_holdout_A3::heldout_animal_A3,20260916.0,mioflow,see_method_status,sinkhorn_divergence,0.6315147467140592,success,13.791628000000856,,,
GSE140802,B3_prospective_composition,population_future_state_composition,held_out_animal,gse140802_t2_t9_holdout_A3::heldout_animal_A3,20260917.0,mioflow,see_method_status,sinkhorn_divergence,0.8823136219924315,success,12.229715900000883,,,
GSE140802,B3_prospective_composition,population_future_state_composition,held_out_animal,gse140802_t2_t9_holdout_A3::heldout_animal_A3,20260918.0,mioflow,see_method_status,sinkhorn_divergence,0.7990194353153154,success,11.05017670000052,,,
GSE140802,B3_prospective_composition,population_future_state_composition,held_out_animal,gse140802_t2_t9_holdout_A3::heldout_animal_A3,20260919.0,mioflow,see_method_status,sinkhorn_divergence,0.7956587122760758,success,13.881138999999166,,,
GSE140802,B3_prospective_composition,population_future_state_composition,held_out_animal,gse140802_t2_t9_holdout_A3::heldout_animal_A3,20260920.0,mioflow,see_method_status,sinkhorn_divergence,0.9890373850793512,success,11.94272550000096,,,
GSE140802,B3_prospective_composition,population_future_state_composition,held_out_animal,gse140802_t2_t9_holdout_B1::heldout_animal_B1,20260916.0,source-carry-forward,see_method_status,sinkhorn_divergence,1.7017543859649122,success,0.2309928000013315,,,
GSE140802,B3_prospective_composition,population_future_state_composition,held_out_animal,gse140802_t2_t9_holdout_B1::heldout_animal_B1,20260916.0,development-target-transfer,see_method_status,sinkhorn_divergence,0.3596459248741613,success,0.1843263000009756,,,
GSE140802,B3_prospective_composition,population_future_state_composition,held_out_animal,gse140802_t2_t9_holdout_B1::heldout_animal_B1,20260916.0,prescient,see_method_status,sinkhorn_divergence,0.3077360906003555,success,5.552295299999969,,,
GSE140802,B3_prospective_composition,population_future_state_composition,held_out_animal,gse140802_t2_t9_holdout_B1::heldout_animal_B1,20260917.0,prescient,see_method_status,sinkhorn_divergence,0.3391868015434169,success,4.847299600000042,,,
GSE140802,B3_prospective_composition,population_future_state_composition,held_out_animal,gse140802_t2_t9_holdout_B1::heldout_animal_B1,20260918.0,prescient,see_method_status,sinkhorn_divergence,0.3203157149970015,success,4.970558700000765,,,
GSE140802,B3_prospective_composition,population_future_state_composition,held_out_animal,gse140802_t2_t9_holdout_B1::heldout_animal_B1,20260919.0,prescient,see_method_status,sinkhorn_divergence,0.3047890122850536,success,4.4982584999997925,,,
GSE140802,B3_prospective_composition,population_future_state_composition,held_out_animal,gse140802_t2_t9_holdout_B1::heldout_animal_B1,20260920.0,prescient,see_method_status,sinkhorn_divergence,0.3926886158664279,success,4.594531699998697,,,
GSE140802,B3_prospective_composition,population_future_state_composition,held_out_animal,gse140802_t2_t9_holdout_B1::heldout_animal_B1,20260916.0,tigon,see_method_status,sinkhorn_divergence,1.6888813391353643,success,33.22356929999842,,,
GSE140802,B3_prospective_composition,population_future_state_composition,held_out_animal,gse140802_t2_t9_holdout_B1::heldout_animal_B1,20260917.0,tigon,see_method_status,sinkhorn_divergence,1.6791378373856598,success,33.27631409999958,,,
GSE140802,B3_prospective_composition,population_future_state_composition,held_out_animal,gse140802_t2_t9_holdout_B1::heldout_animal_B1,20260918.0,tigon,see_method_status,sinkhorn_divergence,1.690190744401712,success,33.15298780000012,,,
GSE140802,B3_prospective_composition,population_future_state_composition,held_out_animal,gse140802_t2_t9_holdout_B1::heldout_animal_B1,20260919.0,tigon,see_method_status,sinkhorn_divergence,1.6945087240288257,success,33.69306250000045,,,
GSE140802,B3_prospective_composition,population_future_state_composition,held_out_animal,gse140802_t2_t9_holdout_B1::heldout_animal_B1,20260920.0,tigon,see_method_status,sinkhorn_divergence,1.6980926244787788,success,34.06901469999866,,,
GSE140802,B3_prospective_composition,population_future_state_composition,held_out_animal,gse140802_t2_t9_holdout_B1::heldout_animal_B1,20260916.0,mioflow,see_method_status,sinkhorn_divergence,0.6352953793262024,success,13.191303499999776,,,
GSE140802,B3_prospective_composition,population_future_state_composition,held_out_animal,gse140802_t2_t9_holdout_B1::heldout_animal_B1,20260917.0,mioflow,see_method_status,sinkhorn_divergence,0.8731605084663274,success,10.363531999999395,,,
GSE140802,B3_prospective_composition,population_future_state_composition,held_out_animal,gse140802_t2_t9_holdout_B1::heldout_animal_B1,20260918.0,mioflow,see_method_status,sinkhorn_divergence,0.7968595422704015,success,13.302652300000773,,,
GSE140802,B3_prospective_composition,population_future_state_composition,held_out_animal,gse140802_t2_t9_holdout_B1::heldout_animal_B1,20260919.0,mioflow,see_method_status,sinkhorn_divergence,0.7566500364239579,success,12.217151799999556,,,
GSE140802,B3_prospective_composition,population_future_state_composition,held_out_animal,gse140802_t2_t9_holdout_B1::heldout_animal_B1,20260920.0,mioflow,see_method_status,sinkhorn_divergence,0.9827456970208298,success,10.476480999999694,,,
GSE140802,B3_prospective_composition,population_future_state_composition,held_out_animal,gse140802_t2_t9_holdout_B2::heldout_animal_B2,20260916.0,source-carry-forward,see_method_status,sinkhorn_divergence,1.734375,success,0.2897888000006787,,,
GSE140802,B3_prospective_composition,population_future_state_composition,held_out_animal,gse140802_t2_t9_holdout_B2::heldout_animal_B2,20260916.0,development-target-transfer,see_method_status,sinkhorn_divergence,0.1482862903222953,success,0.1819457000001421,,,
GSE140802,B3_prospective_composition,population_future_state_composition,held_out_animal,gse140802_t2_t9_holdout_B2::heldout_animal_B2,20260916.0,prescient,see_method_status,sinkhorn_divergence,0.2472196714608149,success,5.467017599999963,,,
GSE140802,B3_prospective_composition,population_future_state_composition,held_out_animal,gse140802_t2_t9_holdout_B2::heldout_animal_B2,20260917.0,prescient,see_method_status,sinkhorn_divergence,0.1638580441172384,success,4.698739200001,,,
GSE140802,B3_prospective_composition,population_future_state_composition,held_out_animal,gse140802_t2_t9_holdout_B2::heldout_animal_B2,20260918.0,prescient,see_method_status,sinkhorn_divergence,0.1357114931438811,success,4.595043199999054,,,
GSE140802,B3_prospective_composition,population_future_state_composition,held_out_animal,gse140802_t2_t9_holdout_B2::heldout_animal_B2,20260919.0,prescient,see_method_status,sinkhorn_divergence,0.200197694207902,success,4.621019300000626,,,
GSE140802,B3_prospective_composition,population_future_state_composition,held_out_animal,gse140802_t2_t9_holdout_B2::heldout_animal_B2,20260920.0,prescient,see_method_status,sinkhorn_divergence,0.1975580247895247,success,4.688922999999704,,,
GSE140802,B3_prospective_composition,population_future_state_composition,held_out_animal,gse140802_t2_t9_holdout_B2::heldout_animal_B2,20260916.0,tigon,see_method_status,sinkhorn_divergence,1.721558027145386,success,35.26367279999977,,,
GSE140802,B3_prospective_composition,population_future_state_composition,held_out_animal,gse140802_t2_t9_holdout_B2::heldout_animal_B2,20260917.0,tigon,see_method_status,sinkhorn_divergence,1.7115126019597866,success,34.13817350000136,,,
GSE140802,B3_prospective_composition,population_future_state_composition,held_out_animal,gse140802_t2_t9_holdout_B2::heldout_animal_B2,20260918.0,tigon,see_method_status,sinkhorn_divergence,1.7222380461908124,success,33.405341800000315,,,
GSE140802,B3_prospective_composition,population_future_state_composition,held_out_animal,gse140802_t2_t9_holdout_B2::heldout_animal_B2,20260919.0,tigon,see_method_status,sinkhorn_divergence,1.7270898116655808,success,33.09283400000095,,,
GSE140802,B3_prospective_composition,population_future_state_composition,held_out_animal,gse140802_t2_t9_holdout_B2::heldout_animal_B2,20260920.0,tigon,see_method_status,sinkhorn_divergence,1.7307060561284546,success,33.8409458999995,,,
GSE140802,B3_prospective_composition,population_future_state_composition,held_out_animal,gse140802_t2_t9_holdout_B2::heldout_animal_B2,20260916.0,mioflow,see_method_status,sinkhorn_divergence,0.6058282440374283,success,14.824461000000156,,,
GSE140802,B3_prospective_composition,population_future_state_composition,held_out_animal,gse140802_t2_t9_holdout_B2::heldout_animal_B2,20260917.0,mioflow,see_method_status,sinkhorn_divergence,0.886779434943901,success,12.637680699999692,,,
GSE140802,B3_prospective_composition,population_future_state_composition,held_out_animal,gse140802_t2_t9_holdout_B2::heldout_animal_B2,20260918.0,mioflow,see_method_status,sinkhorn_divergence,0.8085329002301228,success,11.214854900001228,,,
GSE140802,B3_prospective_composition,population_future_state_composition,held_out_animal,gse140802_t2_t9_holdout_B2::heldout_animal_B2,20260919.0,mioflow,see_method_status,sinkhorn_divergence,0.8020695595077193,success,12.83930209999926,,,
GSE140802,B3_prospective_composition,population_future_state_composition,held_out_animal,gse140802_t2_t9_holdout_B2::heldout_animal_B2,20260920.0,mioflow,see_method_status,sinkhorn_divergence,1.0050296129435023,success,12.024557300001106,,,
GSE140802,B3_prospective_composition,population_future_state_composition,held_out_animal,gse140802_t2_t9_holdout_B3::heldout_animal_B3,20260916.0,source-carry-forward,see_method_status,sinkhorn_divergence,1.420289855072464,success,0.2153218000003107,,,
GSE140802,B3_prospective_composition,population_future_state_composition,held_out_animal,gse140802_t2_t9_holdout_B3::heldout_animal_B3,20260916.0,development-target-transfer,see_method_status,sinkhorn_divergence,0.4361164646827603,success,0.1918287999997119,,,
GSE140802,B3_prospective_composition,population_future_state_composition,held_out_animal,gse140802_t2_t9_holdout_B3::heldout_animal_B3,20260916.0,prescient,see_method_status,sinkhorn_divergence,0.3134136247222192,success,5.576064099999712,,,
GSE140802,B3_prospective_composition,population_future_state_composition,held_out_animal,gse140802_t2_t9_holdout_B3::heldout_animal_B3,20260917.0,prescient,see_method_status,sinkhorn_divergence,0.3716680073707227,success,4.809393899999122,,,
GSE140802,B3_prospective_composition,population_future_state_composition,held_out_animal,gse140802_t2_t9_holdout_B3::heldout_animal_B3,20260918.0,prescient,see_method_status,sinkhorn_divergence,0.3653171146367702,success,4.4938695000000735,,,
GSE140802,B3_prospective_composition,population_future_state_composition,held_out_animal,gse140802_t2_t9_holdout_B3::heldout_animal_B3,20260919.0,prescient,see_method_status,sinkhorn_divergence,0.3210943843717977,success,4.501582599999892,,,
GSE140802,B3_prospective_composition,population_future_state_composition,held_out_animal,gse140802_t2_t9_holdout_B3::heldout_animal_B3,20260920.0,prescient,see_method_status,sinkhorn_divergence,0.333450099665907,success,4.37952100000075,,,
GSE140802,B3_prospective_composition,population_future_state_composition,held_out_animal,gse140802_t2_t9_holdout_B3::heldout_animal_B3,20260916.0,tigon,see_method_status,sinkhorn_divergence,1.4072528280691556,success,33.34541990000071,,,
GSE140802,B3_prospective_composition,population_future_state_composition,held_out_animal,gse140802_t2_t9_holdout_B3::heldout_animal_B3,20260917.0,tigon,see_method_status,sinkhorn_divergence,1.397422486689103,success,34.24396390000038,,,
GSE140802,B3_prospective_composition,population_future_state_composition,held_out_animal,gse140802_t2_t9_holdout_B3::heldout_animal_B3,20260918.0,tigon,see_method_status,sinkhorn_divergence,1.4086917950688838,success,34.28840390000005,,,
GSE140802,B3_prospective_composition,population_future_state_composition,held_out_animal,gse140802_t2_t9_holdout_B3::heldout_animal_B3,20260919.0,tigon,see_method_status,sinkhorn_divergence,1.411134077109765,success,34.8315333999999,,,
GSE140802,B3_prospective_composition,population_future_state_composition,held_out_animal,gse140802_t2_t9_holdout_B3::heldout_animal_B3,20260920.0,tigon,see_method_status,sinkhorn_divergence,1.4169451291822586,success,34.792659299999286,,,
GSE140802,B3_prospective_composition,population_future_state_composition,held_out_animal,gse140802_t2_t9_holdout_B3::heldout_animal_B3,20260916.0,mioflow,see_method_status,sinkhorn_divergence,0.3628710608711901,success,12.764826900000116,,,
GSE140802,B3_prospective_composition,population_future_state_composition,held_out_animal,gse140802_t2_t9_holdout_B3::heldout_animal_B3,20260917.0,mioflow,see_method_status,sinkhorn_divergence,0.5725662188439201,success,10.196368300001268,,,
GSE140802,B3_prospective_composition,population_future_state_composition,held_out_animal,gse140802_t2_t9_holdout_B3::heldout_animal_B3,20260918.0,mioflow,see_method_status,sinkhorn_divergence,0.4763252957244984,success,12.860726999999317,,,
GSE140802,B3_prospective_composition,population_future_state_composition,held_out_animal,gse140802_t2_t9_holdout_B3::heldout_animal_B3,20260919.0,mioflow,see_method_status,sinkhorn_divergence,0.6138426406311196,success,11.956813599999805,,,
GSE140802,B3_prospective_composition,population_future_state_composition,held_out_animal,gse140802_t2_t9_holdout_B3::heldout_animal_B3,20260920.0,mioflow,see_method_status,sinkhorn_divergence,0.677216637303347,success,11.306239899999127,,,
GSE239651_expt2,B3_prospective_composition,population_future_state_composition,expt1_to_locked_expt2,gse239651_dmso_day3::DMSO,20260916.0,source-carry-forward,see_method_status,top1_accuracy,1.0,success,0.1561231999994561,,,
GSE239651_expt2,B3_prospective_composition,population_future_state_composition,expt1_to_locked_expt2,gse239651_dmso_day3::DMSO,20260916.0,development-target-transfer,see_method_status,top1_accuracy,0.0,success,0.1614518000005773,,,
GSE239651_expt2,B3_prospective_composition,population_future_state_composition,expt1_to_locked_expt2,gse239651_dmso_day3::DMSO,20260916.0,prescient,see_method_status,top1_accuracy,1.0,success,16.968943099999706,,,
GSE239651_expt2,B3_prospective_composition,population_future_state_composition,expt1_to_locked_expt2,gse239651_dmso_day3::DMSO,20260917.0,prescient,see_method_status,top1_accuracy,1.0,success,16.857099100000596,,,
GSE239651_expt2,B3_prospective_composition,population_future_state_composition,expt1_to_locked_expt2,gse239651_dmso_day3::DMSO,20260918.0,prescient,see_method_status,top1_accuracy,1.0,success,17.230403200000183,,,
GSE239651_expt2,B3_prospective_composition,population_future_state_composition,expt1_to_locked_expt2,gse239651_dmso_day3::DMSO,20260919.0,prescient,see_method_status,top1_accuracy,1.0,success,17.66758740000023,,,
GSE239651_expt2,B3_prospective_composition,population_future_state_composition,expt1_to_locked_expt2,gse239651_dmso_day3::DMSO,20260920.0,prescient,see_method_status,top1_accuracy,1.0,success,18.999660499999663,,,
GSE239651_expt2,B3_prospective_composition,population_future_state_composition,expt1_to_locked_expt2,gse239651_dmso_day3::DMSO,20260916.0,tigon,see_method_status,top1_accuracy,1.0,success,115.63007089999974,,,
GSE239651_expt2,B3_prospective_composition,population_future_state_composition,expt1_to_locked_expt2,gse239651_dmso_day3::DMSO,20260917.0,tigon,see_method_status,top1_accuracy,1.0,success,115.80890920000002,,,
GSE239651_expt2,B3_prospective_composition,population_future_state_composition,expt1_to_locked_expt2,gse239651_dmso_day3::DMSO,20260918.0,tigon,see_method_status,top1_accuracy,1.0,success,117.5844432999993,,,
GSE239651_expt2,B3_prospective_composition,population_future_state_composition,expt1_to_locked_expt2,gse239651_dmso_day3::DMSO,20260919.0,tigon,see_method_status,top1_accuracy,1.0,success,120.40731559999948,,,
GSE239651_expt2,B3_prospective_composition,population_future_state_composition,expt1_to_locked_expt2,gse239651_dmso_day3::DMSO,20260920.0,tigon,see_method_status,top1_accuracy,1.0,success,117.94565039999998,,,
GSE239651_expt2,B3_prospective_composition,population_future_state_composition,expt1_to_locked_expt2,gse239651_dmso_day3::DMSO,20260916.0,mioflow,see_method_status,top1_accuracy,1.0,success,14.598558699999558,,,
GSE239651_expt2,B3_prospective_composition,population_future_state_composition,expt1_to_locked_expt2,gse239651_dmso_day3::DMSO,20260917.0,mioflow,see_method_status,top1_accuracy,1.0,success,13.951207300000531,,,
GSE239651_expt2,B3_prospective_composition,population_future_state_composition,expt1_to_locked_expt2,gse239651_dmso_day3::DMSO,20260918.0,mioflow,see_method_status,top1_accuracy,1.0,success,12.65088199999991,,,
GSE239651_expt2,B3_prospective_composition,population_future_state_composition,expt1_to_locked_expt2,gse239651_dmso_day3::DMSO,20260919.0,mioflow,see_method_status,top1_accuracy,1.0,success,13.814521600000262,,,
GSE239651_expt2,B3_prospective_composition,population_future_state_composition,expt1_to_locked_expt2,gse239651_dmso_day3::DMSO,20260920.0,mioflow,see_method_status,top1_accuracy,1.0,success,12.666965100000198,,,
GSE239651_expt2,B3_prospective_composition,population_future_state_composition,expt1_to_locked_expt2,gse239651_dmso_day6::DMSO,20260916.0,source-carry-forward,see_method_status,top1_accuracy,1.0,success,0.1849554000000353,,,
GSE239651_expt2,B3_prospective_composition,population_future_state_composition,expt1_to_locked_expt2,gse239651_dmso_day6::DMSO,20260916.0,development-target-transfer,see_method_status,top1_accuracy,1.0,success,0.1975183000004108,,,
GSE239651_expt2,B3_prospective_composition,population_future_state_composition,expt1_to_locked_expt2,gse239651_dmso_day6::DMSO,20260916.0,prescient,see_method_status,top1_accuracy,1.0,success,18.23375170000054,,,
GSE239651_expt2,B3_prospective_composition,population_future_state_composition,expt1_to_locked_expt2,gse239651_dmso_day6::DMSO,20260917.0,prescient,see_method_status,top1_accuracy,1.0,success,17.320406599999842,,,
GSE239651_expt2,B3_prospective_composition,population_future_state_composition,expt1_to_locked_expt2,gse239651_dmso_day6::DMSO,20260918.0,prescient,see_method_status,top1_accuracy,1.0,success,17.21284259999993,,,
GSE239651_expt2,B3_prospective_composition,population_future_state_composition,expt1_to_locked_expt2,gse239651_dmso_day6::DMSO,20260919.0,prescient,see_method_status,top1_accuracy,1.0,success,17.633608499999355,,,
GSE239651_expt2,B3_prospective_composition,population_future_state_composition,expt1_to_locked_expt2,gse239651_dmso_day6::DMSO,20260920.0,prescient,see_method_status,top1_accuracy,1.0,success,17.563787300000513,,,
GSE239651_expt2,B3_prospective_composition,population_future_state_composition,expt1_to_locked_expt2,gse239651_dmso_day6::DMSO,20260916.0,tigon,see_method_status,top1_accuracy,1.0,success,121.35117600000012,,,
GSE239651_expt2,B3_prospective_composition,population_future_state_composition,expt1_to_locked_expt2,gse239651_dmso_day6::DMSO,20260917.0,tigon,see_method_status,top1_accuracy,1.0,success,116.50757129999964,,,
GSE239651_expt2,B3_prospective_composition,population_future_state_composition,expt1_to_locked_expt2,gse239651_dmso_day6::DMSO,20260918.0,tigon,see_method_status,top1_accuracy,1.0,success,107.0824107999997,,,
GSE239651_expt2,B3_prospective_composition,population_future_state_composition,expt1_to_locked_expt2,gse239651_dmso_day6::DMSO,20260919.0,tigon,see_method_status,top1_accuracy,1.0,success,106.08582360000035,,,
GSE239651_expt2,B3_prospective_composition,population_future_state_composition,expt1_to_locked_expt2,gse239651_dmso_day6::DMSO,20260920.0,tigon,see_method_status,top1_accuracy,1.0,success,110.6642585999998,,,
GSE239651_expt2,B3_prospective_composition,population_future_state_composition,expt1_to_locked_expt2,gse239651_dmso_day6::DMSO,20260916.0,mioflow,see_method_status,top1_accuracy,1.0,success,14.926148600000488,,,
GSE239651_expt2,B3_prospective_composition,population_future_state_composition,expt1_to_locked_expt2,gse239651_dmso_day6::DMSO,20260917.0,mioflow,see_method_status,top1_accuracy,1.0,success,14.69445739999992,,,
GSE239651_expt2,B3_prospective_composition,population_future_state_composition,expt1_to_locked_expt2,gse239651_dmso_day6::DMSO,20260918.0,mioflow,see_method_status,top1_accuracy,1.0,success,13.91017599999941,,,
GSE239651_expt2,B3_prospective_composition,population_future_state_composition,expt1_to_locked_expt2,gse239651_dmso_day6::DMSO,20260919.0,mioflow,see_method_status,top1_accuracy,1.0,success,14.022097099999884,,,
GSE239651_expt2,B3_prospective_composition,population_future_state_composition,expt1_to_locked_expt2,gse239651_dmso_day6::DMSO,20260920.0,mioflow,see_method_status,top1_accuracy,1.0,success,13.102705799999969,,,
GSE239651_expt2,B3_prospective_composition,population_future_state_composition,expt1_to_locked_expt2,gse239651_dmso_day69::DMSO,20260916.0,source-carry-forward,see_method_status,top1_accuracy,1.0,success,0.2196296000001893,,,
GSE239651_expt2,B3_prospective_composition,population_future_state_composition,expt1_to_locked_expt2,gse239651_dmso_day69::DMSO,20260916.0,development-target-transfer,see_method_status,top1_accuracy,1.0,success,0.1586776000003738,,,
GSE239651_expt2,B3_prospective_composition,population_future_state_composition,expt1_to_locked_expt2,gse239651_dmso_day69::DMSO,20260916.0,prescient,see_method_status,top1_accuracy,1.0,success,17.763366000000133,,,
GSE239651_expt2,B3_prospective_composition,population_future_state_composition,expt1_to_locked_expt2,gse239651_dmso_day69::DMSO,20260917.0,prescient,see_method_status,top1_accuracy,1.0,success,17.281015699999443,,,
GSE239651_expt2,B3_prospective_composition,population_future_state_composition,expt1_to_locked_expt2,gse239651_dmso_day69::DMSO,20260918.0,prescient,see_method_status,top1_accuracy,1.0,success,16.85154969999985,,,
GSE239651_expt2,B3_prospective_composition,population_future_state_composition,expt1_to_locked_expt2,gse239651_dmso_day69::DMSO,20260919.0,prescient,see_method_status,top1_accuracy,1.0,success,17.224731799999972,,,
GSE239651_expt2,B3_prospective_composition,population_future_state_composition,expt1_to_locked_expt2,gse239651_dmso_day69::DMSO,20260920.0,prescient,see_method_status,top1_accuracy,1.0,success,16.87041489999956,,,
GSE239651_expt2,B3_prospective_composition,population_future_state_composition,expt1_to_locked_expt2,gse239651_dmso_day69::DMSO,20260916.0,tigon,see_method_status,top1_accuracy,1.0,success,105.98453539999991,,,
GSE239651_expt2,B3_prospective_composition,population_future_state_composition,expt1_to_locked_expt2,gse239651_dmso_day69::DMSO,20260917.0,tigon,see_method_status,top1_accuracy,1.0,success,103.9811552000001,,,
GSE239651_expt2,B3_prospective_composition,population_future_state_composition,expt1_to_locked_expt2,gse239651_dmso_day69::DMSO,20260918.0,tigon,see_method_status,top1_accuracy,1.0,success,105.9265863999999,,,
GSE239651_expt2,B3_prospective_composition,population_future_state_composition,expt1_to_locked_expt2,gse239651_dmso_day69::DMSO,20260919.0,tigon,see_method_status,top1_accuracy,1.0,success,101.50770660000036,,,
GSE239651_expt2,B3_prospective_composition,population_future_state_composition,expt1_to_locked_expt2,gse239651_dmso_day69::DMSO,20260920.0,tigon,see_method_status,top1_accuracy,1.0,success,104.91881490000014,,,
GSE239651_expt2,B3_prospective_composition,population_future_state_composition,expt1_to_locked_expt2,gse239651_dmso_day69::DMSO,20260916.0,mioflow,see_method_status,top1_accuracy,1.0,success,14.52330400000028,,,
GSE239651_expt2,B3_prospective_composition,population_future_state_composition,expt1_to_locked_expt2,gse239651_dmso_day69::DMSO,20260917.0,mioflow,see_method_status,top1_accuracy,1.0,success,14.84278539999923,,,
GSE239651_expt2,B3_prospective_composition,population_future_state_composition,expt1_to_locked_expt2,gse239651_dmso_day69::DMSO,20260918.0,mioflow,see_method_status,top1_accuracy,1.0,success,13.503484500000011,,,
GSE239651_expt2,B3_prospective_composition,population_future_state_composition,expt1_to_locked_expt2,gse239651_dmso_day69::DMSO,20260919.0,mioflow,see_method_status,top1_accuracy,1.0,success,14.792220300000736,,,
GSE239651_expt2,B3_prospective_composition,population_future_state_composition,expt1_to_locked_expt2,gse239651_dmso_day69::DMSO,20260920.0,mioflow,see_method_status,top1_accuracy,1.0,success,13.586769199999251,,,
GSE239651_expt2,B3_prospective_composition,population_future_state_composition,expt1_to_locked_expt2,gse239651_dmso_day98::DMSO,20260916.0,source-carry-forward,see_method_status,top1_accuracy,1.0,success,0.2158336000002236,,,
GSE239651_expt2,B3_prospective_composition,population_future_state_composition,expt1_to_locked_expt2,gse239651_dmso_day98::DMSO,20260916.0,development-target-transfer,see_method_status,top1_accuracy,1.0,success,0.1661822000005486,,,
GSE239651_expt2,B3_prospective_composition,population_future_state_composition,expt1_to_locked_expt2,gse239651_dmso_day98::DMSO,20260916.0,prescient,see_method_status,top1_accuracy,1.0,success,18.396034000000327,,,
GSE239651_expt2,B3_prospective_composition,population_future_state_composition,expt1_to_locked_expt2,gse239651_dmso_day98::DMSO,20260917.0,prescient,see_method_status,top1_accuracy,1.0,success,17.86212599999999,,,
GSE239651_expt2,B3_prospective_composition,population_future_state_composition,expt1_to_locked_expt2,gse239651_dmso_day98::DMSO,20260918.0,prescient,see_method_status,top1_accuracy,1.0,success,17.750324900000123,,,
GSE239651_expt2,B3_prospective_composition,population_future_state_composition,expt1_to_locked_expt2,gse239651_dmso_day98::DMSO,20260919.0,prescient,see_method_status,top1_accuracy,1.0,success,17.46751789999962,,,
GSE239651_expt2,B3_prospective_composition,population_future_state_composition,expt1_to_locked_expt2,gse239651_dmso_day98::DMSO,20260920.0,prescient,see_method_status,top1_accuracy,1.0,success,17.304312700000082,,,
GSE239651_expt2,B3_prospective_composition,population_future_state_composition,expt1_to_locked_expt2,gse239651_dmso_day98::DMSO,20260916.0,tigon,see_method_status,top1_accuracy,1.0,success,122.23007440000038,,,
GSE239651_expt2,B3_prospective_composition,population_future_state_composition,expt1_to_locked_expt2,gse239651_dmso_day98::DMSO,20260917.0,tigon,see_method_status,top1_accuracy,1.0,success,133.0048740000002,,,
GSE239651_expt2,B3_prospective_composition,population_future_state_composition,expt1_to_locked_expt2,gse239651_dmso_day98::DMSO,20260918.0,tigon,see_method_status,top1_accuracy,1.0,success,133.1269975999994,,,
GSE239651_expt2,B3_prospective_composition,population_future_state_composition,expt1_to_locked_expt2,gse239651_dmso_day98::DMSO,20260919.0,tigon,see_method_status,top1_accuracy,1.0,success,133.16438820000076,,,
GSE239651_expt2,B3_prospective_composition,population_future_state_composition,expt1_to_locked_expt2,gse239651_dmso_day98::DMSO,20260920.0,tigon,see_method_status,top1_accuracy,1.0,success,134.2977045000007,,,
GSE239651_expt2,B3_prospective_composition,population_future_state_composition,expt1_to_locked_expt2,gse239651_dmso_day98::DMSO,20260916.0,mioflow,see_method_status,top1_accuracy,1.0,success,13.158562699999491,,,
GSE239651_expt2,B3_prospective_composition,population_future_state_composition,expt1_to_locked_expt2,gse239651_dmso_day98::DMSO,20260917.0,mioflow,see_method_status,top1_accuracy,1.0,success,14.319500599999628,,,
GSE239651_expt2,B3_prospective_composition,population_future_state_composition,expt1_to_locked_expt2,gse239651_dmso_day98::DMSO,20260918.0,mioflow,see_method_status,top1_accuracy,1.0,success,13.963670500000262,,,
GSE239651_expt2,B3_prospective_composition,population_future_state_composition,expt1_to_locked_expt2,gse239651_dmso_day98::DMSO,20260919.0,mioflow,see_method_status,top1_accuracy,1.0,success,14.330297299999984,,,
GSE239651_expt2,B3_prospective_composition,population_future_state_composition,expt1_to_locked_expt2,gse239651_dmso_day98::DMSO,20260920.0,mioflow,see_method_status,top1_accuracy,1.0,success,13.118254199999685,,,
GSE239651_expt2,B3_prospective_composition,population_future_state_composition,expt1_to_locked_expt2,gse239651_ispinesib_day3::ispinesib,20260916.0,source-carry-forward,see_method_status,top1_accuracy,1.0,success,0.2572759000004225,,,
GSE239651_expt2,B3_prospective_composition,population_future_state_composition,expt1_to_locked_expt2,gse239651_ispinesib_day3::ispinesib,20260916.0,development-target-transfer,see_method_status,top1_accuracy,1.0,success,0.1867031000001588,,,
GSE239651_expt2,B3_prospective_composition,population_future_state_composition,expt1_to_locked_expt2,gse239651_ispinesib_day3::ispinesib,20260916.0,prescient,see_method_status,top1_accuracy,1.0,success,22.08064430000013,,,
GSE239651_expt2,B3_prospective_composition,population_future_state_composition,expt1_to_locked_expt2,gse239651_ispinesib_day3::ispinesib,20260917.0,prescient,see_method_status,top1_accuracy,1.0,success,20.677488299999823,,,
GSE239651_expt2,B3_prospective_composition,population_future_state_composition,expt1_to_locked_expt2,gse239651_ispinesib_day3::ispinesib,20260918.0,prescient,see_method_status,top1_accuracy,1.0,success,20.723336900000504,,,
GSE239651_expt2,B3_prospective_composition,population_future_state_composition,expt1_to_locked_expt2,gse239651_ispinesib_day3::ispinesib,20260919.0,prescient,see_method_status,top1_accuracy,1.0,success,21.28973709999991,,,
GSE239651_expt2,B3_prospective_composition,population_future_state_composition,expt1_to_locked_expt2,gse239651_ispinesib_day3::ispinesib,20260920.0,prescient,see_method_status,top1_accuracy,1.0,success,21.415869599999496,,,
GSE239651_expt2,B3_prospective_composition,population_future_state_composition,expt1_to_locked_expt2,gse239651_ispinesib_day3::ispinesib,20260916.0,tigon,see_method_status,top1_accuracy,1.0,success,132.31578749999971,,,
GSE239651_expt2,B3_prospective_composition,population_future_state_composition,expt1_to_locked_expt2,gse239651_ispinesib_day3::ispinesib,20260917.0,tigon,see_method_status,top1_accuracy,1.0,success,130.98438579999856,,,
GSE239651_expt2,B3_prospective_composition,population_future_state_composition,expt1_to_locked_expt2,gse239651_ispinesib_day3::ispinesib,20260918.0,tigon,see_method_status,top1_accuracy,1.0,success,118.62514700000064,,,
GSE239651_expt2,B3_prospective_composition,population_future_state_composition,expt1_to_locked_expt2,gse239651_ispinesib_day3::ispinesib,20260919.0,tigon,see_method_status,top1_accuracy,1.0,success,111.87683459999973,,,
GSE239651_expt2,B3_prospective_composition,population_future_state_composition,expt1_to_locked_expt2,gse239651_ispinesib_day3::ispinesib,20260920.0,tigon,see_method_status,top1_accuracy,1.0,success,112.4667773000001,,,
GSE239651_expt2,B3_prospective_composition,population_future_state_composition,expt1_to_locked_expt2,gse239651_ispinesib_day3::ispinesib,20260916.0,mioflow,see_method_status,top1_accuracy,1.0,success,12.298813100000189,,,
GSE239651_expt2,B3_prospective_composition,population_future_state_composition,expt1_to_locked_expt2,gse239651_ispinesib_day3::ispinesib,20260917.0,mioflow,see_method_status,top1_accuracy,1.0,success,13.309447600000569,,,
GSE239651_expt2,B3_prospective_composition,population_future_state_composition,expt1_to_locked_expt2,gse239651_ispinesib_day3::ispinesib,20260918.0,mioflow,see_method_status,top1_accuracy,1.0,success,10.8384786000006,,,
GSE239651_expt2,B3_prospective_composition,population_future_state_composition,expt1_to_locked_expt2,gse239651_ispinesib_day3::ispinesib,20260919.0,mioflow,see_method_status,top1_accuracy,1.0,success,12.781641300000048,,,
GSE239651_expt2,B3_prospective_composition,population_future_state_composition,expt1_to_locked_expt2,gse239651_ispinesib_day3::ispinesib,20260920.0,mioflow,see_method_status,top1_accuracy,1.0,success,13.663610400000834,,,
GSE239651_expt2,B3_prospective_composition,population_future_state_composition,expt1_to_locked_expt2,gse239651_ispinesib_day6::ispinesib,20260916.0,source-carry-forward,see_method_status,top1_accuracy,1.0,success,0.2187656999994942,,,
GSE239651_expt2,B3_prospective_composition,population_future_state_composition,expt1_to_locked_expt2,gse239651_ispinesib_day6::ispinesib,20260916.0,development-target-transfer,see_method_status,top1_accuracy,1.0,success,0.1451276000007055,,,
GSE239651_expt2,B3_prospective_composition,population_future_state_composition,expt1_to_locked_expt2,gse239651_ispinesib_day6::ispinesib,20260916.0,prescient,see_method_status,top1_accuracy,1.0,success,17.542980799998986,,,
GSE239651_expt2,B3_prospective_composition,population_future_state_composition,expt1_to_locked_expt2,gse239651_ispinesib_day6::ispinesib,20260917.0,prescient,see_method_status,top1_accuracy,1.0,success,16.59724190000088,,,
GSE239651_expt2,B3_prospective_composition,population_future_state_composition,expt1_to_locked_expt2,gse239651_ispinesib_day6::ispinesib,20260918.0,prescient,see_method_status,top1_accuracy,1.0,success,17.076539499999853,,,
GSE239651_expt2,B3_prospective_composition,population_future_state_composition,expt1_to_locked_expt2,gse239651_ispinesib_day6::ispinesib,20260919.0,prescient,see_method_status,top1_accuracy,1.0,success,16.597240299999612,,,
GSE239651_expt2,B3_prospective_composition,population_future_state_composition,expt1_to_locked_expt2,gse239651_ispinesib_day6::ispinesib,20260920.0,prescient,see_method_status,top1_accuracy,1.0,success,17.31988039999851,,,
GSE239651_expt2,B3_prospective_composition,population_future_state_composition,expt1_to_locked_expt2,gse239651_ispinesib_day6::ispinesib,20260916.0,tigon,see_method_status,top1_accuracy,1.0,success,115.93260999999984,,,
GSE239651_expt2,B3_prospective_composition,population_future_state_composition,expt1_to_locked_expt2,gse239651_ispinesib_day6::ispinesib,20260917.0,tigon,see_method_status,top1_accuracy,1.0,success,112.2782141000007,,,
GSE239651_expt2,B3_prospective_composition,population_future_state_composition,expt1_to_locked_expt2,gse239651_ispinesib_day6::ispinesib,20260918.0,tigon,see_method_status,top1_accuracy,1.0,success,110.78718130000016,,,
GSE239651_expt2,B3_prospective_composition,population_future_state_composition,expt1_to_locked_expt2,gse239651_ispinesib_day6::ispinesib,20260919.0,tigon,see_method_status,top1_accuracy,1.0,success,112.84757480000007,,,
GSE239651_expt2,B3_prospective_composition,population_future_state_composition,expt1_to_locked_expt2,gse239651_ispinesib_day6::ispinesib,20260920.0,tigon,see_method_status,top1_accuracy,1.0,success,113.0381097999998,,,
GSE239651_expt2,B3_prospective_composition,population_future_state_composition,expt1_to_locked_expt2,gse239651_ispinesib_day6::ispinesib,20260916.0,mioflow,see_method_status,top1_accuracy,1.0,success,11.874877599999309,,,
GSE239651_expt2,B3_prospective_composition,population_future_state_composition,expt1_to_locked_expt2,gse239651_ispinesib_day6::ispinesib,20260917.0,mioflow,see_method_status,top1_accuracy,1.0,success,12.621181499998784,,,
GSE239651_expt2,B3_prospective_composition,population_future_state_composition,expt1_to_locked_expt2,gse239651_ispinesib_day6::ispinesib,20260918.0,mioflow,see_method_status,top1_accuracy,1.0,success,12.361971999998786,,,
GSE239651_expt2,B3_prospective_composition,population_future_state_composition,expt1_to_locked_expt2,gse239651_ispinesib_day6::ispinesib,20260919.0,mioflow,see_method_status,top1_accuracy,1.0,success,13.0319528,,,
GSE239651_expt2,B3_prospective_composition,population_future_state_composition,expt1_to_locked_expt2,gse239651_ispinesib_day6::ispinesib,20260920.0,mioflow,see_method_status,top1_accuracy,1.0,success,12.743641600000046,,,
GSE239651_expt2,B3_prospective_composition,population_future_state_composition,expt1_to_locked_expt2,gse239651_ispinesib_day69::ispinesib,20260916.0,source-carry-forward,see_method_status,top1_accuracy,1.0,success,0.2187080000003334,,,
GSE239651_expt2,B3_prospective_composition,population_future_state_composition,expt1_to_locked_expt2,gse239651_ispinesib_day69::ispinesib,20260916.0,development-target-transfer,see_method_status,top1_accuracy,1.0,success,0.167641399999411,,,
GSE239651_expt2,B3_prospective_composition,population_future_state_composition,expt1_to_locked_expt2,gse239651_ispinesib_day69::ispinesib,20260916.0,prescient,see_method_status,top1_accuracy,1.0,success,18.12783660000059,,,
GSE239651_expt2,B3_prospective_composition,population_future_state_composition,expt1_to_locked_expt2,gse239651_ispinesib_day69::ispinesib,20260917.0,prescient,see_method_status,top1_accuracy,1.0,success,17.08631940000123,,,
GSE239651_expt2,B3_prospective_composition,population_future_state_composition,expt1_to_locked_expt2,gse239651_ispinesib_day69::ispinesib,20260918.0,prescient,see_method_status,top1_accuracy,1.0,success,17.45098550000148,,,
GSE239651_expt2,B3_prospective_composition,population_future_state_composition,expt1_to_locked_expt2,gse239651_ispinesib_day69::ispinesib,20260919.0,prescient,see_method_status,top1_accuracy,1.0,success,17.094880399999965,,,
GSE239651_expt2,B3_prospective_composition,population_future_state_composition,expt1_to_locked_expt2,gse239651_ispinesib_day69::ispinesib,20260920.0,prescient,see_method_status,top1_accuracy,1.0,success,17.22556960000111,,,
GSE239651_expt2,B3_prospective_composition,population_future_state_composition,expt1_to_locked_expt2,gse239651_ispinesib_day69::ispinesib,20260916.0,tigon,see_method_status,top1_accuracy,1.0,success,113.43000900000152,,,
GSE239651_expt2,B3_prospective_composition,population_future_state_composition,expt1_to_locked_expt2,gse239651_ispinesib_day69::ispinesib,20260917.0,tigon,see_method_status,top1_accuracy,1.0,success,114.5526747999993,,,
GSE239651_expt2,B3_prospective_composition,population_future_state_composition,expt1_to_locked_expt2,gse239651_ispinesib_day69::ispinesib,20260918.0,tigon,see_method_status,top1_accuracy,1.0,success,116.72172610000052,,,
GSE239651_expt2,B3_prospective_composition,population_future_state_composition,expt1_to_locked_expt2,gse239651_ispinesib_day69::ispinesib,20260919.0,tigon,see_method_status,top1_accuracy,1.0,success,112.28214730000036,,,
GSE239651_expt2,B3_prospective_composition,population_future_state_composition,expt1_to_locked_expt2,gse239651_ispinesib_day69::ispinesib,20260920.0,tigon,see_method_status,top1_accuracy,1.0,success,112.40618619999988,,,
GSE239651_expt2,B3_prospective_composition,population_future_state_composition,expt1_to_locked_expt2,gse239651_ispinesib_day69::ispinesib,20260916.0,mioflow,see_method_status,top1_accuracy,1.0,success,13.13460490000034,,,
GSE239651_expt2,B3_prospective_composition,population_future_state_composition,expt1_to_locked_expt2,gse239651_ispinesib_day69::ispinesib,20260917.0,mioflow,see_method_status,top1_accuracy,1.0,success,13.319859400000496,,,
GSE239651_expt2,B3_prospective_composition,population_future_state_composition,expt1_to_locked_expt2,gse239651_ispinesib_day69::ispinesib,20260918.0,mioflow,see_method_status,top1_accuracy,1.0,success,13.1839473,,,
GSE239651_expt2,B3_prospective_composition,population_future_state_composition,expt1_to_locked_expt2,gse239651_ispinesib_day69::ispinesib,20260919.0,mioflow,see_method_status,top1_accuracy,1.0,success,12.159537500001534,,,
GSE239651_expt2,B3_prospective_composition,population_future_state_composition,expt1_to_locked_expt2,gse239651_ispinesib_day69::ispinesib,20260920.0,mioflow,see_method_status,top1_accuracy,1.0,success,12.749141899999811,,,
GSE239651_expt2,B3_prospective_composition,population_future_state_composition,expt1_to_locked_expt2,gse239651_ispinesib_day98::ispinesib,20260916.0,source-carry-forward,see_method_status,top1_accuracy,1.0,success,0.2183641999999963,,,
GSE239651_expt2,B3_prospective_composition,population_future_state_composition,expt1_to_locked_expt2,gse239651_ispinesib_day98::ispinesib,20260916.0,development-target-transfer,see_method_status,top1_accuracy,1.0,success,0.1554246000014245,,,
GSE239651_expt2,B3_prospective_composition,population_future_state_composition,expt1_to_locked_expt2,gse239651_ispinesib_day98::ispinesib,20260916.0,prescient,see_method_status,top1_accuracy,1.0,success,17.698182500000257,,,
GSE239651_expt2,B3_prospective_composition,population_future_state_composition,expt1_to_locked_expt2,gse239651_ispinesib_day98::ispinesib,20260917.0,prescient,see_method_status,top1_accuracy,1.0,success,16.309630499999912,,,
GSE239651_expt2,B3_prospective_composition,population_future_state_composition,expt1_to_locked_expt2,gse239651_ispinesib_day98::ispinesib,20260918.0,prescient,see_method_status,top1_accuracy,1.0,success,16.448863300000085,,,
GSE239651_expt2,B3_prospective_composition,population_future_state_composition,expt1_to_locked_expt2,gse239651_ispinesib_day98::ispinesib,20260919.0,prescient,see_method_status,top1_accuracy,1.0,success,16.350034600000072,,,
GSE239651_expt2,B3_prospective_composition,population_future_state_composition,expt1_to_locked_expt2,gse239651_ispinesib_day98::ispinesib,20260920.0,prescient,see_method_status,top1_accuracy,1.0,success,16.955900299999485,,,
GSE239651_expt2,B3_prospective_composition,population_future_state_composition,expt1_to_locked_expt2,gse239651_ispinesib_day98::ispinesib,20260916.0,tigon,see_method_status,top1_accuracy,1.0,success,111.89460319999851,,,
GSE239651_expt2,B3_prospective_composition,population_future_state_composition,expt1_to_locked_expt2,gse239651_ispinesib_day98::ispinesib,20260917.0,tigon,see_method_status,top1_accuracy,1.0,success,109.15929640000104,,,
GSE239651_expt2,B3_prospective_composition,population_future_state_composition,expt1_to_locked_expt2,gse239651_ispinesib_day98::ispinesib,20260918.0,tigon,see_method_status,top1_accuracy,1.0,success,109.93124539999916,,,
GSE239651_expt2,B3_prospective_composition,population_future_state_composition,expt1_to_locked_expt2,gse239651_ispinesib_day98::ispinesib,20260919.0,tigon,see_method_status,top1_accuracy,1.0,success,112.23595419999948,,,
GSE239651_expt2,B3_prospective_composition,population_future_state_composition,expt1_to_locked_expt2,gse239651_ispinesib_day98::ispinesib,20260920.0,tigon,see_method_status,top1_accuracy,1.0,success,113.44597980000071,,,
GSE239651_expt2,B3_prospective_composition,population_future_state_composition,expt1_to_locked_expt2,gse239651_ispinesib_day98::ispinesib,20260916.0,mioflow,see_method_status,top1_accuracy,1.0,success,12.829244099999414,,,
GSE239651_expt2,B3_prospective_composition,population_future_state_composition,expt1_to_locked_expt2,gse239651_ispinesib_day98::ispinesib,20260917.0,mioflow,see_method_status,top1_accuracy,1.0,success,11.73789880000004,,,
GSE239651_expt2,B3_prospective_composition,population_future_state_composition,expt1_to_locked_expt2,gse239651_ispinesib_day98::ispinesib,20260918.0,mioflow,see_method_status,top1_accuracy,1.0,success,11.17984780000006,,,
GSE239651_expt2,B3_prospective_composition,population_future_state_composition,expt1_to_locked_expt2,gse239651_ispinesib_day98::ispinesib,20260919.0,mioflow,see_method_status,top1_accuracy,1.0,success,12.00023929999952,,,
GSE239651_expt2,B3_prospective_composition,population_future_state_composition,expt1_to_locked_expt2,gse239651_ispinesib_day98::ispinesib,20260920.0,mioflow,see_method_status,top1_accuracy,1.0,success,10.802229799999624,,,
GSE140802,B3_prospective_composition,population_future_state_composition,held_out_animal,gse140802_t2_t16_holdout_A4::heldout_animal_A4,20260916.0,source-carry-forward,see_method_status,top1_accuracy,0.0,success,0.1700598000006721,,,
GSE140802,B3_prospective_composition,population_future_state_composition,held_out_animal,gse140802_t2_t16_holdout_A4::heldout_animal_A4,20260916.0,development-target-transfer,see_method_status,top1_accuracy,1.0,success,0.1493849999988015,,,
GSE140802,B3_prospective_composition,population_future_state_composition,held_out_animal,gse140802_t2_t16_holdout_A4::heldout_animal_A4,20260916.0,prescient,see_method_status,top1_accuracy,1.0,success,4.053417700000864,,,
GSE140802,B3_prospective_composition,population_future_state_composition,held_out_animal,gse140802_t2_t16_holdout_A4::heldout_animal_A4,20260917.0,prescient,see_method_status,top1_accuracy,1.0,success,3.204100699998889,,,
GSE140802,B3_prospective_composition,population_future_state_composition,held_out_animal,gse140802_t2_t16_holdout_A4::heldout_animal_A4,20260918.0,prescient,see_method_status,top1_accuracy,1.0,success,3.3533478999997897,,,
GSE140802,B3_prospective_composition,population_future_state_composition,held_out_animal,gse140802_t2_t16_holdout_A4::heldout_animal_A4,20260919.0,prescient,see_method_status,top1_accuracy,1.0,success,3.1164227000008395,,,
GSE140802,B3_prospective_composition,population_future_state_composition,held_out_animal,gse140802_t2_t16_holdout_A4::heldout_animal_A4,20260920.0,prescient,see_method_status,top1_accuracy,1.0,success,3.0896375000011176,,,
GSE140802,B3_prospective_composition,population_future_state_composition,held_out_animal,gse140802_t2_t16_holdout_A4::heldout_animal_A4,20260916.0,tigon,see_method_status,top1_accuracy,0.0,success,18.7477760999991,,,
GSE140802,B3_prospective_composition,population_future_state_composition,held_out_animal,gse140802_t2_t16_holdout_A4::heldout_animal_A4,20260917.0,tigon,see_method_status,top1_accuracy,0.0,success,18.90845099999933,,,
GSE140802,B3_prospective_composition,population_future_state_composition,held_out_animal,gse140802_t2_t16_holdout_A4::heldout_animal_A4,20260918.0,tigon,see_method_status,top1_accuracy,0.0,success,18.86250409999957,,,
GSE140802,B3_prospective_composition,population_future_state_composition,held_out_animal,gse140802_t2_t16_holdout_A4::heldout_animal_A4,20260919.0,tigon,see_method_status,top1_accuracy,0.0,success,18.556916100000308,,,
GSE140802,B3_prospective_composition,population_future_state_composition,held_out_animal,gse140802_t2_t16_holdout_A4::heldout_animal_A4,20260920.0,tigon,see_method_status,top1_accuracy,0.0,success,19.21572930000002,,,
GSE140802,B3_prospective_composition,population_future_state_composition,held_out_animal,gse140802_t2_t16_holdout_A4::heldout_animal_A4,20260916.0,mioflow,see_method_status,top1_accuracy,0.0,success,11.381618999999771,,,
GSE140802,B3_prospective_composition,population_future_state_composition,held_out_animal,gse140802_t2_t16_holdout_A4::heldout_animal_A4,20260917.0,mioflow,see_method_status,top1_accuracy,0.0,success,10.828887900001064,,,
GSE140802,B3_prospective_composition,population_future_state_composition,held_out_animal,gse140802_t2_t16_holdout_A4::heldout_animal_A4,20260918.0,mioflow,see_method_status,top1_accuracy,0.0,success,9.209258099999715,,,
GSE140802,B3_prospective_composition,population_future_state_composition,held_out_animal,gse140802_t2_t16_holdout_A4::heldout_animal_A4,20260919.0,mioflow,see_method_status,top1_accuracy,0.0,success,8.240687600000456,,,
GSE140802,B3_prospective_composition,population_future_state_composition,held_out_animal,gse140802_t2_t16_holdout_A4::heldout_animal_A4,20260920.0,mioflow,see_method_status,top1_accuracy,0.0,success,9.692493900000043,,,
GSE140802,B3_prospective_composition,population_future_state_composition,held_out_animal,gse140802_t2_t16_holdout_A5::heldout_animal_A5,20260916.0,source-carry-forward,see_method_status,top1_accuracy,0.0,success,0.2426227999985712,,,
GSE140802,B3_prospective_composition,population_future_state_composition,held_out_animal,gse140802_t2_t16_holdout_A5::heldout_animal_A5,20260916.0,development-target-transfer,see_method_status,top1_accuracy,0.0,success,0.1738934000004519,,,
GSE140802,B3_prospective_composition,population_future_state_composition,held_out_animal,gse140802_t2_t16_holdout_A5::heldout_animal_A5,20260916.0,prescient,see_method_status,top1_accuracy,0.0,success,4.5700616000012815,,,
GSE140802,B3_prospective_composition,population_future_state_composition,held_out_animal,gse140802_t2_t16_holdout_A5::heldout_animal_A5,20260917.0,prescient,see_method_status,top1_accuracy,0.0,success,3.3212940000012168,,,
GSE140802,B3_prospective_composition,population_future_state_composition,held_out_animal,gse140802_t2_t16_holdout_A5::heldout_animal_A5,20260918.0,prescient,see_method_status,top1_accuracy,0.0,success,3.447330699998929,,,
GSE140802,B3_prospective_composition,population_future_state_composition,held_out_animal,gse140802_t2_t16_holdout_A5::heldout_animal_A5,20260919.0,prescient,see_method_status,top1_accuracy,0.0,success,3.5357979999989766,,,
GSE140802,B3_prospective_composition,population_future_state_composition,held_out_animal,gse140802_t2_t16_holdout_A5::heldout_animal_A5,20260920.0,prescient,see_method_status,top1_accuracy,0.0,success,3.3114573000002565,,,
GSE140802,B3_prospective_composition,population_future_state_composition,held_out_animal,gse140802_t2_t16_holdout_A5::heldout_animal_A5,20260916.0,tigon,see_method_status,top1_accuracy,0.0,success,18.083980899999005,,,
GSE140802,B3_prospective_composition,population_future_state_composition,held_out_animal,gse140802_t2_t16_holdout_A5::heldout_animal_A5,20260917.0,tigon,see_method_status,top1_accuracy,0.0,success,17.243624500000806,,,
GSE140802,B3_prospective_composition,population_future_state_composition,held_out_animal,gse140802_t2_t16_holdout_A5::heldout_animal_A5,20260918.0,tigon,see_method_status,top1_accuracy,0.0,success,16.70138820000102,,,
GSE140802,B3_prospective_composition,population_future_state_composition,held_out_animal,gse140802_t2_t16_holdout_A5::heldout_animal_A5,20260919.0,tigon,see_method_status,top1_accuracy,0.0,success,16.343827699998656,,,
GSE140802,B3_prospective_composition,population_future_state_composition,held_out_animal,gse140802_t2_t16_holdout_A5::heldout_animal_A5,20260920.0,tigon,see_method_status,top1_accuracy,0.0,success,17.04764460000115,,,
GSE140802,B3_prospective_composition,population_future_state_composition,held_out_animal,gse140802_t2_t16_holdout_A5::heldout_animal_A5,20260916.0,mioflow,see_method_status,top1_accuracy,0.0,success,10.093173400000524,,,
GSE140802,B3_prospective_composition,population_future_state_composition,held_out_animal,gse140802_t2_t16_holdout_A5::heldout_animal_A5,20260917.0,mioflow,see_method_status,top1_accuracy,0.0,success,10.584232999999584,,,
GSE140802,B3_prospective_composition,population_future_state_composition,held_out_animal,gse140802_t2_t16_holdout_A5::heldout_animal_A5,20260918.0,mioflow,see_method_status,top1_accuracy,0.0,success,9.87224210000022,,,
GSE140802,B3_prospective_composition,population_future_state_composition,held_out_animal,gse140802_t2_t16_holdout_A5::heldout_animal_A5,20260919.0,mioflow,see_method_status,top1_accuracy,0.0,success,10.484369800000422,,,
GSE140802,B3_prospective_composition,population_future_state_composition,held_out_animal,gse140802_t2_t16_holdout_A5::heldout_animal_A5,20260920.0,mioflow,see_method_status,top1_accuracy,0.0,success,10.327723500000502,,,
GSE140802,B3_prospective_composition,population_future_state_composition,held_out_animal,gse140802_t2_t16_holdout_B4::heldout_animal_B4,20260916.0,source-carry-forward,see_method_status,top1_accuracy,0.0,success,0.2292116999997233,,,
GSE140802,B3_prospective_composition,population_future_state_composition,held_out_animal,gse140802_t2_t16_holdout_B4::heldout_animal_B4,20260916.0,development-target-transfer,see_method_status,top1_accuracy,1.0,success,0.1878577000006771,,,
GSE140802,B3_prospective_composition,population_future_state_composition,held_out_animal,gse140802_t2_t16_holdout_B4::heldout_animal_B4,20260916.0,prescient,see_method_status,top1_accuracy,1.0,success,4.257299099999727,,,
GSE140802,B3_prospective_composition,population_future_state_composition,held_out_animal,gse140802_t2_t16_holdout_B4::heldout_animal_B4,20260917.0,prescient,see_method_status,top1_accuracy,1.0,success,3.433584399999745,,,
GSE140802,B3_prospective_composition,population_future_state_composition,held_out_animal,gse140802_t2_t16_holdout_B4::heldout_animal_B4,20260918.0,prescient,see_method_status,top1_accuracy,1.0,success,3.293855899999471,,,
GSE140802,B3_prospective_composition,population_future_state_composition,held_out_animal,gse140802_t2_t16_holdout_B4::heldout_animal_B4,20260919.0,prescient,see_method_status,top1_accuracy,1.0,success,3.4075792000003275,,,
GSE140802,B3_prospective_composition,population_future_state_composition,held_out_animal,gse140802_t2_t16_holdout_B4::heldout_animal_B4,20260920.0,prescient,see_method_status,top1_accuracy,1.0,success,3.4460927000000083,,,
GSE140802,B3_prospective_composition,population_future_state_composition,held_out_animal,gse140802_t2_t16_holdout_B4::heldout_animal_B4,20260916.0,tigon,see_method_status,top1_accuracy,0.0,success,18.270538199998555,,,
GSE140802,B3_prospective_composition,population_future_state_composition,held_out_animal,gse140802_t2_t16_holdout_B4::heldout_animal_B4,20260917.0,tigon,see_method_status,top1_accuracy,0.0,success,18.67055160000018,,,
GSE140802,B3_prospective_composition,population_future_state_composition,held_out_animal,gse140802_t2_t16_holdout_B4::heldout_animal_B4,20260918.0,tigon,see_method_status,top1_accuracy,0.0,success,17.15463649999947,,,
GSE140802,B3_prospective_composition,population_future_state_composition,held_out_animal,gse140802_t2_t16_holdout_B4::heldout_animal_B4,20260919.0,tigon,see_method_status,top1_accuracy,0.0,success,18.24013940000077,,,
GSE140802,B3_prospective_composition,population_future_state_composition,held_out_animal,gse140802_t2_t16_holdout_B4::heldout_animal_B4,20260920.0,tigon,see_method_status,top1_accuracy,0.0,success,18.50993170000038,,,
GSE140802,B3_prospective_composition,population_future_state_composition,held_out_animal,gse140802_t2_t16_holdout_B4::heldout_animal_B4,20260916.0,mioflow,see_method_status,top1_accuracy,0.0,success,10.841824400000403,,,
GSE140802,B3_prospective_composition,population_future_state_composition,held_out_animal,gse140802_t2_t16_holdout_B4::heldout_animal_B4,20260917.0,mioflow,see_method_status,top1_accuracy,0.0,success,9.889872700001431,,,
GSE140802,B3_prospective_composition,population_future_state_composition,held_out_animal,gse140802_t2_t16_holdout_B4::heldout_animal_B4,20260918.0,mioflow,see_method_status,top1_accuracy,0.0,success,9.274696800001038,,,
GSE140802,B3_prospective_composition,population_future_state_composition,held_out_animal,gse140802_t2_t16_holdout_B4::heldout_animal_B4,20260919.0,mioflow,see_method_status,top1_accuracy,0.0,success,10.27010639999935,,,
GSE140802,B3_prospective_composition,population_future_state_composition,held_out_animal,gse140802_t2_t16_holdout_B4::heldout_animal_B4,20260920.0,mioflow,see_method_status,top1_accuracy,0.0,success,8.525537100000292,,,
GSE140802,B3_prospective_composition,population_future_state_composition,held_out_animal,gse140802_t2_t16_holdout_B5::heldout_animal_B5,20260916.0,source-carry-forward,see_method_status,top1_accuracy,0.0,success,0.2221160999997664,,,
GSE140802,B3_prospective_composition,population_future_state_composition,held_out_animal,gse140802_t2_t16_holdout_B5::heldout_animal_B5,20260916.0,development-target-transfer,see_method_status,top1_accuracy,1.0,success,0.1606494000006932,,,
GSE140802,B3_prospective_composition,population_future_state_composition,held_out_animal,gse140802_t2_t16_holdout_B5::heldout_animal_B5,20260916.0,prescient,see_method_status,top1_accuracy,1.0,success,3.99507579999954,,,
GSE140802,B3_prospective_composition,population_future_state_composition,held_out_animal,gse140802_t2_t16_holdout_B5::heldout_animal_B5,20260917.0,prescient,see_method_status,top1_accuracy,1.0,success,3.2548543000011705,,,
GSE140802,B3_prospective_composition,population_future_state_composition,held_out_animal,gse140802_t2_t16_holdout_B5::heldout_animal_B5,20260918.0,prescient,see_method_status,top1_accuracy,1.0,success,3.5004533999999694,,,
GSE140802,B3_prospective_composition,population_future_state_composition,held_out_animal,gse140802_t2_t16_holdout_B5::heldout_animal_B5,20260919.0,prescient,see_method_status,top1_accuracy,1.0,success,3.516241100000116,,,
GSE140802,B3_prospective_composition,population_future_state_composition,held_out_animal,gse140802_t2_t16_holdout_B5::heldout_animal_B5,20260920.0,prescient,see_method_status,top1_accuracy,1.0,success,3.2575082999992446,,,
GSE140802,B3_prospective_composition,population_future_state_composition,held_out_animal,gse140802_t2_t16_holdout_B5::heldout_animal_B5,20260916.0,tigon,see_method_status,top1_accuracy,0.0,success,16.593354099999488,,,
GSE140802,B3_prospective_composition,population_future_state_composition,held_out_animal,gse140802_t2_t16_holdout_B5::heldout_animal_B5,20260917.0,tigon,see_method_status,top1_accuracy,0.0,success,17.23571390000143,,,
GSE140802,B3_prospective_composition,population_future_state_composition,held_out_animal,gse140802_t2_t16_holdout_B5::heldout_animal_B5,20260918.0,tigon,see_method_status,top1_accuracy,0.0,success,15.609840099999928,,,
GSE140802,B3_prospective_composition,population_future_state_composition,held_out_animal,gse140802_t2_t16_holdout_B5::heldout_animal_B5,20260919.0,tigon,see_method_status,top1_accuracy,0.0,success,16.929675400000633,,,
GSE140802,B3_prospective_composition,population_future_state_composition,held_out_animal,gse140802_t2_t16_holdout_B5::heldout_animal_B5,20260920.0,tigon,see_method_status,top1_accuracy,0.0,success,16.818953899999542,,,
GSE140802,B3_prospective_composition,population_future_state_composition,held_out_animal,gse140802_t2_t16_holdout_B5::heldout_animal_B5,20260916.0,mioflow,see_method_status,top1_accuracy,0.0,success,12.640654699998777,,,
GSE140802,B3_prospective_composition,population_future_state_composition,held_out_animal,gse140802_t2_t16_holdout_B5::heldout_animal_B5,20260917.0,mioflow,see_method_status,top1_accuracy,0.0,success,10.670966799998496,,,
GSE140802,B3_prospective_composition,population_future_state_composition,held_out_animal,gse140802_t2_t16_holdout_B5::heldout_animal_B5,20260918.0,mioflow,see_method_status,top1_accuracy,0.0,success,12.243431499999131,,,
GSE140802,B3_prospective_composition,population_future_state_composition,held_out_animal,gse140802_t2_t16_holdout_B5::heldout_animal_B5,20260919.0,mioflow,see_method_status,top1_accuracy,0.0,success,11.23134349999964,,,
GSE140802,B3_prospective_composition,population_future_state_composition,held_out_animal,gse140802_t2_t16_holdout_B5::heldout_animal_B5,20260920.0,mioflow,see_method_status,top1_accuracy,0.0,success,9.15854279999985,,,
GSE140802,B3_prospective_composition,population_future_state_composition,held_out_animal,gse140802_t2_t9_holdout_A1::heldout_animal_A1,20260916.0,source-carry-forward,see_method_status,top1_accuracy,0.0,success,0.2186065000005328,,,
GSE140802,B3_prospective_composition,population_future_state_composition,held_out_animal,gse140802_t2_t9_holdout_A1::heldout_animal_A1,20260916.0,development-target-transfer,see_method_status,top1_accuracy,0.0,success,0.1584171000013157,,,
GSE140802,B3_prospective_composition,population_future_state_composition,held_out_animal,gse140802_t2_t9_holdout_A1::heldout_animal_A1,20260916.0,prescient,see_method_status,top1_accuracy,0.0,success,6.082265799999732,,,
GSE140802,B3_prospective_composition,population_future_state_composition,held_out_animal,gse140802_t2_t9_holdout_A1::heldout_animal_A1,20260917.0,prescient,see_method_status,top1_accuracy,0.0,success,4.650442899999689,,,
GSE140802,B3_prospective_composition,population_future_state_composition,held_out_animal,gse140802_t2_t9_holdout_A1::heldout_animal_A1,20260918.0,prescient,see_method_status,top1_accuracy,0.0,success,4.783161699999255,,,
GSE140802,B3_prospective_composition,population_future_state_composition,held_out_animal,gse140802_t2_t9_holdout_A1::heldout_animal_A1,20260919.0,prescient,see_method_status,top1_accuracy,0.0,success,4.6483391999991,,,
GSE140802,B3_prospective_composition,population_future_state_composition,held_out_animal,gse140802_t2_t9_holdout_A1::heldout_animal_A1,20260920.0,prescient,see_method_status,top1_accuracy,0.0,success,4.753589799998736,,,
GSE140802,B3_prospective_composition,population_future_state_composition,held_out_animal,gse140802_t2_t9_holdout_A1::heldout_animal_A1,20260916.0,tigon,see_method_status,top1_accuracy,0.0,success,35.19958609999958,,,
GSE140802,B3_prospective_composition,population_future_state_composition,held_out_animal,gse140802_t2_t9_holdout_A1::heldout_animal_A1,20260917.0,tigon,see_method_status,top1_accuracy,0.0,success,35.73301150000043,,,
GSE140802,B3_prospective_composition,population_future_state_composition,held_out_animal,gse140802_t2_t9_holdout_A1::heldout_animal_A1,20260918.0,tigon,see_method_status,top1_accuracy,0.0,success,34.27448600000025,,,
GSE140802,B3_prospective_composition,population_future_state_composition,held_out_animal,gse140802_t2_t9_holdout_A1::heldout_animal_A1,20260919.0,tigon,see_method_status,top1_accuracy,0.0,success,34.57905799999935,,,
GSE140802,B3_prospective_composition,population_future_state_composition,held_out_animal,gse140802_t2_t9_holdout_A1::heldout_animal_A1,20260920.0,tigon,see_method_status,top1_accuracy,0.0,success,35.60164129999976,,,
GSE140802,B3_prospective_composition,population_future_state_composition,held_out_animal,gse140802_t2_t9_holdout_A1::heldout_animal_A1,20260916.0,mioflow,see_method_status,top1_accuracy,0.0,success,13.377239100000224,,,
GSE140802,B3_prospective_composition,population_future_state_composition,held_out_animal,gse140802_t2_t9_holdout_A1::heldout_animal_A1,20260917.0,mioflow,see_method_status,top1_accuracy,0.0,success,12.320767999999587,,,
GSE140802,B3_prospective_composition,population_future_state_composition,held_out_animal,gse140802_t2_t9_holdout_A1::heldout_animal_A1,20260918.0,mioflow,see_method_status,top1_accuracy,0.0,success,11.287288700001229,,,
GSE140802,B3_prospective_composition,population_future_state_composition,held_out_animal,gse140802_t2_t9_holdout_A1::heldout_animal_A1,20260919.0,mioflow,see_method_status,top1_accuracy,0.0,success,12.021956800001137,,,
GSE140802,B3_prospective_composition,population_future_state_composition,held_out_animal,gse140802_t2_t9_holdout_A1::heldout_animal_A1,20260920.0,mioflow,see_method_status,top1_accuracy,0.0,success,11.787559000000329,,,
GSE140802,B3_prospective_composition,population_future_state_composition,held_out_animal,gse140802_t2_t9_holdout_A2::heldout_animal_A2,20260916.0,source-carry-forward,see_method_status,top1_accuracy,0.0,success,0.2386432999992394,,,
GSE140802,B3_prospective_composition,population_future_state_composition,held_out_animal,gse140802_t2_t9_holdout_A2::heldout_animal_A2,20260916.0,development-target-transfer,see_method_status,top1_accuracy,1.0,success,0.1566253999990294,,,
GSE140802,B3_prospective_composition,population_future_state_composition,held_out_animal,gse140802_t2_t9_holdout_A2::heldout_animal_A2,20260916.0,prescient,see_method_status,top1_accuracy,1.0,success,4.972166300000026,,,
GSE140802,B3_prospective_composition,population_future_state_composition,held_out_animal,gse140802_t2_t9_holdout_A2::heldout_animal_A2,20260917.0,prescient,see_method_status,top1_accuracy,1.0,success,3.842328200000338,,,
GSE140802,B3_prospective_composition,population_future_state_composition,held_out_animal,gse140802_t2_t9_holdout_A2::heldout_animal_A2,20260918.0,prescient,see_method_status,top1_accuracy,1.0,success,4.119202800000494,,,
GSE140802,B3_prospective_composition,population_future_state_composition,held_out_animal,gse140802_t2_t9_holdout_A2::heldout_animal_A2,20260919.0,prescient,see_method_status,top1_accuracy,1.0,success,3.81281620000118,,,
GSE140802,B3_prospective_composition,population_future_state_composition,held_out_animal,gse140802_t2_t9_holdout_A2::heldout_animal_A2,20260920.0,prescient,see_method_status,top1_accuracy,1.0,success,3.738774900000863,,,
GSE140802,B3_prospective_composition,population_future_state_composition,held_out_animal,gse140802_t2_t9_holdout_A2::heldout_animal_A2,20260916.0,tigon,see_method_status,top1_accuracy,0.0,success,28.64675840000018,,,
GSE140802,B3_prospective_composition,population_future_state_composition,held_out_animal,gse140802_t2_t9_holdout_A2::heldout_animal_A2,20260917.0,tigon,see_method_status,top1_accuracy,0.0,success,28.38912030000029,,,
GSE140802,B3_prospective_composition,population_future_state_composition,held_out_animal,gse140802_t2_t9_holdout_A2::heldout_animal_A2,20260918.0,tigon,see_method_status,top1_accuracy,0.0,success,28.875523199998497,,,
GSE140802,B3_prospective_composition,population_future_state_composition,held_out_animal,gse140802_t2_t9_holdout_A2::heldout_animal_A2,20260919.0,tigon,see_method_status,top1_accuracy,0.0,success,28.72528229999989,,,
GSE140802,B3_prospective_composition,population_future_state_composition,held_out_animal,gse140802_t2_t9_holdout_A2::heldout_animal_A2,20260920.0,tigon,see_method_status,top1_accuracy,0.0,success,29.20851380000022,,,
GSE140802,B3_prospective_composition,population_future_state_composition,held_out_animal,gse140802_t2_t9_holdout_A2::heldout_animal_A2,20260916.0,mioflow,see_method_status,top1_accuracy,0.0,success,12.12737290000041,,,
GSE140802,B3_prospective_composition,population_future_state_composition,held_out_animal,gse140802_t2_t9_holdout_A2::heldout_animal_A2,20260917.0,mioflow,see_method_status,top1_accuracy,0.0,success,10.070772400000353,,,
GSE140802,B3_prospective_composition,population_future_state_composition,held_out_animal,gse140802_t2_t9_holdout_A2::heldout_animal_A2,20260918.0,mioflow,see_method_status,top1_accuracy,0.0,success,11.219067100000755,,,
GSE140802,B3_prospective_composition,population_future_state_composition,held_out_animal,gse140802_t2_t9_holdout_A2::heldout_animal_A2,20260919.0,mioflow,see_method_status,top1_accuracy,0.0,success,11.366179100001318,,,
GSE140802,B3_prospective_composition,population_future_state_composition,held_out_animal,gse140802_t2_t9_holdout_A2::heldout_animal_A2,20260920.0,mioflow,see_method_status,top1_accuracy,0.0,success,9.137043200000337,,,
GSE140802,B3_prospective_composition,population_future_state_composition,held_out_animal,gse140802_t2_t9_holdout_A3::heldout_animal_A3,20260916.0,source-carry-forward,see_method_status,top1_accuracy,0.0,success,0.2116293000017322,,,
GSE140802,B3_prospective_composition,population_future_state_composition,held_out_animal,gse140802_t2_t9_holdout_A3::heldout_animal_A3,20260916.0,development-target-transfer,see_method_status,top1_accuracy,1.0,success,0.1445597000001726,,,
GSE140802,B3_prospective_composition,population_future_state_composition,held_out_animal,gse140802_t2_t9_holdout_A3::heldout_animal_A3,20260916.0,prescient,see_method_status,top1_accuracy,1.0,success,5.939865999998801,,,
GSE140802,B3_prospective_composition,population_future_state_composition,held_out_animal,gse140802_t2_t9_holdout_A3::heldout_animal_A3,20260917.0,prescient,see_method_status,top1_accuracy,1.0,success,4.551500900000974,,,
GSE140802,B3_prospective_composition,population_future_state_composition,held_out_animal,gse140802_t2_t9_holdout_A3::heldout_animal_A3,20260918.0,prescient,see_method_status,top1_accuracy,1.0,success,4.758961400000771,,,
GSE140802,B3_prospective_composition,population_future_state_composition,held_out_animal,gse140802_t2_t9_holdout_A3::heldout_animal_A3,20260919.0,prescient,see_method_status,top1_accuracy,1.0,success,4.833847699999751,,,
GSE140802,B3_prospective_composition,population_future_state_composition,held_out_animal,gse140802_t2_t9_holdout_A3::heldout_animal_A3,20260920.0,prescient,see_method_status,top1_accuracy,1.0,success,4.673117500000444,,,
GSE140802,B3_prospective_composition,population_future_state_composition,held_out_animal,gse140802_t2_t9_holdout_A3::heldout_animal_A3,20260916.0,tigon,see_method_status,top1_accuracy,0.0,success,35.041050100000575,,,
GSE140802,B3_prospective_composition,population_future_state_composition,held_out_animal,gse140802_t2_t9_holdout_A3::heldout_animal_A3,20260917.0,tigon,see_method_status,top1_accuracy,0.0,success,35.58157460000075,,,
GSE140802,B3_prospective_composition,population_future_state_composition,held_out_animal,gse140802_t2_t9_holdout_A3::heldout_animal_A3,20260918.0,tigon,see_method_status,top1_accuracy,0.0,success,34.25661670000045,,,
GSE140802,B3_prospective_composition,population_future_state_composition,held_out_animal,gse140802_t2_t9_holdout_A3::heldout_animal_A3,20260919.0,tigon,see_method_status,top1_accuracy,0.0,success,34.176104100000885,,,
GSE140802,B3_prospective_composition,population_future_state_composition,held_out_animal,gse140802_t2_t9_holdout_A3::heldout_animal_A3,20260920.0,tigon,see_method_status,top1_accuracy,0.0,success,35.86829039999975,,,
GSE140802,B3_prospective_composition,population_future_state_composition,held_out_animal,gse140802_t2_t9_holdout_A3::heldout_animal_A3,20260916.0,mioflow,see_method_status,top1_accuracy,0.0,success,13.791628000000856,,,
GSE140802,B3_prospective_composition,population_future_state_composition,held_out_animal,gse140802_t2_t9_holdout_A3::heldout_animal_A3,20260917.0,mioflow,see_method_status,top1_accuracy,0.0,success,12.229715900000883,,,
GSE140802,B3_prospective_composition,population_future_state_composition,held_out_animal,gse140802_t2_t9_holdout_A3::heldout_animal_A3,20260918.0,mioflow,see_method_status,top1_accuracy,0.0,success,11.05017670000052,,,
GSE140802,B3_prospective_composition,population_future_state_composition,held_out_animal,gse140802_t2_t9_holdout_A3::heldout_animal_A3,20260919.0,mioflow,see_method_status,top1_accuracy,0.0,success,13.881138999999166,,,
GSE140802,B3_prospective_composition,population_future_state_composition,held_out_animal,gse140802_t2_t9_holdout_A3::heldout_animal_A3,20260920.0,mioflow,see_method_status,top1_accuracy,0.0,success,11.94272550000096,,,
GSE140802,B3_prospective_composition,population_future_state_composition,held_out_animal,gse140802_t2_t9_holdout_B1::heldout_animal_B1,20260916.0,source-carry-forward,see_method_status,top1_accuracy,0.0,success,0.2309928000013315,,,
GSE140802,B3_prospective_composition,population_future_state_composition,held_out_animal,gse140802_t2_t9_holdout_B1::heldout_animal_B1,20260916.0,development-target-transfer,see_method_status,top1_accuracy,1.0,success,0.1843263000009756,,,
GSE140802,B3_prospective_composition,population_future_state_composition,held_out_animal,gse140802_t2_t9_holdout_B1::heldout_animal_B1,20260916.0,prescient,see_method_status,top1_accuracy,1.0,success,5.552295299999969,,,
GSE140802,B3_prospective_composition,population_future_state_composition,held_out_animal,gse140802_t2_t9_holdout_B1::heldout_animal_B1,20260917.0,prescient,see_method_status,top1_accuracy,1.0,success,4.847299600000042,,,
GSE140802,B3_prospective_composition,population_future_state_composition,held_out_animal,gse140802_t2_t9_holdout_B1::heldout_animal_B1,20260918.0,prescient,see_method_status,top1_accuracy,1.0,success,4.970558700000765,,,
GSE140802,B3_prospective_composition,population_future_state_composition,held_out_animal,gse140802_t2_t9_holdout_B1::heldout_animal_B1,20260919.0,prescient,see_method_status,top1_accuracy,1.0,success,4.4982584999997925,,,
GSE140802,B3_prospective_composition,population_future_state_composition,held_out_animal,gse140802_t2_t9_holdout_B1::heldout_animal_B1,20260920.0,prescient,see_method_status,top1_accuracy,1.0,success,4.594531699998697,,,
GSE140802,B3_prospective_composition,population_future_state_composition,held_out_animal,gse140802_t2_t9_holdout_B1::heldout_animal_B1,20260916.0,tigon,see_method_status,top1_accuracy,0.0,success,33.22356929999842,,,
GSE140802,B3_prospective_composition,population_future_state_composition,held_out_animal,gse140802_t2_t9_holdout_B1::heldout_animal_B1,20260917.0,tigon,see_method_status,top1_accuracy,0.0,success,33.27631409999958,,,
GSE140802,B3_prospective_composition,population_future_state_composition,held_out_animal,gse140802_t2_t9_holdout_B1::heldout_animal_B1,20260918.0,tigon,see_method_status,top1_accuracy,0.0,success,33.15298780000012,,,
GSE140802,B3_prospective_composition,population_future_state_composition,held_out_animal,gse140802_t2_t9_holdout_B1::heldout_animal_B1,20260919.0,tigon,see_method_status,top1_accuracy,0.0,success,33.69306250000045,,,
GSE140802,B3_prospective_composition,population_future_state_composition,held_out_animal,gse140802_t2_t9_holdout_B1::heldout_animal_B1,20260920.0,tigon,see_method_status,top1_accuracy,0.0,success,34.06901469999866,,,
GSE140802,B3_prospective_composition,population_future_state_composition,held_out_animal,gse140802_t2_t9_holdout_B1::heldout_animal_B1,20260916.0,mioflow,see_method_status,top1_accuracy,0.0,success,13.191303499999776,,,
GSE140802,B3_prospective_composition,population_future_state_composition,held_out_animal,gse140802_t2_t9_holdout_B1::heldout_animal_B1,20260917.0,mioflow,see_method_status,top1_accuracy,0.0,success,10.363531999999395,,,
GSE140802,B3_prospective_composition,population_future_state_composition,held_out_animal,gse140802_t2_t9_holdout_B1::heldout_animal_B1,20260918.0,mioflow,see_method_status,top1_accuracy,0.0,success,13.302652300000773,,,
GSE140802,B3_prospective_composition,population_future_state_composition,held_out_animal,gse140802_t2_t9_holdout_B1::heldout_animal_B1,20260919.0,mioflow,see_method_status,top1_accuracy,0.0,success,12.217151799999556,,,
GSE140802,B3_prospective_composition,population_future_state_composition,held_out_animal,gse140802_t2_t9_holdout_B1::heldout_animal_B1,20260920.0,mioflow,see_method_status,top1_accuracy,0.0,success,10.476480999999694,,,
GSE140802,B3_prospective_composition,population_future_state_composition,held_out_animal,gse140802_t2_t9_holdout_B2::heldout_animal_B2,20260916.0,source-carry-forward,see_method_status,top1_accuracy,0.0,success,0.2897888000006787,,,
GSE140802,B3_prospective_composition,population_future_state_composition,held_out_animal,gse140802_t2_t9_holdout_B2::heldout_animal_B2,20260916.0,development-target-transfer,see_method_status,top1_accuracy,1.0,success,0.1819457000001421,,,
GSE140802,B3_prospective_composition,population_future_state_composition,held_out_animal,gse140802_t2_t9_holdout_B2::heldout_animal_B2,20260916.0,prescient,see_method_status,top1_accuracy,1.0,success,5.467017599999963,,,
GSE140802,B3_prospective_composition,population_future_state_composition,held_out_animal,gse140802_t2_t9_holdout_B2::heldout_animal_B2,20260917.0,prescient,see_method_status,top1_accuracy,1.0,success,4.698739200001,,,
GSE140802,B3_prospective_composition,population_future_state_composition,held_out_animal,gse140802_t2_t9_holdout_B2::heldout_animal_B2,20260918.0,prescient,see_method_status,top1_accuracy,1.0,success,4.595043199999054,,,
GSE140802,B3_prospective_composition,population_future_state_composition,held_out_animal,gse140802_t2_t9_holdout_B2::heldout_animal_B2,20260919.0,prescient,see_method_status,top1_accuracy,1.0,success,4.621019300000626,,,
GSE140802,B3_prospective_composition,population_future_state_composition,held_out_animal,gse140802_t2_t9_holdout_B2::heldout_animal_B2,20260920.0,prescient,see_method_status,top1_accuracy,1.0,success,4.688922999999704,,,
GSE140802,B3_prospective_composition,population_future_state_composition,held_out_animal,gse140802_t2_t9_holdout_B2::heldout_animal_B2,20260916.0,tigon,see_method_status,top1_accuracy,0.0,success,35.26367279999977,,,
GSE140802,B3_prospective_composition,population_future_state_composition,held_out_animal,gse140802_t2_t9_holdout_B2::heldout_animal_B2,20260917.0,tigon,see_method_status,top1_accuracy,0.0,success,34.13817350000136,,,
GSE140802,B3_prospective_composition,population_future_state_composition,held_out_animal,gse140802_t2_t9_holdout_B2::heldout_animal_B2,20260918.0,tigon,see_method_status,top1_accuracy,0.0,success,33.405341800000315,,,
GSE140802,B3_prospective_composition,population_future_state_composition,held_out_animal,gse140802_t2_t9_holdout_B2::heldout_animal_B2,20260919.0,tigon,see_method_status,top1_accuracy,0.0,success,33.09283400000095,,,
GSE140802,B3_prospective_composition,population_future_state_composition,held_out_animal,gse140802_t2_t9_holdout_B2::heldout_animal_B2,20260920.0,tigon,see_method_status,top1_accuracy,0.0,success,33.8409458999995,,,
GSE140802,B3_prospective_composition,population_future_state_composition,held_out_animal,gse140802_t2_t9_holdout_B2::heldout_animal_B2,20260916.0,mioflow,see_method_status,top1_accuracy,0.0,success,14.824461000000156,,,
GSE140802,B3_prospective_composition,population_future_state_composition,held_out_animal,gse140802_t2_t9_holdout_B2::heldout_animal_B2,20260917.0,mioflow,see_method_status,top1_accuracy,0.0,success,12.637680699999692,,,
GSE140802,B3_prospective_composition,population_future_state_composition,held_out_animal,gse140802_t2_t9_holdout_B2::heldout_animal_B2,20260918.0,mioflow,see_method_status,top1_accuracy,0.0,success,11.214854900001228,,,
GSE140802,B3_prospective_composition,population_future_state_composition,held_out_animal,gse140802_t2_t9_holdout_B2::heldout_animal_B2,20260919.0,mioflow,see_method_status,top1_accuracy,0.0,success,12.83930209999926,,,
GSE140802,B3_prospective_composition,population_future_state_composition,held_out_animal,gse140802_t2_t9_holdout_B2::heldout_animal_B2,20260920.0,mioflow,see_method_status,top1_accuracy,0.0,success,12.024557300001106,,,
GSE140802,B3_prospective_composition,population_future_state_composition,held_out_animal,gse140802_t2_t9_holdout_B3::heldout_animal_B3,20260916.0,source-carry-forward,see_method_status,top1_accuracy,1.0,success,0.2153218000003107,,,
GSE140802,B3_prospective_composition,population_future_state_composition,held_out_animal,gse140802_t2_t9_holdout_B3::heldout_animal_B3,20260916.0,development-target-transfer,see_method_status,top1_accuracy,0.0,success,0.1918287999997119,,,
GSE140802,B3_prospective_composition,population_future_state_composition,held_out_animal,gse140802_t2_t9_holdout_B3::heldout_animal_B3,20260916.0,prescient,see_method_status,top1_accuracy,0.0,success,5.576064099999712,,,
GSE140802,B3_prospective_composition,population_future_state_composition,held_out_animal,gse140802_t2_t9_holdout_B3::heldout_animal_B3,20260917.0,prescient,see_method_status,top1_accuracy,0.0,success,4.809393899999122,,,
GSE140802,B3_prospective_composition,population_future_state_composition,held_out_animal,gse140802_t2_t9_holdout_B3::heldout_animal_B3,20260918.0,prescient,see_method_status,top1_accuracy,0.0,success,4.4938695000000735,,,
GSE140802,B3_prospective_composition,population_future_state_composition,held_out_animal,gse140802_t2_t9_holdout_B3::heldout_animal_B3,20260919.0,prescient,see_method_status,top1_accuracy,0.0,success,4.501582599999892,,,
GSE140802,B3_prospective_composition,population_future_state_composition,held_out_animal,gse140802_t2_t9_holdout_B3::heldout_animal_B3,20260920.0,prescient,see_method_status,top1_accuracy,0.0,success,4.37952100000075,,,
GSE140802,B3_prospective_composition,population_future_state_composition,held_out_animal,gse140802_t2_t9_holdout_B3::heldout_animal_B3,20260916.0,tigon,see_method_status,top1_accuracy,1.0,success,33.34541990000071,,,
GSE140802,B3_prospective_composition,population_future_state_composition,held_out_animal,gse140802_t2_t9_holdout_B3::heldout_animal_B3,20260917.0,tigon,see_method_status,top1_accuracy,1.0,success,34.24396390000038,,,
GSE140802,B3_prospective_composition,population_future_state_composition,held_out_animal,gse140802_t2_t9_holdout_B3::heldout_animal_B3,20260918.0,tigon,see_method_status,top1_accuracy,1.0,success,34.28840390000005,,,
GSE140802,B3_prospective_composition,population_future_state_composition,held_out_animal,gse140802_t2_t9_holdout_B3::heldout_animal_B3,20260919.0,tigon,see_method_status,top1_accuracy,1.0,success,34.8315333999999,,,
GSE140802,B3_prospective_composition,population_future_state_composition,held_out_animal,gse140802_t2_t9_holdout_B3::heldout_animal_B3,20260920.0,tigon,see_method_status,top1_accuracy,1.0,success,34.792659299999286,,,
GSE140802,B3_prospective_composition,population_future_state_composition,held_out_animal,gse140802_t2_t9_holdout_B3::heldout_animal_B3,20260916.0,mioflow,see_method_status,top1_accuracy,1.0,success,12.764826900000116,,,
GSE140802,B3_prospective_composition,population_future_state_composition,held_out_animal,gse140802_t2_t9_holdout_B3::heldout_animal_B3,20260917.0,mioflow,see_method_status,top1_accuracy,1.0,success,10.196368300001268,,,
GSE140802,B3_prospective_composition,population_future_state_composition,held_out_animal,gse140802_t2_t9_holdout_B3::heldout_animal_B3,20260918.0,mioflow,see_method_status,top1_accuracy,1.0,success,12.860726999999317,,,
GSE140802,B3_prospective_composition,population_future_state_composition,held_out_animal,gse140802_t2_t9_holdout_B3::heldout_animal_B3,20260919.0,mioflow,see_method_status,top1_accuracy,1.0,success,11.956813599999805,,,
GSE140802,B3_prospective_composition,population_future_state_composition,held_out_animal,gse140802_t2_t9_holdout_B3::heldout_animal_B3,20260920.0,mioflow,see_method_status,top1_accuracy,1.0,success,11.306239899999127,,,
GSE239651_expt2,B3_prospective_composition,population_future_state_composition,expt1_to_locked_expt2,gse239651_dmso_day3::DMSO,20260916.0,source-carry-forward,see_method_status,multiclass_brier,0.0011126460665103,success,0.1561231999994561,,,
GSE239651_expt2,B3_prospective_composition,population_future_state_composition,expt1_to_locked_expt2,gse239651_dmso_day3::DMSO,20260916.0,development-target-transfer,see_method_status,multiclass_brier,0.0054947247353515,success,0.1614518000005773,,,
GSE239651_expt2,B3_prospective_composition,population_future_state_composition,expt1_to_locked_expt2,gse239651_dmso_day3::DMSO,20260916.0,prescient,see_method_status,multiclass_brier,0.002259532277463,success,16.968943099999706,,,
GSE239651_expt2,B3_prospective_composition,population_future_state_composition,expt1_to_locked_expt2,gse239651_dmso_day3::DMSO,20260917.0,prescient,see_method_status,multiclass_brier,0.0025637870877154,success,16.857099100000596,,,
GSE239651_expt2,B3_prospective_composition,population_future_state_composition,expt1_to_locked_expt2,gse239651_dmso_day3::DMSO,20260918.0,prescient,see_method_status,multiclass_brier,0.0023029091613764,success,17.230403200000183,,,
GSE239651_expt2,B3_prospective_composition,population_future_state_composition,expt1_to_locked_expt2,gse239651_dmso_day3::DMSO,20260919.0,prescient,see_method_status,multiclass_brier,0.0025739836546477,success,17.66758740000023,,,
GSE239651_expt2,B3_prospective_composition,population_future_state_composition,expt1_to_locked_expt2,gse239651_dmso_day3::DMSO,20260920.0,prescient,see_method_status,multiclass_brier,0.0025929635205282,success,18.999660499999663,,,
GSE239651_expt2,B3_prospective_composition,population_future_state_composition,expt1_to_locked_expt2,gse239651_dmso_day3::DMSO,20260916.0,tigon,see_method_status,multiclass_brier,0.0009111063496398,success,115.63007089999974,,,
GSE239651_expt2,B3_prospective_composition,population_future_state_composition,expt1_to_locked_expt2,gse239651_dmso_day3::DMSO,20260917.0,tigon,see_method_status,multiclass_brier,0.0009260749834626,success,115.80890920000002,,,
GSE239651_expt2,B3_prospective_composition,population_future_state_composition,expt1_to_locked_expt2,gse239651_dmso_day3::DMSO,20260918.0,tigon,see_method_status,multiclass_brier,0.0008980462270904,success,117.5844432999993,,,
GSE239651_expt2,B3_prospective_composition,population_future_state_composition,expt1_to_locked_expt2,gse239651_dmso_day3::DMSO,20260919.0,tigon,see_method_status,multiclass_brier,0.000844339914709,success,120.40731559999948,,,
GSE239651_expt2,B3_prospective_composition,population_future_state_composition,expt1_to_locked_expt2,gse239651_dmso_day3::DMSO,20260920.0,tigon,see_method_status,multiclass_brier,0.0009432315189906,success,117.94565039999998,,,
GSE239651_expt2,B3_prospective_composition,population_future_state_composition,expt1_to_locked_expt2,gse239651_dmso_day3::DMSO,20260916.0,mioflow,see_method_status,multiclass_brier,0.0035618650299663,success,14.598558699999558,,,
GSE239651_expt2,B3_prospective_composition,population_future_state_composition,expt1_to_locked_expt2,gse239651_dmso_day3::DMSO,20260917.0,mioflow,see_method_status,multiclass_brier,0.0036466455617465,success,13.951207300000531,,,
GSE239651_expt2,B3_prospective_composition,population_future_state_composition,expt1_to_locked_expt2,gse239651_dmso_day3::DMSO,20260918.0,mioflow,see_method_status,multiclass_brier,0.0030228590675321,success,12.65088199999991,,,
GSE239651_expt2,B3_prospective_composition,population_future_state_composition,expt1_to_locked_expt2,gse239651_dmso_day3::DMSO,20260919.0,mioflow,see_method_status,multiclass_brier,0.0028224297216845,success,13.814521600000262,,,
GSE239651_expt2,B3_prospective_composition,population_future_state_composition,expt1_to_locked_expt2,gse239651_dmso_day3::DMSO,20260920.0,mioflow,see_method_status,multiclass_brier,0.0026561374181277,success,12.666965100000198,,,
GSE239651_expt2,B3_prospective_composition,population_future_state_composition,expt1_to_locked_expt2,gse239651_dmso_day6::DMSO,20260916.0,source-carry-forward,see_method_status,multiclass_brier,0.0541439647402735,success,0.1849554000000353,,,
GSE239651_expt2,B3_prospective_composition,population_future_state_composition,expt1_to_locked_expt2,gse239651_dmso_day6::DMSO,20260916.0,development-target-transfer,see_method_status,multiclass_brier,0.0054901443327234,success,0.1975183000004108,,,
GSE239651_expt2,B3_prospective_composition,population_future_state_composition,expt1_to_locked_expt2,gse239651_dmso_day6::DMSO,20260916.0,prescient,see_method_status,multiclass_brier,0.0236788267797141,success,18.23375170000054,,,
GSE239651_expt2,B3_prospective_composition,population_future_state_composition,expt1_to_locked_expt2,gse239651_dmso_day6::DMSO,20260917.0,prescient,see_method_status,multiclass_brier,0.0234920286573976,success,17.320406599999842,,,
GSE239651_expt2,B3_prospective_composition,population_future_state_composition,expt1_to_locked_expt2,gse239651_dmso_day6::DMSO,20260918.0,prescient,see_method_status,multiclass_brier,0.0239262161997716,success,17.21284259999993,,,
GSE239651_expt2,B3_prospective_composition,population_future_state_composition,expt1_to_locked_expt2,gse239651_dmso_day6::DMSO,20260919.0,prescient,see_method_status,multiclass_brier,0.0225947070426399,success,17.633608499999355,,,
GSE239651_expt2,B3_prospective_composition,population_future_state_composition,expt1_to_locked_expt2,gse239651_dmso_day6::DMSO,20260920.0,prescient,see_method_status,multiclass_brier,0.0232885959366488,success,17.563787300000513,,,
GSE239651_expt2,B3_prospective_composition,population_future_state_composition,expt1_to_locked_expt2,gse239651_dmso_day6::DMSO,20260916.0,tigon,see_method_status,multiclass_brier,0.0531086120818408,success,121.35117600000012,,,
GSE239651_expt2,B3_prospective_composition,population_future_state_composition,expt1_to_locked_expt2,gse239651_dmso_day6::DMSO,20260917.0,tigon,see_method_status,multiclass_brier,0.0529785973105019,success,116.50757129999964,,,
GSE239651_expt2,B3_prospective_composition,population_future_state_composition,expt1_to_locked_expt2,gse239651_dmso_day6::DMSO,20260918.0,tigon,see_method_status,multiclass_brier,0.0529438574794169,success,107.0824107999997,,,
GSE239651_expt2,B3_prospective_composition,population_future_state_composition,expt1_to_locked_expt2,gse239651_dmso_day6::DMSO,20260919.0,tigon,see_method_status,multiclass_brier,0.0522938501118152,success,106.08582360000035,,,
GSE239651_expt2,B3_prospective_composition,population_future_state_composition,expt1_to_locked_expt2,gse239651_dmso_day6::DMSO,20260920.0,tigon,see_method_status,multiclass_brier,0.0535257944262386,success,110.6642585999998,,,
GSE239651_expt2,B3_prospective_composition,population_future_state_composition,expt1_to_locked_expt2,gse239651_dmso_day6::DMSO,20260916.0,mioflow,see_method_status,multiclass_brier,0.0096100424902748,success,14.926148600000488,,,
GSE239651_expt2,B3_prospective_composition,population_future_state_composition,expt1_to_locked_expt2,gse239651_dmso_day6::DMSO,20260917.0,mioflow,see_method_status,multiclass_brier,0.0018909468706494,success,14.69445739999992,,,
GSE239651_expt2,B3_prospective_composition,population_future_state_composition,expt1_to_locked_expt2,gse239651_dmso_day6::DMSO,20260918.0,mioflow,see_method_status,multiclass_brier,0.0070663822641806,success,13.91017599999941,,,
GSE239651_expt2,B3_prospective_composition,population_future_state_composition,expt1_to_locked_expt2,gse239651_dmso_day6::DMSO,20260919.0,mioflow,see_method_status,multiclass_brier,0.0026068460292203,success,14.022097099999884,,,
GSE239651_expt2,B3_prospective_composition,population_future_state_composition,expt1_to_locked_expt2,gse239651_dmso_day6::DMSO,20260920.0,mioflow,see_method_status,multiclass_brier,0.0073075947151736,success,13.102705799999969,,,
GSE239651_expt2,B3_prospective_composition,population_future_state_composition,expt1_to_locked_expt2,gse239651_dmso_day69::DMSO,20260916.0,source-carry-forward,see_method_status,multiclass_brier,0.204327930688437,success,0.2196296000001893,,,
GSE239651_expt2,B3_prospective_composition,population_future_state_composition,expt1_to_locked_expt2,gse239651_dmso_day69::DMSO,20260916.0,development-target-transfer,see_method_status,multiclass_brier,0.0511871607876314,success,0.1586776000003738,,,
GSE239651_expt2,B3_prospective_composition,population_future_state_composition,expt1_to_locked_expt2,gse239651_dmso_day69::DMSO,20260916.0,prescient,see_method_status,multiclass_brier,0.1581866743059591,success,17.763366000000133,,,
GSE239651_expt2,B3_prospective_composition,population_future_state_composition,expt1_to_locked_expt2,gse239651_dmso_day69::DMSO,20260917.0,prescient,see_method_status,multiclass_brier,0.1563726637811303,success,17.281015699999443,,,
GSE239651_expt2,B3_prospective_composition,population_future_state_composition,expt1_to_locked_expt2,gse239651_dmso_day69::DMSO,20260918.0,prescient,see_method_status,multiclass_brier,0.158810373192059,success,16.85154969999985,,,
GSE239651_expt2,B3_prospective_composition,population_future_state_composition,expt1_to_locked_expt2,gse239651_dmso_day69::DMSO,20260919.0,prescient,see_method_status,multiclass_brier,0.1561260197453837,success,17.224731799999972,,,
GSE239651_expt2,B3_prospective_composition,population_future_state_composition,expt1_to_locked_expt2,gse239651_dmso_day69::DMSO,20260920.0,prescient,see_method_status,multiclass_brier,0.1551669661087373,success,16.87041489999956,,,
GSE239651_expt2,B3_prospective_composition,population_future_state_composition,expt1_to_locked_expt2,gse239651_dmso_day69::DMSO,20260916.0,tigon,see_method_status,multiclass_brier,0.2037178663332163,success,105.98453539999991,,,
GSE239651_expt2,B3_prospective_composition,population_future_state_composition,expt1_to_locked_expt2,gse239651_dmso_day69::DMSO,20260917.0,tigon,see_method_status,multiclass_brier,0.2022733186015859,success,103.9811552000001,,,
GSE239651_expt2,B3_prospective_composition,population_future_state_composition,expt1_to_locked_expt2,gse239651_dmso_day69::DMSO,20260918.0,tigon,see_method_status,multiclass_brier,0.2023411864973956,success,105.9265863999999,,,
GSE239651_expt2,B3_prospective_composition,population_future_state_composition,expt1_to_locked_expt2,gse239651_dmso_day69::DMSO,20260919.0,tigon,see_method_status,multiclass_brier,0.2012983182587824,success,101.50770660000036,,,
GSE239651_expt2,B3_prospective_composition,population_future_state_composition,expt1_to_locked_expt2,gse239651_dmso_day69::DMSO,20260920.0,tigon,see_method_status,multiclass_brier,0.2038049525123659,success,104.91881490000014,,,
GSE239651_expt2,B3_prospective_composition,population_future_state_composition,expt1_to_locked_expt2,gse239651_dmso_day69::DMSO,20260916.0,mioflow,see_method_status,multiclass_brier,0.0524870644686214,success,14.52330400000028,,,
GSE239651_expt2,B3_prospective_composition,population_future_state_composition,expt1_to_locked_expt2,gse239651_dmso_day69::DMSO,20260917.0,mioflow,see_method_status,multiclass_brier,0.1043293802992651,success,14.84278539999923,,,
GSE239651_expt2,B3_prospective_composition,population_future_state_composition,expt1_to_locked_expt2,gse239651_dmso_day69::DMSO,20260918.0,mioflow,see_method_status,multiclass_brier,0.0621905161892407,success,13.503484500000011,,,
GSE239651_expt2,B3_prospective_composition,population_future_state_composition,expt1_to_locked_expt2,gse239651_dmso_day69::DMSO,20260919.0,mioflow,see_method_status,multiclass_brier,0.0783023425354155,success,14.792220300000736,,,
GSE239651_expt2,B3_prospective_composition,population_future_state_composition,expt1_to_locked_expt2,gse239651_dmso_day69::DMSO,20260920.0,mioflow,see_method_status,multiclass_brier,0.0921960856769879,success,13.586769199999251,,,
GSE239651_expt2,B3_prospective_composition,population_future_state_composition,expt1_to_locked_expt2,gse239651_dmso_day98::DMSO,20260916.0,source-carry-forward,see_method_status,multiclass_brier,0.0368181356973505,success,0.2158336000002236,,,
GSE239651_expt2,B3_prospective_composition,population_future_state_composition,expt1_to_locked_expt2,gse239651_dmso_day98::DMSO,20260916.0,development-target-transfer,see_method_status,multiclass_brier,0.0171207989199834,success,0.1661822000005486,,,
GSE239651_expt2,B3_prospective_composition,population_future_state_composition,expt1_to_locked_expt2,gse239651_dmso_day98::DMSO,20260916.0,prescient,see_method_status,multiclass_brier,0.0315977588730373,success,18.396034000000327,,,
GSE239651_expt2,B3_prospective_composition,population_future_state_composition,expt1_to_locked_expt2,gse239651_dmso_day98::DMSO,20260917.0,prescient,see_method_status,multiclass_brier,0.0312851102595558,success,17.86212599999999,,,
GSE239651_expt2,B3_prospective_composition,population_future_state_composition,expt1_to_locked_expt2,gse239651_dmso_day98::DMSO,20260918.0,prescient,see_method_status,multiclass_brier,0.0314164566454223,success,17.750324900000123,,,
GSE239651_expt2,B3_prospective_composition,population_future_state_composition,expt1_to_locked_expt2,gse239651_dmso_day98::DMSO,20260919.0,prescient,see_method_status,multiclass_brier,0.03004070313915,success,17.46751789999962,,,
GSE239651_expt2,B3_prospective_composition,population_future_state_composition,expt1_to_locked_expt2,gse239651_dmso_day98::DMSO,20260920.0,prescient,see_method_status,multiclass_brier,0.0304758743485865,success,17.304312700000082,,,
GSE239651_expt2,B3_prospective_composition,population_future_state_composition,expt1_to_locked_expt2,gse239651_dmso_day98::DMSO,20260916.0,tigon,see_method_status,multiclass_brier,0.0353309034699373,success,122.23007440000038,,,
GSE239651_expt2,B3_prospective_composition,population_future_state_composition,expt1_to_locked_expt2,gse239651_dmso_day98::DMSO,20260917.0,tigon,see_method_status,multiclass_brier,0.0357923499122602,success,133.0048740000002,,,
GSE239651_expt2,B3_prospective_composition,population_future_state_composition,expt1_to_locked_expt2,gse239651_dmso_day98::DMSO,20260918.0,tigon,see_method_status,multiclass_brier,0.0360235961008311,success,133.1269975999994,,,
GSE239651_expt2,B3_prospective_composition,population_future_state_composition,expt1_to_locked_expt2,gse239651_dmso_day98::DMSO,20260919.0,tigon,see_method_status,multiclass_brier,0.0358262459225888,success,133.16438820000076,,,
GSE239651_expt2,B3_prospective_composition,population_future_state_composition,expt1_to_locked_expt2,gse239651_dmso_day98::DMSO,20260920.0,tigon,see_method_status,multiclass_brier,0.0362147925663268,success,134.2977045000007,,,
GSE239651_expt2,B3_prospective_composition,population_future_state_composition,expt1_to_locked_expt2,gse239651_dmso_day98::DMSO,20260916.0,mioflow,see_method_status,multiclass_brier,0.0069152953159737,success,13.158562699999491,,,
GSE239651_expt2,B3_prospective_composition,population_future_state_composition,expt1_to_locked_expt2,gse239651_dmso_day98::DMSO,20260917.0,mioflow,see_method_status,multiclass_brier,0.0117659649590919,success,14.319500599999628,,,
GSE239651_expt2,B3_prospective_composition,population_future_state_composition,expt1_to_locked_expt2,gse239651_dmso_day98::DMSO,20260918.0,mioflow,see_method_status,multiclass_brier,0.0074036866807733,success,13.963670500000262,,,
GSE239651_expt2,B3_prospective_composition,population_future_state_composition,expt1_to_locked_expt2,gse239651_dmso_day98::DMSO,20260919.0,mioflow,see_method_status,multiclass_brier,0.012077768709125,success,14.330297299999984,,,
GSE239651_expt2,B3_prospective_composition,population_future_state_composition,expt1_to_locked_expt2,gse239651_dmso_day98::DMSO,20260920.0,mioflow,see_method_status,multiclass_brier,0.0121024439555332,success,13.118254199999685,,,
GSE239651_expt2,B3_prospective_composition,population_future_state_composition,expt1_to_locked_expt2,gse239651_ispinesib_day3::ispinesib,20260916.0,source-carry-forward,see_method_status,multiclass_brier,0.2276792778685996,success,0.2572759000004225,,,
GSE239651_expt2,B3_prospective_composition,population_future_state_composition,expt1_to_locked_expt2,gse239651_ispinesib_day3::ispinesib,20260916.0,development-target-transfer,see_method_status,multiclass_brier,0.0119143028967951,success,0.1867031000001588,,,
GSE239651_expt2,B3_prospective_composition,population_future_state_composition,expt1_to_locked_expt2,gse239651_ispinesib_day3::ispinesib,20260916.0,prescient,see_method_status,multiclass_brier,0.1142115091429974,success,22.08064430000013,,,
GSE239651_expt2,B3_prospective_composition,population_future_state_composition,expt1_to_locked_expt2,gse239651_ispinesib_day3::ispinesib,20260917.0,prescient,see_method_status,multiclass_brier,0.1153732353946578,success,20.677488299999823,,,
GSE239651_expt2,B3_prospective_composition,population_future_state_composition,expt1_to_locked_expt2,gse239651_ispinesib_day3::ispinesib,20260918.0,prescient,see_method_status,multiclass_brier,0.1207365137813238,success,20.723336900000504,,,
GSE239651_expt2,B3_prospective_composition,population_future_state_composition,expt1_to_locked_expt2,gse239651_ispinesib_day3::ispinesib,20260919.0,prescient,see_method_status,multiclass_brier,0.1177723787320185,success,21.28973709999991,,,
GSE239651_expt2,B3_prospective_composition,population_future_state_composition,expt1_to_locked_expt2,gse239651_ispinesib_day3::ispinesib,20260920.0,prescient,see_method_status,multiclass_brier,0.1161076948481532,success,21.415869599999496,,,
GSE239651_expt2,B3_prospective_composition,population_future_state_composition,expt1_to_locked_expt2,gse239651_ispinesib_day3::ispinesib,20260916.0,tigon,see_method_status,multiclass_brier,0.2283620194775748,success,132.31578749999971,,,
GSE239651_expt2,B3_prospective_composition,population_future_state_composition,expt1_to_locked_expt2,gse239651_ispinesib_day3::ispinesib,20260917.0,tigon,see_method_status,multiclass_brier,0.2273348367522623,success,130.98438579999856,,,
GSE239651_expt2,B3_prospective_composition,population_future_state_composition,expt1_to_locked_expt2,gse239651_ispinesib_day3::ispinesib,20260918.0,tigon,see_method_status,multiclass_brier,0.226674613483055,success,118.62514700000064,,,
GSE239651_expt2,B3_prospective_composition,population_future_state_composition,expt1_to_locked_expt2,gse239651_ispinesib_day3::ispinesib,20260919.0,tigon,see_method_status,multiclass_brier,0.2255436710835624,success,111.87683459999973,,,
GSE239651_expt2,B3_prospective_composition,population_future_state_composition,expt1_to_locked_expt2,gse239651_ispinesib_day3::ispinesib,20260920.0,tigon,see_method_status,multiclass_brier,0.2267839093546517,success,112.4667773000001,,,
GSE239651_expt2,B3_prospective_composition,population_future_state_composition,expt1_to_locked_expt2,gse239651_ispinesib_day3::ispinesib,20260916.0,mioflow,see_method_status,multiclass_brier,0.0075947681013464,success,12.298813100000189,,,
GSE239651_expt2,B3_prospective_composition,population_future_state_composition,expt1_to_locked_expt2,gse239651_ispinesib_day3::ispinesib,20260917.0,mioflow,see_method_status,multiclass_brier,0.0701236964656074,success,13.309447600000569,,,
GSE239651_expt2,B3_prospective_composition,population_future_state_composition,expt1_to_locked_expt2,gse239651_ispinesib_day3::ispinesib,20260918.0,mioflow,see_method_status,multiclass_brier,0.0082475853419296,success,10.8384786000006,,,
GSE239651_expt2,B3_prospective_composition,population_future_state_composition,expt1_to_locked_expt2,gse239651_ispinesib_day3::ispinesib,20260919.0,mioflow,see_method_status,multiclass_brier,0.0476370069849326,success,12.781641300000048,,,
GSE239651_expt2,B3_prospective_composition,population_future_state_composition,expt1_to_locked_expt2,gse239651_ispinesib_day3::ispinesib,20260920.0,mioflow,see_method_status,multiclass_brier,0.096945366375192,success,13.663610400000834,,,
GSE239651_expt2,B3_prospective_composition,population_future_state_composition,expt1_to_locked_expt2,gse239651_ispinesib_day6::ispinesib,20260916.0,source-carry-forward,see_method_status,multiclass_brier,0.1832575668179687,success,0.2187656999994942,,,
GSE239651_expt2,B3_prospective_composition,population_future_state_composition,expt1_to_locked_expt2,gse239651_ispinesib_day6::ispinesib,20260916.0,development-target-transfer,see_method_status,multiclass_brier,0.0121673024362299,success,0.1451276000007055,,,
GSE239651_expt2,B3_prospective_composition,population_future_state_composition,expt1_to_locked_expt2,gse239651_ispinesib_day6::ispinesib,20260916.0,prescient,see_method_status,multiclass_brier,0.0322746577400538,success,17.542980799998986,,,
GSE239651_expt2,B3_prospective_composition,population_future_state_composition,expt1_to_locked_expt2,gse239651_ispinesib_day6::ispinesib,20260917.0,prescient,see_method_status,multiclass_brier,0.0330876395291671,success,16.59724190000088,,,
GSE239651_expt2,B3_prospective_composition,population_future_state_composition,expt1_to_locked_expt2,gse239651_ispinesib_day6::ispinesib,20260918.0,prescient,see_method_status,multiclass_brier,0.0372840890555846,success,17.076539499999853,,,
GSE239651_expt2,B3_prospective_composition,population_future_state_composition,expt1_to_locked_expt2,gse239651_ispinesib_day6::ispinesib,20260919.0,prescient,see_method_status,multiclass_brier,0.0345374304861293,success,16.597240299999612,,,
GSE239651_expt2,B3_prospective_composition,population_future_state_composition,expt1_to_locked_expt2,gse239651_ispinesib_day6::ispinesib,20260920.0,prescient,see_method_status,multiclass_brier,0.0311386536751697,success,17.31988039999851,,,
GSE239651_expt2,B3_prospective_composition,population_future_state_composition,expt1_to_locked_expt2,gse239651_ispinesib_day6::ispinesib,20260916.0,tigon,see_method_status,multiclass_brier,0.182396281366485,success,115.93260999999984,,,
GSE239651_expt2,B3_prospective_composition,population_future_state_composition,expt1_to_locked_expt2,gse239651_ispinesib_day6::ispinesib,20260917.0,tigon,see_method_status,multiclass_brier,0.1809077940640159,success,112.2782141000007,,,
GSE239651_expt2,B3_prospective_composition,population_future_state_composition,expt1_to_locked_expt2,gse239651_ispinesib_day6::ispinesib,20260918.0,tigon,see_method_status,multiclass_brier,0.1813708677561772,success,110.78718130000016,,,
GSE239651_expt2,B3_prospective_composition,population_future_state_composition,expt1_to_locked_expt2,gse239651_ispinesib_day6::ispinesib,20260919.0,tigon,see_method_status,multiclass_brier,0.1807549237304095,success,112.84757480000007,,,
GSE239651_expt2,B3_prospective_composition,population_future_state_composition,expt1_to_locked_expt2,gse239651_ispinesib_day6::ispinesib,20260920.0,tigon,see_method_status,multiclass_brier,0.181845240028914,success,113.0381097999998,,,
GSE239651_expt2,B3_prospective_composition,population_future_state_composition,expt1_to_locked_expt2,gse239651_ispinesib_day6::ispinesib,20260916.0,mioflow,see_method_status,multiclass_brier,0.0091723678281701,success,11.874877599999309,,,
GSE239651_expt2,B3_prospective_composition,population_future_state_composition,expt1_to_locked_expt2,gse239651_ispinesib_day6::ispinesib,20260917.0,mioflow,see_method_status,multiclass_brier,0.0497540484850227,success,12.621181499998784,,,
GSE239651_expt2,B3_prospective_composition,population_future_state_composition,expt1_to_locked_expt2,gse239651_ispinesib_day6::ispinesib,20260918.0,mioflow,see_method_status,multiclass_brier,0.0090627826090539,success,12.361971999998786,,,
GSE239651_expt2,B3_prospective_composition,population_future_state_composition,expt1_to_locked_expt2,gse239651_ispinesib_day6::ispinesib,20260919.0,mioflow,see_method_status,multiclass_brier,0.0258024275076997,success,13.0319528,,,
GSE239651_expt2,B3_prospective_composition,population_future_state_composition,expt1_to_locked_expt2,gse239651_ispinesib_day6::ispinesib,20260920.0,mioflow,see_method_status,multiclass_brier,0.0730777422116582,success,12.743641600000046,,,
GSE239651_expt2,B3_prospective_composition,population_future_state_composition,expt1_to_locked_expt2,gse239651_ispinesib_day69::ispinesib,20260916.0,source-carry-forward,see_method_status,multiclass_brier,0.1658227600582185,success,0.2187080000003334,,,
GSE239651_expt2,B3_prospective_composition,population_future_state_composition,expt1_to_locked_expt2,gse239651_ispinesib_day69::ispinesib,20260916.0,development-target-transfer,see_method_status,multiclass_brier,0.0312449371789714,success,0.167641399999411,,,
GSE239651_expt2,B3_prospective_composition,population_future_state_composition,expt1_to_locked_expt2,gse239651_ispinesib_day69::ispinesib,20260916.0,prescient,see_method_status,multiclass_brier,0.1026108735479904,success,18.12783660000059,,,
GSE239651_expt2,B3_prospective_composition,population_future_state_composition,expt1_to_locked_expt2,gse239651_ispinesib_day69::ispinesib,20260917.0,prescient,see_method_status,multiclass_brier,0.1027363287824218,success,17.08631940000123,,,
GSE239651_expt2,B3_prospective_composition,population_future_state_composition,expt1_to_locked_expt2,gse239651_ispinesib_day69::ispinesib,20260918.0,prescient,see_method_status,multiclass_brier,0.1040987694361634,success,17.45098550000148,,,
GSE239651_expt2,B3_prospective_composition,population_future_state_composition,expt1_to_locked_expt2,gse239651_ispinesib_day69::ispinesib,20260919.0,prescient,see_method_status,multiclass_brier,0.1036513048308584,success,17.094880399999965,,,
GSE239651_expt2,B3_prospective_composition,population_future_state_composition,expt1_to_locked_expt2,gse239651_ispinesib_day69::ispinesib,20260920.0,prescient,see_method_status,multiclass_brier,0.1020899895367715,success,17.22556960000111,,,
GSE239651_expt2,B3_prospective_composition,population_future_state_composition,expt1_to_locked_expt2,gse239651_ispinesib_day69::ispinesib,20260916.0,tigon,see_method_status,multiclass_brier,0.1645149216598599,success,113.43000900000152,,,
GSE239651_expt2,B3_prospective_composition,population_future_state_composition,expt1_to_locked_expt2,gse239651_ispinesib_day69::ispinesib,20260917.0,tigon,see_method_status,multiclass_brier,0.1638850120326528,success,114.5526747999993,,,
GSE239651_expt2,B3_prospective_composition,population_future_state_composition,expt1_to_locked_expt2,gse239651_ispinesib_day69::ispinesib,20260918.0,tigon,see_method_status,multiclass_brier,0.1640311230983581,success,116.72172610000052,,,
GSE239651_expt2,B3_prospective_composition,population_future_state_composition,expt1_to_locked_expt2,gse239651_ispinesib_day69::ispinesib,20260919.0,tigon,see_method_status,multiclass_brier,0.1625920562310538,success,112.28214730000036,,,
GSE239651_expt2,B3_prospective_composition,population_future_state_composition,expt1_to_locked_expt2,gse239651_ispinesib_day69::ispinesib,20260920.0,tigon,see_method_status,multiclass_brier,0.1652601018868799,success,112.40618619999988,,,
GSE239651_expt2,B3_prospective_composition,population_future_state_composition,expt1_to_locked_expt2,gse239651_ispinesib_day69::ispinesib,20260916.0,mioflow,see_method_status,multiclass_brier,0.0169674009205449,success,13.13460490000034,,,
GSE239651_expt2,B3_prospective_composition,population_future_state_composition,expt1_to_locked_expt2,gse239651_ispinesib_day69::ispinesib,20260917.0,mioflow,see_method_status,multiclass_brier,0.0472351380357399,success,13.319859400000496,,,
GSE239651_expt2,B3_prospective_composition,population_future_state_composition,expt1_to_locked_expt2,gse239651_ispinesib_day69::ispinesib,20260918.0,mioflow,see_method_status,multiclass_brier,0.025625616000506,success,13.1839473,,,
GSE239651_expt2,B3_prospective_composition,population_future_state_composition,expt1_to_locked_expt2,gse239651_ispinesib_day69::ispinesib,20260919.0,mioflow,see_method_status,multiclass_brier,0.0488561383080453,success,12.159537500001534,,,
GSE239651_expt2,B3_prospective_composition,population_future_state_composition,expt1_to_locked_expt2,gse239651_ispinesib_day69::ispinesib,20260920.0,mioflow,see_method_status,multiclass_brier,0.0712923154599093,success,12.749141899999811,,,
GSE239651_expt2,B3_prospective_composition,population_future_state_composition,expt1_to_locked_expt2,gse239651_ispinesib_day98::ispinesib,20260916.0,source-carry-forward,see_method_status,multiclass_brier,0.1450375981627853,success,0.2183641999999963,,,
GSE239651_expt2,B3_prospective_composition,population_future_state_composition,expt1_to_locked_expt2,gse239651_ispinesib_day98::ispinesib,20260916.0,development-target-transfer,see_method_status,multiclass_brier,0.0241215259705728,success,0.1554246000014245,,,
GSE239651_expt2,B3_prospective_composition,population_future_state_composition,expt1_to_locked_expt2,gse239651_ispinesib_day98::ispinesib,20260916.0,prescient,see_method_status,multiclass_brier,0.0434028132899428,success,17.698182500000257,,,
GSE239651_expt2,B3_prospective_composition,population_future_state_composition,expt1_to_locked_expt2,gse239651_ispinesib_day98::ispinesib,20260917.0,prescient,see_method_status,multiclass_brier,0.0431312357660619,success,16.309630499999912,,,
GSE239651_expt2,B3_prospective_composition,population_future_state_composition,expt1_to_locked_expt2,gse239651_ispinesib_day98::ispinesib,20260918.0,prescient,see_method_status,multiclass_brier,0.047951070502577,success,16.448863300000085,,,
GSE239651_expt2,B3_prospective_composition,population_future_state_composition,expt1_to_locked_expt2,gse239651_ispinesib_day98::ispinesib,20260919.0,prescient,see_method_status,multiclass_brier,0.0452041200981334,success,16.350034600000072,,,
GSE239651_expt2,B3_prospective_composition,population_future_state_composition,expt1_to_locked_expt2,gse239651_ispinesib_day98::ispinesib,20260920.0,prescient,see_method_status,multiclass_brier,0.043781827979546,success,16.955900299999485,,,
GSE239651_expt2,B3_prospective_composition,population_future_state_composition,expt1_to_locked_expt2,gse239651_ispinesib_day98::ispinesib,20260916.0,tigon,see_method_status,multiclass_brier,0.1444986425106006,success,111.89460319999851,,,
GSE239651_expt2,B3_prospective_composition,population_future_state_composition,expt1_to_locked_expt2,gse239651_ispinesib_day98::ispinesib,20260917.0,tigon,see_method_status,multiclass_brier,0.1443123823243783,success,109.15929640000104,,,
GSE239651_expt2,B3_prospective_composition,population_future_state_composition,expt1_to_locked_expt2,gse239651_ispinesib_day98::ispinesib,20260918.0,tigon,see_method_status,multiclass_brier,0.1437487858262217,success,109.93124539999916,,,
GSE239651_expt2,B3_prospective_composition,population_future_state_composition,expt1_to_locked_expt2,gse239651_ispinesib_day98::ispinesib,20260919.0,tigon,see_method_status,multiclass_brier,0.1432918214418461,success,112.23595419999948,,,
GSE239651_expt2,B3_prospective_composition,population_future_state_composition,expt1_to_locked_expt2,gse239651_ispinesib_day98::ispinesib,20260920.0,tigon,see_method_status,multiclass_brier,0.1441465188108963,success,113.44597980000071,,,
GSE239651_expt2,B3_prospective_composition,population_future_state_composition,expt1_to_locked_expt2,gse239651_ispinesib_day98::ispinesib,20260916.0,mioflow,see_method_status,multiclass_brier,0.0030622820592636,success,12.829244099999414,,,
GSE239651_expt2,B3_prospective_composition,population_future_state_composition,expt1_to_locked_expt2,gse239651_ispinesib_day98::ispinesib,20260917.0,mioflow,see_method_status,multiclass_brier,0.0348994289724153,success,11.73789880000004,,,
GSE239651_expt2,B3_prospective_composition,population_future_state_composition,expt1_to_locked_expt2,gse239651_ispinesib_day98::ispinesib,20260918.0,mioflow,see_method_status,multiclass_brier,0.0023426782198596,success,11.17984780000006,,,
GSE239651_expt2,B3_prospective_composition,population_future_state_composition,expt1_to_locked_expt2,gse239651_ispinesib_day98::ispinesib,20260919.0,mioflow,see_method_status,multiclass_brier,0.011081090837405,success,12.00023929999952,,,
GSE239651_expt2,B3_prospective_composition,population_future_state_composition,expt1_to_locked_expt2,gse239651_ispinesib_day98::ispinesib,20260920.0,mioflow,see_method_status,multiclass_brier,0.0517477243466723,success,10.802229799999624,,,
GSE140802,B3_prospective_composition,population_future_state_composition,held_out_animal,gse140802_t2_t16_holdout_A4::heldout_animal_A4,20260916.0,source-carry-forward,see_method_status,multiclass_brier,1.2991581632653062,success,0.1700598000006721,,,
GSE140802,B3_prospective_composition,population_future_state_composition,held_out_animal,gse140802_t2_t16_holdout_A4::heldout_animal_A4,20260916.0,development-target-transfer,see_method_status,multiclass_brier,0.0547309358368039,success,0.1493849999988015,,,
GSE140802,B3_prospective_composition,population_future_state_composition,held_out_animal,gse140802_t2_t16_holdout_A4::heldout_animal_A4,20260916.0,prescient,see_method_status,multiclass_brier,0.0383831452381602,success,4.053417700000864,,,
GSE140802,B3_prospective_composition,population_future_state_composition,held_out_animal,gse140802_t2_t16_holdout_A4::heldout_animal_A4,20260917.0,prescient,see_method_status,multiclass_brier,0.0303203135893136,success,3.204100699998889,,,
GSE140802,B3_prospective_composition,population_future_state_composition,held_out_animal,gse140802_t2_t16_holdout_A4::heldout_animal_A4,20260918.0,prescient,see_method_status,multiclass_brier,0.0315470392442751,success,3.3533478999997897,,,
GSE140802,B3_prospective_composition,population_future_state_composition,held_out_animal,gse140802_t2_t16_holdout_A4::heldout_animal_A4,20260919.0,prescient,see_method_status,multiclass_brier,0.0305767092120795,success,3.1164227000008395,,,
GSE140802,B3_prospective_composition,population_future_state_composition,held_out_animal,gse140802_t2_t16_holdout_A4::heldout_animal_A4,20260920.0,prescient,see_method_status,multiclass_brier,0.0167419548518687,success,3.0896375000011176,,,
GSE140802,B3_prospective_composition,population_future_state_composition,held_out_animal,gse140802_t2_t16_holdout_A4::heldout_animal_A4,20260916.0,tigon,see_method_status,multiclass_brier,1.2808333056011716,success,18.7477760999991,,,
GSE140802,B3_prospective_composition,population_future_state_composition,held_out_animal,gse140802_t2_t16_holdout_A4::heldout_animal_A4,20260917.0,tigon,see_method_status,multiclass_brier,1.2838265922052985,success,18.90845099999933,,,
GSE140802,B3_prospective_composition,population_future_state_composition,held_out_animal,gse140802_t2_t16_holdout_A4::heldout_animal_A4,20260918.0,tigon,see_method_status,multiclass_brier,1.2843719309230923,success,18.86250409999957,,,
GSE140802,B3_prospective_composition,population_future_state_composition,held_out_animal,gse140802_t2_t16_holdout_A4::heldout_animal_A4,20260919.0,tigon,see_method_status,multiclass_brier,1.2788856820869523,success,18.556916100000308,,,
GSE140802,B3_prospective_composition,population_future_state_composition,held_out_animal,gse140802_t2_t16_holdout_A4::heldout_animal_A4,20260920.0,tigon,see_method_status,multiclass_brier,1.267319207826361,success,19.21572930000002,,,
GSE140802,B3_prospective_composition,population_future_state_composition,held_out_animal,gse140802_t2_t16_holdout_A4::heldout_animal_A4,20260916.0,mioflow,see_method_status,multiclass_brier,0.2879224097313449,success,11.381618999999771,,,
GSE140802,B3_prospective_composition,population_future_state_composition,held_out_animal,gse140802_t2_t16_holdout_A4::heldout_animal_A4,20260917.0,mioflow,see_method_status,multiclass_brier,0.418700539950658,success,10.828887900001064,,,
GSE140802,B3_prospective_composition,population_future_state_composition,held_out_animal,gse140802_t2_t16_holdout_A4::heldout_animal_A4,20260918.0,mioflow,see_method_status,multiclass_brier,0.2889041136511321,success,9.209258099999715,,,
GSE140802,B3_prospective_composition,population_future_state_composition,held_out_animal,gse140802_t2_t16_holdout_A4::heldout_animal_A4,20260919.0,mioflow,see_method_status,multiclass_brier,0.2480139344874812,success,8.240687600000456,,,
GSE140802,B3_prospective_composition,population_future_state_composition,held_out_animal,gse140802_t2_t16_holdout_A4::heldout_animal_A4,20260920.0,mioflow,see_method_status,multiclass_brier,0.4146974029246018,success,9.692493900000043,,,
GSE140802,B3_prospective_composition,population_future_state_composition,held_out_animal,gse140802_t2_t16_holdout_A5::heldout_animal_A5,20260916.0,source-carry-forward,see_method_status,multiclass_brier,0.971213798729678,success,0.2426227999985712,,,
GSE140802,B3_prospective_composition,population_future_state_composition,held_out_animal,gse140802_t2_t16_holdout_A5::heldout_animal_A5,20260916.0,development-target-transfer,see_method_status,multiclass_brier,0.0266684416305751,success,0.1738934000004519,,,
GSE140802,B3_prospective_composition,population_future_state_composition,held_out_animal,gse140802_t2_t16_holdout_A5::heldout_animal_A5,20260916.0,prescient,see_method_status,multiclass_brier,0.0168559776073227,success,4.5700616000012815,,,
GSE140802,B3_prospective_composition,population_future_state_composition,held_out_animal,gse140802_t2_t16_holdout_A5::heldout_animal_A5,20260917.0,prescient,see_method_status,multiclass_brier,0.0284128069395085,success,3.3212940000012168,,,
GSE140802,B3_prospective_composition,population_future_state_composition,held_out_animal,gse140802_t2_t16_holdout_A5::heldout_animal_A5,20260918.0,prescient,see_method_status,multiclass_brier,0.0286041844955103,success,3.447330699998929,,,
GSE140802,B3_prospective_composition,population_future_state_composition,held_out_animal,gse140802_t2_t16_holdout_A5::heldout_animal_A5,20260919.0,prescient,see_method_status,multiclass_brier,0.0199434764044091,success,3.5357979999989766,,,
GSE140802,B3_prospective_composition,population_future_state_composition,held_out_animal,gse140802_t2_t16_holdout_A5::heldout_animal_A5,20260920.0,prescient,see_method_status,multiclass_brier,0.0229204037625375,success,3.3114573000002565,,,
GSE140802,B3_prospective_composition,population_future_state_composition,held_out_animal,gse140802_t2_t16_holdout_A5::heldout_animal_A5,20260916.0,tigon,see_method_status,multiclass_brier,0.9708388947257688,success,18.083980899999005,,,
GSE140802,B3_prospective_composition,population_future_state_composition,held_out_animal,gse140802_t2_t16_holdout_A5::heldout_animal_A5,20260917.0,tigon,see_method_status,multiclass_brier,0.93274252495029,success,17.243624500000806,,,
GSE140802,B3_prospective_composition,population_future_state_composition,held_out_animal,gse140802_t2_t16_holdout_A5::heldout_animal_A5,20260918.0,tigon,see_method_status,multiclass_brier,0.948322448250163,success,16.70138820000102,,,
GSE140802,B3_prospective_composition,population_future_state_composition,held_out_animal,gse140802_t2_t16_holdout_A5::heldout_animal_A5,20260919.0,tigon,see_method_status,multiclass_brier,0.9527377778001078,success,16.343827699998656,,,
GSE140802,B3_prospective_composition,population_future_state_composition,held_out_animal,gse140802_t2_t16_holdout_A5::heldout_animal_A5,20260920.0,tigon,see_method_status,multiclass_brier,0.9655835566191078,success,17.04764460000115,,,
GSE140802,B3_prospective_composition,population_future_state_composition,held_out_animal,gse140802_t2_t16_holdout_A5::heldout_animal_A5,20260916.0,mioflow,see_method_status,multiclass_brier,0.1933379039856612,success,10.093173400000524,,,
GSE140802,B3_prospective_composition,population_future_state_composition,held_out_animal,gse140802_t2_t16_holdout_A5::heldout_animal_A5,20260917.0,mioflow,see_method_status,multiclass_brier,0.2517274688682777,success,10.584232999999584,,,
GSE140802,B3_prospective_composition,population_future_state_composition,held_out_animal,gse140802_t2_t16_holdout_A5::heldout_animal_A5,20260918.0,mioflow,see_method_status,multiclass_brier,0.159496151037691,success,9.87224210000022,,,
GSE140802,B3_prospective_composition,population_future_state_composition,held_out_animal,gse140802_t2_t16_holdout_A5::heldout_animal_A5,20260919.0,mioflow,see_method_status,multiclass_brier,0.1598673649490057,success,10.484369800000422,,,
GSE140802,B3_prospective_composition,population_future_state_composition,held_out_animal,gse140802_t2_t16_holdout_A5::heldout_animal_A5,20260920.0,mioflow,see_method_status,multiclass_brier,0.2421074096687304,success,10.327723500000502,,,
GSE140802,B3_prospective_composition,population_future_state_composition,held_out_animal,gse140802_t2_t16_holdout_B4::heldout_animal_B4,20260916.0,source-carry-forward,see_method_status,multiclass_brier,1.2567934782608692,success,0.2292116999997233,,,
GSE140802,B3_prospective_composition,population_future_state_composition,held_out_animal,gse140802_t2_t16_holdout_B4::heldout_animal_B4,20260916.0,development-target-transfer,see_method_status,multiclass_brier,0.0373651625912385,success,0.1878577000006771,,,
GSE140802,B3_prospective_composition,population_future_state_composition,held_out_animal,gse140802_t2_t16_holdout_B4::heldout_animal_B4,20260916.0,prescient,see_method_status,multiclass_brier,0.0142118245238723,success,4.257299099999727,,,
GSE140802,B3_prospective_composition,population_future_state_composition,held_out_animal,gse140802_t2_t16_holdout_B4::heldout_animal_B4,20260917.0,prescient,see_method_status,multiclass_brier,0.0127994557202447,success,3.433584399999745,,,
GSE140802,B3_prospective_composition,population_future_state_composition,held_out_animal,gse140802_t2_t16_holdout_B4::heldout_animal_B4,20260918.0,prescient,see_method_status,multiclass_brier,0.0243608953531053,success,3.293855899999471,,,
GSE140802,B3_prospective_composition,population_future_state_composition,held_out_animal,gse140802_t2_t16_holdout_B4::heldout_animal_B4,20260919.0,prescient,see_method_status,multiclass_brier,0.0145924787598298,success,3.4075792000003275,,,
GSE140802,B3_prospective_composition,population_future_state_composition,held_out_animal,gse140802_t2_t16_holdout_B4::heldout_animal_B4,20260920.0,prescient,see_method_status,multiclass_brier,0.0090867969908604,success,3.4460927000000083,,,
GSE140802,B3_prospective_composition,population_future_state_composition,held_out_animal,gse140802_t2_t16_holdout_B4::heldout_animal_B4,20260916.0,tigon,see_method_status,multiclass_brier,1.249304258494365,success,18.270538199998555,,,
GSE140802,B3_prospective_composition,population_future_state_composition,held_out_animal,gse140802_t2_t16_holdout_B4::heldout_animal_B4,20260917.0,tigon,see_method_status,multiclass_brier,1.2260145061521657,success,18.67055160000018,,,
GSE140802,B3_prospective_composition,population_future_state_composition,held_out_animal,gse140802_t2_t16_holdout_B4::heldout_animal_B4,20260918.0,tigon,see_method_status,multiclass_brier,1.25002608434258,success,17.15463649999947,,,
GSE140802,B3_prospective_composition,population_future_state_composition,held_out_animal,gse140802_t2_t16_holdout_B4::heldout_animal_B4,20260919.0,tigon,see_method_status,multiclass_brier,1.2562855056537412,success,18.24013940000077,,,
GSE140802,B3_prospective_composition,population_future_state_composition,held_out_animal,gse140802_t2_t16_holdout_B4::heldout_animal_B4,20260920.0,tigon,see_method_status,multiclass_brier,1.2506003152964111,success,18.50993170000038,,,
GSE140802,B3_prospective_composition,population_future_state_composition,held_out_animal,gse140802_t2_t16_holdout_B4::heldout_animal_B4,20260916.0,mioflow,see_method_status,multiclass_brier,0.3002771071957894,success,10.841824400000403,,,
GSE140802,B3_prospective_composition,population_future_state_composition,held_out_animal,gse140802_t2_t16_holdout_B4::heldout_animal_B4,20260917.0,mioflow,see_method_status,multiclass_brier,0.4053656393470253,success,9.889872700001431,,,
GSE140802,B3_prospective_composition,population_future_state_composition,held_out_animal,gse140802_t2_t16_holdout_B4::heldout_animal_B4,20260918.0,mioflow,see_method_status,multiclass_brier,0.2627598261710732,success,9.274696800001038,,,
GSE140802,B3_prospective_composition,population_future_state_composition,held_out_animal,gse140802_t2_t16_holdout_B4::heldout_animal_B4,20260919.0,mioflow,see_method_status,multiclass_brier,0.224802090287262,success,10.27010639999935,,,
GSE140802,B3_prospective_composition,population_future_state_composition,held_out_animal,gse140802_t2_t16_holdout_B4::heldout_animal_B4,20260920.0,mioflow,see_method_status,multiclass_brier,0.3839598544616181,success,8.525537100000292,,,
GSE140802,B3_prospective_composition,population_future_state_composition,held_out_animal,gse140802_t2_t16_holdout_B5::heldout_animal_B5,20260916.0,source-carry-forward,see_method_status,multiclass_brier,0.9732902288290092,success,0.2221160999997664,,,
GSE140802,B3_prospective_composition,population_future_state_composition,held_out_animal,gse140802_t2_t16_holdout_B5::heldout_animal_B5,20260916.0,development-target-transfer,see_method_status,multiclass_brier,0.0543303080620969,success,0.1606494000006932,,,
GSE140802,B3_prospective_composition,population_future_state_composition,held_out_animal,gse140802_t2_t16_holdout_B5::heldout_animal_B5,20260916.0,prescient,see_method_status,multiclass_brier,0.0529005796399025,success,3.99507579999954,,,
GSE140802,B3_prospective_composition,population_future_state_composition,held_out_animal,gse140802_t2_t16_holdout_B5::heldout_animal_B5,20260917.0,prescient,see_method_status,multiclass_brier,0.0661389827438839,success,3.2548543000011705,,,
GSE140802,B3_prospective_composition,population_future_state_composition,held_out_animal,gse140802_t2_t16_holdout_B5::heldout_animal_B5,20260918.0,prescient,see_method_status,multiclass_brier,0.0527612588276294,success,3.5004533999999694,,,
GSE140802,B3_prospective_composition,population_future_state_composition,held_out_animal,gse140802_t2_t16_holdout_B5::heldout_animal_B5,20260919.0,prescient,see_method_status,multiclass_brier,0.0564866677826343,success,3.516241100000116,,,
GSE140802,B3_prospective_composition,population_future_state_composition,held_out_animal,gse140802_t2_t16_holdout_B5::heldout_animal_B5,20260920.0,prescient,see_method_status,multiclass_brier,0.0658423547340629,success,3.2575082999992446,,,
GSE140802,B3_prospective_composition,population_future_state_composition,held_out_animal,gse140802_t2_t16_holdout_B5::heldout_animal_B5,20260916.0,tigon,see_method_status,multiclass_brier,0.970754384997074,success,16.593354099999488,,,
GSE140802,B3_prospective_composition,population_future_state_composition,held_out_animal,gse140802_t2_t16_holdout_B5::heldout_animal_B5,20260917.0,tigon,see_method_status,multiclass_brier,0.9408248466968756,success,17.23571390000143,,,
GSE140802,B3_prospective_composition,population_future_state_composition,held_out_animal,gse140802_t2_t16_holdout_B5::heldout_animal_B5,20260918.0,tigon,see_method_status,multiclass_brier,0.9576179951752232,success,15.609840099999928,,,
GSE140802,B3_prospective_composition,population_future_state_composition,held_out_animal,gse140802_t2_t16_holdout_B5::heldout_animal_B5,20260919.0,tigon,see_method_status,multiclass_brier,0.9556078830840904,success,16.929675400000633,,,
GSE140802,B3_prospective_composition,population_future_state_composition,held_out_animal,gse140802_t2_t16_holdout_B5::heldout_animal_B5,20260920.0,tigon,see_method_status,multiclass_brier,0.9604938374128672,success,16.818953899999542,,,
GSE140802,B3_prospective_composition,population_future_state_composition,held_out_animal,gse140802_t2_t16_holdout_B5::heldout_animal_B5,20260916.0,mioflow,see_method_status,multiclass_brier,0.1507807039744906,success,12.640654699998777,,,
GSE140802,B3_prospective_composition,population_future_state_composition,held_out_animal,gse140802_t2_t16_holdout_B5::heldout_animal_B5,20260917.0,mioflow,see_method_status,multiclass_brier,0.1911512565306557,success,10.670966799998496,,,
GSE140802,B3_prospective_composition,population_future_state_composition,held_out_animal,gse140802_t2_t16_holdout_B5::heldout_animal_B5,20260918.0,mioflow,see_method_status,multiclass_brier,0.1298748006324776,success,12.243431499999131,,,
GSE140802,B3_prospective_composition,population_future_state_composition,held_out_animal,gse140802_t2_t16_holdout_B5::heldout_animal_B5,20260919.0,mioflow,see_method_status,multiclass_brier,0.1331050105595784,success,11.23134349999964,,,
GSE140802,B3_prospective_composition,population_future_state_composition,held_out_animal,gse140802_t2_t16_holdout_B5::heldout_animal_B5,20260920.0,mioflow,see_method_status,multiclass_brier,0.2256915924931253,success,9.15854279999985,,,
GSE140802,B3_prospective_composition,population_future_state_composition,held_out_animal,gse140802_t2_t9_holdout_A1::heldout_animal_A1,20260916.0,source-carry-forward,see_method_status,multiclass_brier,0.7573086507653971,success,0.2186065000005328,,,
GSE140802,B3_prospective_composition,population_future_state_composition,held_out_animal,gse140802_t2_t9_holdout_A1::heldout_animal_A1,20260916.0,development-target-transfer,see_method_status,multiclass_brier,0.0440149099072515,success,0.1584171000013157,,,
GSE140802,B3_prospective_composition,population_future_state_composition,held_out_animal,gse140802_t2_t9_holdout_A1::heldout_animal_A1,20260916.0,prescient,see_method_status,multiclass_brier,0.0181420744776314,success,6.082265799999732,,,
GSE140802,B3_prospective_composition,population_future_state_composition,held_out_animal,gse140802_t2_t9_holdout_A1::heldout_animal_A1,20260917.0,prescient,see_method_status,multiclass_brier,0.0234280965180468,success,4.650442899999689,,,
GSE140802,B3_prospective_composition,population_future_state_composition,held_out_animal,gse140802_t2_t9_holdout_A1::heldout_animal_A1,20260918.0,prescient,see_method_status,multiclass_brier,0.0289773102918727,success,4.783161699999255,,,
GSE140802,B3_prospective_composition,population_future_state_composition,held_out_animal,gse140802_t2_t9_holdout_A1::heldout_animal_A1,20260919.0,prescient,see_method_status,multiclass_brier,0.0255679428428665,success,4.6483391999991,,,
GSE140802,B3_prospective_composition,population_future_state_composition,held_out_animal,gse140802_t2_t9_holdout_A1::heldout_animal_A1,20260920.0,prescient,see_method_status,multiclass_brier,0.0241976951293648,success,4.753589799998736,,,
GSE140802,B3_prospective_composition,population_future_state_composition,held_out_animal,gse140802_t2_t9_holdout_A1::heldout_animal_A1,20260916.0,tigon,see_method_status,multiclass_brier,0.746456712876549,success,35.19958609999958,,,
GSE140802,B3_prospective_composition,population_future_state_composition,held_out_animal,gse140802_t2_t9_holdout_A1::heldout_animal_A1,20260917.0,tigon,see_method_status,multiclass_brier,0.7358480844367087,success,35.73301150000043,,,
GSE140802,B3_prospective_composition,population_future_state_composition,held_out_animal,gse140802_t2_t9_holdout_A1::heldout_animal_A1,20260918.0,tigon,see_method_status,multiclass_brier,0.7466538421415297,success,34.27448600000025,,,
GSE140802,B3_prospective_composition,population_future_state_composition,held_out_animal,gse140802_t2_t9_holdout_A1::heldout_animal_A1,20260919.0,tigon,see_method_status,multiclass_brier,0.7498330913413428,success,34.57905799999935,,,
GSE140802,B3_prospective_composition,population_future_state_composition,held_out_animal,gse140802_t2_t9_holdout_A1::heldout_animal_A1,20260920.0,tigon,see_method_status,multiclass_brier,0.7546083785384786,success,35.60164129999976,,,
GSE140802,B3_prospective_composition,population_future_state_composition,held_out_animal,gse140802_t2_t9_holdout_A1::heldout_animal_A1,20260916.0,mioflow,see_method_status,multiclass_brier,0.0688268668945295,success,13.377239100000224,,,
GSE140802,B3_prospective_composition,population_future_state_composition,held_out_animal,gse140802_t2_t9_holdout_A1::heldout_animal_A1,20260917.0,mioflow,see_method_status,multiclass_brier,0.1665036268703011,success,12.320767999999587,,,
GSE140802,B3_prospective_composition,population_future_state_composition,held_out_animal,gse140802_t2_t9_holdout_A1::heldout_animal_A1,20260918.0,mioflow,see_method_status,multiclass_brier,0.1228750595512927,success,11.287288700001229,,,
GSE140802,B3_prospective_composition,population_future_state_composition,held_out_animal,gse140802_t2_t9_holdout_A1::heldout_animal_A1,20260919.0,mioflow,see_method_status,multiclass_brier,0.1696290439873226,success,12.021956800001137,,,
GSE140802,B3_prospective_composition,population_future_state_composition,held_out_animal,gse140802_t2_t9_holdout_A1::heldout_animal_A1,20260920.0,mioflow,see_method_status,multiclass_brier,0.2090936369584717,success,11.787559000000329,,,
GSE140802,B3_prospective_composition,population_future_state_composition,held_out_animal,gse140802_t2_t9_holdout_A2::heldout_animal_A2,20260916.0,source-carry-forward,see_method_status,multiclass_brier,0.8012738116638835,success,0.2386432999992394,,,
GSE140802,B3_prospective_composition,population_future_state_composition,held_out_animal,gse140802_t2_t9_holdout_A2::heldout_animal_A2,20260916.0,development-target-transfer,see_method_status,multiclass_brier,0.0141366501090766,success,0.1566253999990294,,,
GSE140802,B3_prospective_composition,population_future_state_composition,held_out_animal,gse140802_t2_t9_holdout_A2::heldout_animal_A2,20260916.0,prescient,see_method_status,multiclass_brier,0.0146691840125786,success,4.972166300000026,,,
GSE140802,B3_prospective_composition,population_future_state_composition,held_out_animal,gse140802_t2_t9_holdout_A2::heldout_animal_A2,20260917.0,prescient,see_method_status,multiclass_brier,0.0132680004465489,success,3.842328200000338,,,
GSE140802,B3_prospective_composition,population_future_state_composition,held_out_animal,gse140802_t2_t9_holdout_A2::heldout_animal_A2,20260918.0,prescient,see_method_status,multiclass_brier,0.0160821666200155,success,4.119202800000494,,,
GSE140802,B3_prospective_composition,population_future_state_composition,held_out_animal,gse140802_t2_t9_holdout_A2::heldout_animal_A2,20260919.0,prescient,see_method_status,multiclass_brier,0.0195649161506279,success,3.81281620000118,,,
GSE140802,B3_prospective_composition,population_future_state_composition,held_out_animal,gse140802_t2_t9_holdout_A2::heldout_animal_A2,20260920.0,prescient,see_method_status,multiclass_brier,0.0159677885981451,success,3.738774900000863,,,
GSE140802,B3_prospective_composition,population_future_state_composition,held_out_animal,gse140802_t2_t9_holdout_A2::heldout_animal_A2,20260916.0,tigon,see_method_status,multiclass_brier,0.790241679015412,success,28.64675840000018,,,
GSE140802,B3_prospective_composition,population_future_state_composition,held_out_animal,gse140802_t2_t9_holdout_A2::heldout_animal_A2,20260917.0,tigon,see_method_status,multiclass_brier,0.7771646748079996,success,28.38912030000029,,,
GSE140802,B3_prospective_composition,population_future_state_composition,held_out_animal,gse140802_t2_t9_holdout_A2::heldout_animal_A2,20260918.0,tigon,see_method_status,multiclass_brier,0.7900712064577438,success,28.875523199998497,,,
GSE140802,B3_prospective_composition,population_future_state_composition,held_out_animal,gse140802_t2_t9_holdout_A2::heldout_animal_A2,20260919.0,tigon,see_method_status,multiclass_brier,0.7942899040829162,success,28.72528229999989,,,
GSE140802,B3_prospective_composition,population_future_state_composition,held_out_animal,gse140802_t2_t9_holdout_A2::heldout_animal_A2,20260920.0,tigon,see_method_status,multiclass_brier,0.798684640147121,success,29.20851380000022,,,
GSE140802,B3_prospective_composition,population_future_state_composition,held_out_animal,gse140802_t2_t9_holdout_A2::heldout_animal_A2,20260916.0,mioflow,see_method_status,multiclass_brier,0.0668366458810835,success,12.12737290000041,,,
GSE140802,B3_prospective_composition,population_future_state_composition,held_out_animal,gse140802_t2_t9_holdout_A2::heldout_animal_A2,20260917.0,mioflow,see_method_status,multiclass_brier,0.1803540846286523,success,10.070772400000353,,,
GSE140802,B3_prospective_composition,population_future_state_composition,held_out_animal,gse140802_t2_t9_holdout_A2::heldout_animal_A2,20260918.0,mioflow,see_method_status,multiclass_brier,0.1342176464893071,success,11.219067100000755,,,
GSE140802,B3_prospective_composition,population_future_state_composition,held_out_animal,gse140802_t2_t9_holdout_A2::heldout_animal_A2,20260919.0,mioflow,see_method_status,multiclass_brier,0.1253790194959132,success,11.366179100001318,,,
GSE140802,B3_prospective_composition,population_future_state_composition,held_out_animal,gse140802_t2_t9_holdout_A2::heldout_animal_A2,20260920.0,mioflow,see_method_status,multiclass_brier,0.2326749014521689,success,9.137043200000337,,,
GSE140802,B3_prospective_composition,population_future_state_composition,held_out_animal,gse140802_t2_t9_holdout_A3::heldout_animal_A3,20260916.0,source-carry-forward,see_method_status,multiclass_brier,1.0066273360631877,success,0.2116293000017322,,,
GSE140802,B3_prospective_composition,population_future_state_composition,held_out_animal,gse140802_t2_t9_holdout_A3::heldout_animal_A3,20260916.0,development-target-transfer,see_method_status,multiclass_brier,0.0320561630397554,success,0.1445597000001726,,,
GSE140802,B3_prospective_composition,population_future_state_composition,held_out_animal,gse140802_t2_t9_holdout_A3::heldout_animal_A3,20260916.0,prescient,see_method_status,multiclass_brier,0.0371102785068755,success,5.939865999998801,,,
GSE140802,B3_prospective_composition,population_future_state_composition,held_out_animal,gse140802_t2_t9_holdout_A3::heldout_animal_A3,20260917.0,prescient,see_method_status,multiclass_brier,0.0306713186778667,success,4.551500900000974,,,
GSE140802,B3_prospective_composition,population_future_state_composition,held_out_animal,gse140802_t2_t9_holdout_A3::heldout_animal_A3,20260918.0,prescient,see_method_status,multiclass_brier,0.0314997292682441,success,4.758961400000771,,,
GSE140802,B3_prospective_composition,population_future_state_composition,held_out_animal,gse140802_t2_t9_holdout_A3::heldout_animal_A3,20260919.0,prescient,see_method_status,multiclass_brier,0.0335131584067983,success,4.833847699999751,,,
GSE140802,B3_prospective_composition,population_future_state_composition,held_out_animal,gse140802_t2_t9_holdout_A3::heldout_animal_A3,20260920.0,prescient,see_method_status,multiclass_brier,0.025767449765389,success,4.673117500000444,,,
GSE140802,B3_prospective_composition,population_future_state_composition,held_out_animal,gse140802_t2_t9_holdout_A3::heldout_animal_A3,20260916.0,tigon,see_method_status,multiclass_brier,0.99518638574774,success,35.041050100000575,,,
GSE140802,B3_prospective_composition,population_future_state_composition,held_out_animal,gse140802_t2_t9_holdout_A3::heldout_animal_A3,20260917.0,tigon,see_method_status,multiclass_brier,0.9791218255317292,success,35.58157460000075,,,
GSE140802,B3_prospective_composition,population_future_state_composition,held_out_animal,gse140802_t2_t9_holdout_A3::heldout_animal_A3,20260918.0,tigon,see_method_status,multiclass_brier,0.9946708871670918,success,34.25661670000045,,,
GSE140802,B3_prospective_composition,population_future_state_composition,held_out_animal,gse140802_t2_t9_holdout_A3::heldout_animal_A3,20260919.0,tigon,see_method_status,multiclass_brier,0.9981731760382538,success,34.176104100000885,,,
GSE140802,B3_prospective_composition,population_future_state_composition,held_out_animal,gse140802_t2_t9_holdout_A3::heldout_animal_A3,20260920.0,tigon,see_method_status,multiclass_brier,1.0034453079301957,success,35.86829039999975,,,
GSE140802,B3_prospective_composition,population_future_state_composition,held_out_animal,gse140802_t2_t9_holdout_A3::heldout_animal_A3,20260916.0,mioflow,see_method_status,multiclass_brier,0.1373086371556833,success,13.791628000000856,,,
GSE140802,B3_prospective_composition,population_future_state_composition,held_out_animal,gse140802_t2_t9_holdout_A3::heldout_animal_A3,20260917.0,mioflow,see_method_status,multiclass_brier,0.3024411702977623,success,12.229715900000883,,,
GSE140802,B3_prospective_composition,population_future_state_composition,held_out_animal,gse140802_t2_t9_holdout_A3::heldout_animal_A3,20260918.0,mioflow,see_method_status,multiclass_brier,0.2519251106629385,success,11.05017670000052,,,
GSE140802,B3_prospective_composition,population_future_state_composition,held_out_animal,gse140802_t2_t9_holdout_A3::heldout_animal_A3,20260919.0,mioflow,see_method_status,multiclass_brier,0.217127601733783,success,13.881138999999166,,,
GSE140802,B3_prospective_composition,population_future_state_composition,held_out_animal,gse140802_t2_t9_holdout_A3::heldout_animal_A3,20260920.0,mioflow,see_method_status,multiclass_brier,0.3803584171399884,success,11.94272550000096,,,
GSE140802,B3_prospective_composition,population_future_state_composition,held_out_animal,gse140802_t2_t9_holdout_B1::heldout_animal_B1,20260916.0,source-carry-forward,see_method_status,multiclass_brier,0.9085872576177284,success,0.2309928000013315,,,
GSE140802,B3_prospective_composition,population_future_state_composition,held_out_animal,gse140802_t2_t9_holdout_B1::heldout_animal_B1,20260916.0,development-target-transfer,see_method_status,multiclass_brier,0.0255850698236066,success,0.1843263000009756,,,
GSE140802,B3_prospective_composition,population_future_state_composition,held_out_animal,gse140802_t2_t9_holdout_B1::heldout_animal_B1,20260916.0,prescient,see_method_status,multiclass_brier,0.0179803783063773,success,5.552295299999969,,,
GSE140802,B3_prospective_composition,population_future_state_composition,held_out_animal,gse140802_t2_t9_holdout_B1::heldout_animal_B1,20260917.0,prescient,see_method_status,multiclass_brier,0.0238244978760392,success,4.847299600000042,,,
GSE140802,B3_prospective_composition,population_future_state_composition,held_out_animal,gse140802_t2_t9_holdout_B1::heldout_animal_B1,20260918.0,prescient,see_method_status,multiclass_brier,0.0218255986291359,success,4.970558700000765,,,
GSE140802,B3_prospective_composition,population_future_state_composition,held_out_animal,gse140802_t2_t9_holdout_B1::heldout_animal_B1,20260919.0,prescient,see_method_status,multiclass_brier,0.0185395188708786,success,4.4982584999997925,,,
GSE140802,B3_prospective_composition,population_future_state_composition,held_out_animal,gse140802_t2_t9_holdout_B1::heldout_animal_B1,20260920.0,prescient,see_method_status,multiclass_brier,0.0313954881791075,success,4.594531699998697,,,
GSE140802,B3_prospective_composition,population_future_state_composition,held_out_animal,gse140802_t2_t9_holdout_B1::heldout_animal_B1,20260916.0,tigon,see_method_status,multiclass_brier,0.896323555075049,success,33.22356929999842,,,
GSE140802,B3_prospective_composition,population_future_state_composition,held_out_animal,gse140802_t2_t9_holdout_B1::heldout_animal_B1,20260917.0,tigon,see_method_status,multiclass_brier,0.884405705564945,success,33.27631409999958,,,
GSE140802,B3_prospective_composition,population_future_state_composition,held_out_animal,gse140802_t2_t9_holdout_B1::heldout_animal_B1,20260918.0,tigon,see_method_status,multiclass_brier,0.8977914465472956,success,33.15298780000012,,,
GSE140802,B3_prospective_composition,population_future_state_composition,held_out_animal,gse140802_t2_t9_holdout_B1::heldout_animal_B1,20260919.0,tigon,see_method_status,multiclass_brier,0.901078697325552,success,33.69306250000045,,,
GSE140802,B3_prospective_composition,population_future_state_composition,held_out_animal,gse140802_t2_t9_holdout_B1::heldout_animal_B1,20260920.0,tigon,see_method_status,multiclass_brier,0.90507669731375,success,34.06901469999866,,,
GSE140802,B3_prospective_composition,population_future_state_composition,held_out_animal,gse140802_t2_t9_holdout_B1::heldout_animal_B1,20260916.0,mioflow,see_method_status,multiclass_brier,0.1127191055473708,success,13.191303499999776,,,
GSE140802,B3_prospective_composition,population_future_state_composition,held_out_animal,gse140802_t2_t9_holdout_B1::heldout_animal_B1,20260917.0,mioflow,see_method_status,multiclass_brier,0.2450683268637843,success,10.363531999999395,,,
GSE140802,B3_prospective_composition,population_future_state_composition,held_out_animal,gse140802_t2_t9_holdout_B1::heldout_animal_B1,20260918.0,mioflow,see_method_status,multiclass_brier,0.1964339811688312,success,13.302652300000773,,,
GSE140802,B3_prospective_composition,population_future_state_composition,held_out_animal,gse140802_t2_t9_holdout_B1::heldout_animal_B1,20260919.0,mioflow,see_method_status,multiclass_brier,0.222976676516553,success,12.217151799999556,,,
GSE140802,B3_prospective_composition,population_future_state_composition,held_out_animal,gse140802_t2_t9_holdout_B1::heldout_animal_B1,20260920.0,mioflow,see_method_status,multiclass_brier,0.3015318852987078,success,10.476480999999694,,,
GSE140802,B3_prospective_composition,population_future_state_composition,held_out_animal,gse140802_t2_t9_holdout_B2::heldout_animal_B2,20260916.0,source-carry-forward,see_method_status,multiclass_brier,0.955283203125,success,0.2897888000006787,,,
GSE140802,B3_prospective_composition,population_future_state_composition,held_out_animal,gse140802_t2_t9_holdout_B2::heldout_animal_B2,20260916.0,development-target-transfer,see_method_status,multiclass_brier,0.0054948560256243,success,0.1819457000001421,,,
GSE140802,B3_prospective_composition,population_future_state_composition,held_out_animal,gse140802_t2_t9_holdout_B2::heldout_animal_B2,20260916.0,prescient,see_method_status,multiclass_brier,0.0185102440697142,success,5.467017599999963,,,
GSE140802,B3_prospective_composition,population_future_state_composition,held_out_animal,gse140802_t2_t9_holdout_B2::heldout_animal_B2,20260917.0,prescient,see_method_status,multiclass_brier,0.0061100752173676,success,4.698739200001,,,
GSE140802,B3_prospective_composition,population_future_state_composition,held_out_animal,gse140802_t2_t9_holdout_B2::heldout_animal_B2,20260918.0,prescient,see_method_status,multiclass_brier,0.006246940072374,success,4.595043199999054,,,
GSE140802,B3_prospective_composition,population_future_state_composition,held_out_animal,gse140802_t2_t9_holdout_B2::heldout_animal_B2,20260919.0,prescient,see_method_status,multiclass_brier,0.0112688686721183,success,4.621019300000626,,,
GSE140802,B3_prospective_composition,population_future_state_composition,held_out_animal,gse140802_t2_t9_holdout_B2::heldout_animal_B2,20260920.0,prescient,see_method_status,multiclass_brier,0.0102255383097357,success,4.688922999999704,,,
GSE140802,B3_prospective_composition,population_future_state_composition,held_out_animal,gse140802_t2_t9_holdout_B2::heldout_animal_B2,20260916.0,tigon,see_method_status,multiclass_brier,0.9428985584824214,success,35.26367279999977,,,
GSE140802,B3_prospective_composition,population_future_state_composition,held_out_animal,gse140802_t2_t9_holdout_B2::heldout_animal_B2,20260917.0,tigon,see_method_status,multiclass_brier,0.928890678335478,success,34.13817350000136,,,
GSE140802,B3_prospective_composition,population_future_state_composition,held_out_animal,gse140802_t2_t9_holdout_B2::heldout_animal_B2,20260918.0,tigon,see_method_status,multiclass_brier,0.9433644555319626,success,33.405341800000315,,,
GSE140802,B3_prospective_composition,population_future_state_composition,held_out_animal,gse140802_t2_t9_holdout_B2::heldout_animal_B2,20260919.0,tigon,see_method_status,multiclass_brier,0.9469928253180362,success,33.09283400000095,,,
GSE140802,B3_prospective_composition,population_future_state_composition,held_out_animal,gse140802_t2_t9_holdout_B2::heldout_animal_B2,20260920.0,tigon,see_method_status,multiclass_brier,0.95166159700494,success,33.8409458999995,,,
GSE140802,B3_prospective_composition,population_future_state_composition,held_out_animal,gse140802_t2_t9_holdout_B2::heldout_animal_B2,20260916.0,mioflow,see_method_status,multiclass_brier,0.1117177654304648,success,14.824461000000156,,,
GSE140802,B3_prospective_composition,population_future_state_composition,held_out_animal,gse140802_t2_t9_holdout_B2::heldout_animal_B2,20260917.0,mioflow,see_method_status,multiclass_brier,0.2607157934429064,success,12.637680699999692,,,
GSE140802,B3_prospective_composition,population_future_state_composition,held_out_animal,gse140802_t2_t9_holdout_B2::heldout_animal_B2,20260918.0,mioflow,see_method_status,multiclass_brier,0.214883962411488,success,11.214854900001228,,,
GSE140802,B3_prospective_composition,population_future_state_composition,held_out_animal,gse140802_t2_t9_holdout_B2::heldout_animal_B2,20260919.0,mioflow,see_method_status,multiclass_brier,0.2060874524957289,success,12.83930209999926,,,
GSE140802,B3_prospective_composition,population_future_state_composition,held_out_animal,gse140802_t2_t9_holdout_B2::heldout_animal_B2,20260920.0,mioflow,see_method_status,multiclass_brier,0.3372706117235449,success,12.024557300001106,,,
GSE140802,B3_prospective_composition,population_future_state_composition,held_out_animal,gse140802_t2_t9_holdout_B3::heldout_animal_B3,20260916.0,source-carry-forward,see_method_status,multiclass_brier,0.6145767695862214,success,0.2153218000003107,,,
GSE140802,B3_prospective_composition,population_future_state_composition,held_out_animal,gse140802_t2_t9_holdout_B3::heldout_animal_B3,20260916.0,development-target-transfer,see_method_status,multiclass_brier,0.0441248100767381,success,0.1918287999997119,,,
GSE140802,B3_prospective_composition,population_future_state_composition,held_out_animal,gse140802_t2_t9_holdout_B3::heldout_animal_B3,20260916.0,prescient,see_method_status,multiclass_brier,0.0266668847220796,success,5.576064099999712,,,
GSE140802,B3_prospective_composition,population_future_state_composition,held_out_animal,gse140802_t2_t9_holdout_B3::heldout_animal_B3,20260917.0,prescient,see_method_status,multiclass_brier,0.0353758821716126,success,4.809393899999122,,,
GSE140802,B3_prospective_composition,population_future_state_composition,held_out_animal,gse140802_t2_t9_holdout_B3::heldout_animal_B3,20260918.0,prescient,see_method_status,multiclass_brier,0.0285283041939432,success,4.4938695000000735,,,
GSE140802,B3_prospective_composition,population_future_state_composition,held_out_animal,gse140802_t2_t9_holdout_B3::heldout_animal_B3,20260919.0,prescient,see_method_status,multiclass_brier,0.0293544737476736,success,4.501582599999892,,,
GSE140802,B3_prospective_composition,population_future_state_composition,held_out_animal,gse140802_t2_t9_holdout_B3::heldout_animal_B3,20260920.0,prescient,see_method_status,multiclass_brier,0.0319328631228811,success,4.37952100000075,,,
GSE140802,B3_prospective_composition,population_future_state_composition,held_out_animal,gse140802_t2_t9_holdout_B3::heldout_animal_B3,20260916.0,tigon,see_method_status,multiclass_brier,0.604169659373308,success,33.34541990000071,,,
GSE140802,B3_prospective_composition,population_future_state_composition,held_out_animal,gse140802_t2_t9_holdout_B3::heldout_animal_B3,20260917.0,tigon,see_method_status,multiclass_brier,0.5945431471079732,success,34.24396390000038,,,
GSE140802,B3_prospective_composition,population_future_state_composition,held_out_animal,gse140802_t2_t9_holdout_B3::heldout_animal_B3,20260918.0,tigon,see_method_status,multiclass_brier,0.605418994031077,success,34.28840390000005,,,
GSE140802,B3_prospective_composition,population_future_state_composition,held_out_animal,gse140802_t2_t9_holdout_B3::heldout_animal_B3,20260919.0,tigon,see_method_status,multiclass_brier,0.6067287107839512,success,34.8315333999999,,,
GSE140802,B3_prospective_composition,population_future_state_composition,held_out_animal,gse140802_t2_t9_holdout_B3::heldout_animal_B3,20260920.0,tigon,see_method_status,multiclass_brier,0.6118256235940106,success,34.792659299999286,,,
GSE140802,B3_prospective_composition,population_future_state_composition,held_out_animal,gse140802_t2_t9_holdout_B3::heldout_animal_B3,20260916.0,mioflow,see_method_status,multiclass_brier,0.0296105225966837,success,12.764826900000116,,,
GSE140802,B3_prospective_composition,population_future_state_composition,held_out_animal,gse140802_t2_t9_holdout_B3::heldout_animal_B3,20260917.0,mioflow,see_method_status,multiclass_brier,0.1029298405974077,success,10.196368300001268,,,
GSE140802,B3_prospective_composition,population_future_state_composition,held_out_animal,gse140802_t2_t9_holdout_B3::heldout_animal_B3,20260918.0,mioflow,see_method_status,multiclass_brier,0.069298039157558,success,12.860726999999317,,,
GSE140802,B3_prospective_composition,population_future_state_composition,held_out_animal,gse140802_t2_t9_holdout_B3::heldout_animal_B3,20260919.0,mioflow,see_method_status,multiclass_brier,0.0996288523604585,success,11.956813599999805,,,
GSE140802,B3_prospective_composition,population_future_state_composition,held_out_animal,gse140802_t2_t9_holdout_B3::heldout_animal_B3,20260920.0,mioflow,see_method_status,multiclass_brier,0.1392183242787452,success,11.306239899999127,,,
