"cell","timepoint","state","PC1","PC2"
"CTR01_AAACGAACACGGTCTG","D0","0",-0.206273438265792,0.0252410663595335
"CTR01_AACCACAGTTATGTCG","D0","0",-0.078972486912568,0.334502654787489
"CTR01_AAGTCGTTCTCTCCGA","D0","0",0.184924284192821,0.45627584664341
"CTR01_ACACAGTGTAGTTAGA","D0","5",-0.130727828369683,-0.344490084800986
"CTR01_ACACGCGAGTGCTAGG","D0","0",-0.172925681946843,0.227496929915892
"CTR01_ACACTGATCCTCCACA","D0","0",-0.19902668916445,0.607548614025565
"CTR01_ACATGCATCAATCCGA","D0","0",-0.121036907847274,0.555019046492414
"CTR01_ACGCACGTCTCCTACG","D0","0",-0.123207941789576,0.495457250603872
"CTR01_ACGGAAGCAGATTCGT","D0","6",-0.195803560758886,0.171910592111224
"CTR01_ACGGTCGGTCGACTTA","D0","0",0.0889195234818111,0.571131005880121
"CTR01_ACGTAGTGTGCAACGA","D0","0",-0.175420407276149,0.317309019289723
"CTR01_ACTGTGATCTGCGATA","D0","0",-0.190364045282521,0.247454647861565
"CTR01_ACTTCCGAGTCGAGGT","D0","0",-0.184514550647625,0.383652751845368
"CTR01_AGACTCATCAAGTGGG","D0","6",-0.160237824890194,0.201191953934857
"CTR01_AGCATCATCACCCATC","D0","3",-0.103690079295727,-0.172700865805751
"CTR01_AGCCAGCGTAGAAACT","D0","3",-0.072694133314039,-0.103258107571211
"CTR01_AGCGCCAGTCTAGGCC","D0","3",-0.0761321702648364,-0.634152777321402
"CTR01_AGCGTATAGCCTGGAA","D0","0",-0.127575214309634,0.357158419730494
"CTR01_AGCGTCGCAGACCAAG","D0","0",-0.0544263816389954,0.620935297734857
"CTR01_AGGAGGTTCGTTTACT","D0","0",-0.183424262993041,-0.0624021466131455
"CTR01_AGGTAGGGTTTCGTTT","D0","0",-0.15248983038363,0.464890766855557
"CTR01_AGGTCTAGTAGCTTGT","D0","0",-0.161246692929487,0.290439118484969
"CTR01_AGGTTACCATGGAACG","D0","0",-0.183455841103157,0.497513370601534
"CTR01_AGTCAACAGTAGTCAA","D0","0",-0.082973439553823,0.261885024052064
"CTR01_AGTCATGAGAGTCACG","D0","0",-0.134299307246082,0.345699219079239
"CTR01_ATACCTTGTCTACTGA","D0","6",-0.162456129959479,0.191105315111756
"CTR01_ATCACGATCAAGCCGC","D0","3",-0.123660320324429,0.0401234980630205
"CTR01_ATCTCTATCACACGAT","D0","6",-0.183076393060365,0.726395159210903
"CTR01_ATGATCGGTATGAGCG","D0","0",-0.18256918000406,0.358807438100007
"CTR01_ATGGGTTCAGAACTAA","D0","6",-0.156367022261436,0.912231624914648
"CTR01_ATGGTTGAGAGAGTGA","D0","3",-0.0955327220386059,-0.257087478344877
"CTR01_ATGTCTTAGGCATCAG","D0","5",-0.211307605205716,-0.153308818151293
"CTR01_ATTCAGGTCCTAAACG","D0","0",-0.196362520632294,0.291693020656022
"CTR01_CAACCTCCAAGGATGC","D0","0",-0.137889332309396,0.358137365853342
"CTR01_CAAGCTATCTGACAGT","D0","8",-0.173912258830404,0.252215598820762
"CTR01_CAATCGATCAGTGCGC","D0","5",-0.190786718819727,-0.155648528481485
"CTR01_CACTGAACATCCGATA","D0","4",2.5938140704301,0.251412463961228
"CTR01_CAGATCATCCCATTCG","D0","3",-0.144224630483548,-0.408176207222789
"CTR01_CAGATCATCTGCTCTG","D0","0",-0.122386593860891,0.27459960078211
"CTR01_CATAAGCGTAATGCTC","D0","0",-0.151817331832049,0.174125584441488
"CTR01_CATCCGTAGCCTGTCG","D0","0",-0.188848950871151,0.406065040860242
"CTR01_CATCGGGGTCGCATCG","D0","5",-0.183436007892296,-0.27397682921409
"CTR01_CCACACTGTTAGAAGT","D0","0",-0.15636280349718,0.325499688803108
"CTR01_CCCAACTGTGGTTTAC","D0","3",-0.13622931027611,-0.0783788660410567
"CTR01_CCCTCTCCAAAGCACG","D0","0",-0.161804944343347,0.0792262300967581
"CTR01_CCGCAAGAGTGATGGC","D0","0",-0.145864412264174,0.348340748888828
"CTR01_CCTAACCCAAGCGAGT","D0","0",-0.149081322697765,0.568470159890141
"CTR01_CCTACGTTCATCCTAT","D0","6",-0.0666353240002545,0.60798455530865
"CTR01_CCTTGTGAGAGTCTTC","D0","3",-0.0937182777796897,-0.501329708878923
"CTR01_CGAAGGATCATAGACC","D0","6",-0.214381444781334,0.823899245977859
"CTR01_CGAGTGCAGTGTTCCA","D0","6",-0.177379236636459,0.80243672084743
"CTR01_CGCATAAGTACATTGC","D0","6",-0.085198625713553,0.116130620704113
"CTR01_CGGCAGTCAGTAGAAT","D0","0",-0.175565437783302,0.579807228550552
"CTR01_CGGCAGTGTTCGGCCA","D0","6",-0.000564285596559162,0.346498192118371
"CTR01_CGGCAGTTCCGTCAAA","D0","6",-0.161585437747036,0.679247681488454
"CTR01_CGGGTGTAGAGTTCGG","D0","0",-0.201124060394552,0.232645506230416
"CTR01_CGGGTGTAGTTAGTGA","D0","6",-0.174001257057464,1.10791777457846
"CTR01_CGGTCAGTCCGTTGAA","D0","3",-0.140888388743611,-0.0749492749664367
"CTR01_CGTAATGTCTTTACAC","D0","3",-0.188827516436655,-0.136815224427938
"CTR01_CGTTCTGGTCAGGTAG","D0","3",-0.0862652748387799,-0.416105556412945
"CTR01_CTACAGAGTAACAGGC","D0","6",-0.173143595890484,0.306176746686105
"CTR01_CTATAGGCAAGTAGTA","D0","6",0.286060905331594,0.694338117122514
"CTR01_CTATCTATCGTACACA","D0","6",-0.102083364500955,-0.398225123494277
"CTR01_CTCCCAATCGGTTGTA","D0","6",-0.166639897978837,1.25214123425763
"CTR01_CTGAATGTCCCAGGCA","D0","8",-0.14604025870021,0.291462609671217
"CTR01_CTGCGAGAGACAGTCG","D0","0",-0.164876359347072,0.229538282276351
"CTR01_CTGTGAACACTAGAGG","D0","0",0.0425495912248699,0.450992457704498
"CTR01_CTTAGGAAGAGCTGCA","D0","0",-0.174599262886396,0.408019197861698
"CTR01_CTTCAATCACCCGTAG","D0","5",0.223108079028221,-0.347912586758646
"CTR01_GAAGCCCTCGTCGATA","D0","2",0.0201030041070288,0.180759115097279
"CTR01_GAATAGAAGAACGCGT","D0","3",-0.136913450597831,-0.100172500373336
"CTR01_GACTCAAAGGATTACA","D0","5",-0.159349357358321,-0.466209420677129
"CTR01_GAGCTGCTCCATCTCG","D0","0",-0.189951893025036,0.273439490675936
"CTR01_GAGTTACTCTTAGCCC","D0","0",-0.155411754770148,0.524304081248858
"CTR01_GATAGAACATCTTAGG","D0","0",-0.181150949409391,0.504717241031621
"CTR01_GCAGTTAAGGTAAGAG","D0","0",-0.162024783180999,0.611210573598049
"CTR01_GCATGATCAGTATACC","D0","8",0.00739488423224958,-0.0707976701135307
"CTR01_GCCAACGTCTGCGTCT","D0","9",0.333117607922713,0.532287700644997
"CTR01_GCCCAGAGTCTCCTGT","D0","0",-0.0848742065115459,0.340589347127112
"CTR01_GCCCGAAGTCAAGCCC","D0","0",-0.197291811143438,0.456653301700327
"CTR01_GCCTGTTAGGCATTTC","D0","0",-0.152363030753203,0.517863229137357
"CTR01_GCGTGCACAAGCGCAA","D0","0",-0.181006951047773,0.0681060128920437
"CTR01_GCGTTTCAGTACCATC","D0","0",-0.161227212031298,0.278070438686075
"CTR01_GCTGAATAGCTTTGTG","D0","0",-0.162172162288199,0.376215833283529
"CTR01_GGAGCAAGTGGAATGC","D0","0",-0.116442983613396,0.312547051901944
"CTR01_GGCTGTGTCAACGCTA","D0","0",-0.18807118103537,0.25796346001763
"CTR01_GGCTTGGCATACATCG","D0","6",-0.0742142271388591,0.204557272373549
"CTR01_GGGTGTCGTTGCTCAA","D0","0",-0.174948401004214,0.371751108018106
"CTR01_GGTAATCTCTGGACTA","D0","3",-0.156694267184502,-0.171453638408408
"CTR01_GGTTCTCCATCGAGCC","D0","0",-0.140262943676015,0.57005677422519
"CTR01_GTAGAGGTCTAATTCC","D0","0",-0.177198455461902,0.490059521616144
"CTR01_GTAGCTAAGAGATCGC","D0","5",-0.166422952609694,-0.140595231217105
"CTR01_GTCACTCCAATGAACA","D0","0",-0.158296677821221,0.404359972984617
"CTR01_GTCGTAACATATCTCT","D0","0",-0.176904054709187,0.412776340621357
"CTR01_GTCTGTCTCAAGAGTA","D0","0",-0.0639046328443591,0.644971610025759
"CTR01_GTGCGTGTCATCGGGC","D0","0",-0.188897850980772,0.663939404435911
"CTR01_GTGTCCTTCTATGCCC","D0","0",-0.177705456807419,0.0806839653434792
"CTR01_GTGTTCCGTGATACAA","D0","0",-0.116365369424089,0.553243501674327
"CTR01_GTTGTGAAGTCGCTAT","D0","0",-0.14988811412473,0.483427508657178
"CTR01_GTTGTGACACACCGAC","D0","0",-0.167224021758637,0.494232391348783
"CTR01_TACCCACTCCGCAACG","D0","6",-0.225569346148993,0.905556262641329
"CTR01_TACGCTCTCAGGAAAT","D0","0",0.0446491824415271,0.606700439049621
"CTR01_TACTTGTTCCGTTTCG","D0","5",-0.114794520210707,-0.499853453847782
"CTR01_TAGGGTTAGAAGTCTA","D0","0",0.24849617929541,0.512138851918454
"CTR01_TATATCCGTGGAAATT","D0","0",-0.092788895020031,0.0840567986544018
"CTR01_TATCGCCGTCGTGGAA","D0","0",-0.176404661502044,0.338369616133148
"CTR01_TCAAGACTCTGTTCAT","D0","0",-0.132721356640934,0.213470674842156
"CTR01_TCACGGGGTCGTGGAA","D0","0",-0.173844311544131,0.322090833006724
"CTR01_TCAGTGACATGGGTTT","D0","0",-0.149398484589969,0.368580687325195
"CTR01_TCCCAGTCATCTTAGG","D0","0",-0.176623306778005,0.287618366565788
"CTR01_TCCCATGGTTCGTGCG","D0","0",-0.181807994778864,0.334228241824397
"CTR01_TCCGTGTGTTGCATAC","D0","0",-0.190884058452087,0.171132494062708
"CTR01_TCCTCCCGTGATCATC","D0","0",-0.118329270524422,-0.0329699325585875
"CTR01_TCGACGGAGGCAGGGA","D0","8",-0.177022623480414,0.273620640771097
"CTR01_TCGACGGCAGAGCCCT","D0","0",-0.151268361409019,0.401821925776089
"CTR01_TCGACGGTCGATTGAC","D0","0",-0.191012866484699,0.278479481461358
"CTR01_TCGATTTCAGTCGCAC","D0","0",-0.110720208511524,0.35737599760022
"CTR01_TCGCTTGCAGTCGCAC","D0","0",-0.190778103648247,0.572567222768095
"CTR01_TCGCTTGGTGGCCTCA","D0","0",-0.17942501443613,0.310427854822662
"CTR01_TCGTCCAGTTTACTGG","D0","0",-0.113676479865887,0.439563217715014
"CTR01_TCTACATGTGAGCCAA","D0","6",-0.111950239627433,0.0571490204270752
"CTR01_TCTCTGGCAAATGAAC","D0","0",-0.055071303124597,0.371682216934063
"CTR01_TCTTTGAGTGTTGATC","D0","0",-0.164401528581404,0.483256000272362
"CTR01_TGAGCATAGGTCCAGA","D0","0",-0.17290085027025,0.0371115698196865
"CTR01_TGATCAGGTGGGATTG","D0","0",-0.16812102101466,0.312360789186956
"CTR01_TGATTTCGTGCCTGCA","D0","0",-0.13624170713195,0.421905270885994
"CTR01_TGCACGGAGAGTCTTC","D0","8",-0.208100418543457,0.1744479628818
"CTR01_TGCAGATGTAGCGCCT","D0","6",-0.137012640304926,0.444292500316839
"CTR01_TGCGATACACCCTTGT","D0","6",-0.12110560746957,0.147359378819628
"CTR01_TGCGATATCCATTCGC","D0","6",0.186110747316613,0.977794044604764
"CTR01_TGCTTGCCACCTGCGA","D0","3",-0.152076214861475,-0.262843961078879
"CTR01_TGGGAAGTCCGAGATT","D0","0",-0.17304830042618,0.326217882411041
"CTR01_TGGTTAGTCTTGCAGA","D0","6",-0.180721822113521,0.735914587595548
"CTR01_TGTGAGTAGATACAGT","D0","0",-0.179090399301983,0.417594608158675
"CTR01_TGTTACTCACAATCTG","D0","0",-0.181797975067921,0.528535206150832
"CTR01_TGTTCTAAGCTTCATG","D0","6",-0.163498816406209,0.748106511835581
"CTR01_TGTTGGAAGCAATAGT","D0","0",0.0980820050301872,0.653976174848187
"CTR01_TTAGGCACAACGGTAG","D0","0",-0.18295952622855,0.223880117105274
"CTR01_TTCCTAATCTGGACTA","D0","6",-0.122706585537208,0.671565491516761
"CTR01_TTCGCTGAGGTACAGC","D0","3",-0.122326479603012,-0.536636819659489
"CTR01_TTGCATTGTCCAAATC","D0","6",-0.173988270736345,-0.109638922615042
"CTR01_TTGGGCGCACAGTCGC","D0","0",-0.187079715641635,0.439573783014624
"CTR01_TTGTGTTTCTCCGCAT","D0","0",-0.187813135843691,0.459949643853161
"CTR01_TTGTTGTCATCCGGTG","D0","6",-0.102061354542691,0.0943727505111983
"CTR02_AAACGAAAGGATGAGA","D0","6",-0.184414712956732,0.725050821088661
"CTR02_AAACGAACATCCTATT","D0","0",-0.1749627586545,0.354306968615921
"CTR02_AAACGCTTCCACTGGG","D0","0",-0.175764828268049,0.243107089815965
"CTR02_AAACGCTTCCTGGCTT","D0","0",-0.190504387231549,0.463507835828815
"CTR02_AAACGCTTCTGGCCAG","D0","0",-0.115730318291029,0.113455637432228
"CTR02_AAAGGATGTCAAGCGA","D0","0",-0.190341745252104,0.100557740917807
"CTR02_AAAGGATTCAAGGTGG","D0","0",-0.160511498599817,0.584089796015566
"CTR02_AAAGGATTCTACTATC","D0","8",-0.215078343419202,-0.006137080451846
"CTR02_AAAGTCCGTTGCTCCT","D0","6",0.00826187215725343,0.804368394229562
"CTR02_AAAGTCCTCGTAACTG","D0","5",-0.0687424260749917,-0.0480794526163659
"CTR02_AAAGTGAGTTCGGCCA","D0","0",-0.19958653537381,0.729168577907682
"CTR02_AAAGTGAGTTGACTGT","D0","0",-0.202957012068742,0.0508161432620512
"CTR02_AAAGTGATCAAGCTGT","D0","0",-0.124973362095109,0.445536481012536
"CTR02_AAATGGAGTGATACAA","D0","0",-0.171251485936162,0.37485950205047
"CTR02_AACACACTCATGGATC","D0","6",0.174687851919339,0.527193077200085
"CTR02_AACAGGGGTTCCGGTG","D0","8",0.0302891991968323,0.280790839504931
"CTR02_AACAGGGTCGTGTGGC","D0","7",4.3662257067544,1.10887971040166
"CTR02_AACCAACAGATTCGAA","D0","0",-0.152046799460565,0.403601305816725
"CTR02_AACCCAAAGTGTACCT","D0","0",-0.191417664892819,0.527607921051384
"CTR02_AACCTGATCTAAGCGT","D0","6",-0.192766366552576,0.826034219291173
"CTR02_AACCTTTTCCTCATAT","D0","0",-0.124383379392667,0.52781048649296
"CTR02_AACGAAAGTTGCGGCT","D0","0",-0.101882226387624,0.384016951667931
"CTR02_AACGGGAAGCACCGTC","D0","0",-0.163477351382607,0.727602002415648
"CTR02_AACGTCAGTACACGCC","D0","0",-0.128397292206207,0.170065563780834
"CTR02_AACTTCTAGTATCTGC","D0","0",-0.141187638596468,0.416775730808112
"CTR02_AACTTCTCACAGCTGC","D0","0",-0.177708268764416,0.385617604042237
"CTR02_AACTTCTGTAGATTGA","D0","0",-0.176546991591263,0.507452375224658
"CTR02_AAGAACAAGGGCTTCC","D0","0",-0.162843955176206,-0.048759980821681
"CTR02_AAGCATCAGGCCCAAA","D0","3",-0.078783917484409,-0.626500322565809
"CTR02_AAGCGAGGTTGTTTGG","D0","0",-0.154063968420886,0.339588760165233
"CTR02_AAGCGTTAGATACTGA","D0","0",-0.0694820532747777,0.417083971482261
"CTR02_AAGGAATAGGTACAGC","D0","6",-0.00269289623114457,0.653512600561659
"CTR02_AAGGAATCAAGTGGTG","D0","0",-0.167167028218717,0.503272485866337
"CTR02_AAGGAATTCCAACACA","D0","0",-0.128548059304666,0.372724654446142
"CTR02_AAGTACCCACACGTGC","D0","6",0.0602988377981403,0.718428731579734
"CTR02_AAGTCGTTCCACAAGT","D0","0",-0.117778804797267,0.508937075047507
"CTR02_AAGTGAACATCAGTGT","D0","6",-0.13954642327914,0.959747270082897
"CTR02_AAGTTCGGTCAGTCGC","D0","0",-0.165952980343862,0.225975073354031
"CTR02_AATAGAGTCAGGGATG","D0","0",-0.116620005254508,0.364341392139975
"CTR02_AATAGAGTCGTAACTG","D0","0",-0.199243789471642,0.336488160682351
"CTR02_AATCGACGTGACATCT","D0","0",-0.166703972885804,0.641081697393565
"CTR02_AATCGACGTTATCTGG","D0","0",-0.0567700117155036,0.293485878701463
"CTR02_AATCGTGTCGGCTATA","D0","0",-0.168476574212368,0.00986939238616587
"CTR02_AATGAAGCACCATATG","D0","0",-0.10734284280904,0.351103541087627
"CTR02_AATGAAGCAGTAGGAC","D0","0",-0.17193529330606,0.364149762328425
"CTR02_AATGGCTGTGCGTTTA","D0","0",-0.0833631643818136,0.410649559262665
"CTR02_AATGGCTTCCATGAGT","D0","0",-0.182606266357074,0.561277618210458
"CTR02_AATTTCCAGGAGGTTC","D0","9",0.464416472216059,0.698414411688153
"CTR02_ACAAAGAAGTCGAAAT","D0","6",-0.15823938074618,0.841903991268232
"CTR02_ACAAAGACAGAGATTA","D0","0",-0.178639244964781,0.326137905722358
"CTR02_ACAAAGAGTCGCGTCA","D0","0",-0.170266512957708,0.482658520617946
"CTR02_ACAAAGAGTCGGATTT","D0","0",-0.142619884565089,0.404754527991173
"CTR02_ACAAAGAGTGAGAGGG","D0","0",-0.152063193136576,0.578546019655966
"CTR02_ACACAGTAGTCTTGGT","D0","0",-0.171481727013601,0.638868656524083
"CTR02_ACACCAAGTATGGTTC","D0","0",-0.119723123889566,0.264182919411725
"CTR02_ACACGCGCAAAGAGTT","D0","0",-0.155250368402157,0.284543320712985
"CTR02_ACACGCGCAATTGCCA","D0","6",-0.14169092508699,1.47942693995598
"CTR02_ACACGCGCAGGAGACT","D0","6",-0.15933264020793,0.537338940757505
"CTR02_ACACTGAGTTATTCTC","D0","0",-0.137583477173466,0.568953488113328
"CTR02_ACAGAAAAGACTCGAG","D0","0",-0.215896215304031,0.14025409333289
"CTR02_ACAGAAACAGCGTGAA","D0","0",-0.192534450307021,0.406165299001153
"CTR02_ACAGGGACAAATGCGG","D0","0",0.0165434934005518,0.577480745348274
"CTR02_ACATCCCCACCTATCC","D0","9",0.69445508223354,0.53287012967761
"CTR02_ACATGCATCACTTATC","D0","6",-0.148596251866819,0.469904111506133
"CTR02_ACATTTCGTAGTCTTG","D0","0",-0.116817022069327,0.659919818044457
"CTR02_ACATTTCTCACTTCTA","D0","0",-0.107814652651575,0.532360049735685
"CTR02_ACCAAACTCGCCTCTA","D0","3",-0.186468610280066,0.09174308530584
"CTR02_ACCAACAAGCTAATCC","D0","0",-0.217229789112839,0.534531446422302
"CTR02_ACCAACAAGGCTATCT","D0","3",-0.0866833917231267,-0.378817636986986
"CTR02_ACCATTTCAGTGAGCA","D0","0",-0.13994029645143,0.354712322368265
"CTR02_ACCGTTCCACGCAAAG","D0","6",-0.178529789953999,0.443659980277687
"CTR02_ACCTACCAGGGCTAAC","D0","0",-0.164231360811032,0.155041183339047
"CTR02_ACCTACCAGGTCGCCT","D0","0",-0.11863517085756,0.302900177599054
"CTR02_ACCTACCCAAGTGCAG","D0","0",-0.210539918469927,0.506540328054163
"CTR02_ACCTGAAGTGATCGTT","D0","0",-0.0519145766470611,0.439675288428189
"CTR02_ACCTGTCAGACGACGT","D0","0",-0.0566904919389372,0.352294429457189
"CTR02_ACCTGTCCATCAGCTA","D0","6",-0.132864048498378,0.597945294057315
"CTR02_ACGATCAGTGCCAAGA","D0","3",-0.187564235153535,-0.39927160245668
"CTR02_ACGATGTGTCGTATTG","D0","0",-0.197338594690763,0.432500279749843
"CTR02_ACGGTCGAGCAGCCCT","D0","6",-0.17013660808452,0.741217125166716
"CTR02_ACGTAACGTTTCTTAC","D0","0",0.133680342183018,0.69597720179732
"CTR02_ACGTACAGTATGGTTC","D0","3",-0.152575703939327,-0.793607374941825
"CTR02_ACGTAGTGTGCATACT","D0","0",-0.194665090489239,0.445283064386986
"CTR02_ACGTCCTGTTGTAGCT","D0","0",-0.192020480295078,0.256779047042977
"CTR02_ACGTTCCCAGTAGATA","D0","6",-0.189648741880746,0.761562029817904
"CTR02_ACTACGAAGGGTAATT","D0","6",-0.0478120161011161,0.229830120509402
"CTR02_ACTATCTCAAGCGCAA","D0","0",8.75926038358434e-05,0.437556703802705
"CTR02_ACTCTCGAGAGCACTG","D0","6",-0.192022071293565,0.512484657337442
"CTR02_ACTCTCGTCTTCACGC","D0","8",-0.165583663690292,0.217053844760992
"CTR02_ACTGATGCACCGTCGA","D0","0",-0.192770532794567,0.305737641742095
"CTR02_ACTGATGCAGTGTATC","D0","0",-0.136086097979119,0.457544183672495
"CTR02_ACTGCAAGTCGAGTGA","D0","8",-0.201623073921863,0.272423294851412
"CTR02_ACTTAGGAGGAGGTTC","D0","8",-0.148371154170193,0.240800460696781
"CTR02_ACTTCCGAGGACGGAG","D0","0",-0.176423867021659,0.5802970286012
"CTR02_ACTTTCAGTTAACAGA","D0","0",-0.201671826225986,0.813706187979012
"CTR02_ACTTTGTGTCCATAGT","D0","0",-0.182772541021515,0.169200180331401
"CTR02_ACTTTGTTCTGGCCAG","D0","6",-0.157024401493477,0.583359891503258
"CTR02_AGAACAATCTCATGGA","D0","0",-0.143598451115775,0.218491175362049
"CTR02_AGAAGCGAGGCCTGAA","D0","0",-0.0727498596284384,0.579468872100473
"CTR02_AGAAGTAAGAGAACCC","D0","0",-0.189070596624037,0.563314948243283
"CTR02_AGAAGTACATCAACCA","D0","0",-0.22011003159068,0.398784683636779
"CTR02_AGAAGTATCTAGTTCT","D0","0",-0.165388537603592,0.627553635485661
"CTR02_AGACAAAAGAATAGTC","D0","0",-0.182021245717456,0.417052448752351
"CTR02_AGACAGGTCCAGTTCC","D0","0",-0.133162301775115,0.310070021452789
"CTR02_AGACCCGTCCATCGTC","D0","0",-0.198300844017896,0.593232498819235
"CTR02_AGACTCACACATCATG","D0","0",-0.205106844230076,0.308103487339609
"CTR02_AGACTCATCCCATACC","D0","0",-0.20505491933159,0.461875717003207
"CTR02_AGAGAATCAGTTCACA","D0","0",-0.107267294673148,0.537329125732126
"CTR02_AGAGAGCGTATTGACC","D0","0",-0.148465247513922,0.28338298444055
"CTR02_AGAGAGCTCTTCGCTG","D0","0",-0.176563034253347,0.235689597109202
"CTR02_AGATAGAAGATGCCGA","D0","0",-0.104208279826781,0.645229773316696
"CTR02_AGATGAAAGGTCACTT","D0","0",-0.206119095309721,0.598107467440367
"CTR02_AGATGCTTCGCCAGAC","D0","6",-0.0602384767626755,0.756679541468957
"CTR02_AGCCAATAGTTGGGAC","D0","0",-0.179538294424266,0.258478456428888
"CTR02_AGCCAATCATGCGGTC","D0","0",-0.12195574242887,-0.021390922093685
"CTR02_AGCCACGCAGATCCTA","D0","0",0.245352130427807,0.316192882808566
"CTR02_AGCCACGTCGGATTAC","D0","0",-0.17652849080205,0.498796859319225
"CTR02_AGCGATTGTGTATCCA","D0","0",-0.168504520960315,0.309502913254898
"CTR02_AGCGCTGTCCTTCACG","D0","0",-0.177456658855707,0.578737701589283
"CTR02_AGCGTATTCCAGTTCC","D0","0",-0.0965108539559945,0.472393750393643
"CTR02_AGCGTCGGTTCGATTG","D0","0",-0.18728490550388,0.520513695779122
"CTR02_AGCTACAAGGATTTGA","D0","6",-0.215651875695164,1.42975359789627
"CTR02_AGCTACAAGGTTTGAA","D0","6",-0.161092923721342,0.818468498538752
"CTR02_AGCTACACATAATCGC","D0","0",-0.143687252816329,0.371997961849416
"CTR02_AGCTCAACAGCGGTTC","D0","9",0.960160287076015,0.355354407708159
"CTR02_AGGAATATCAAGTCGT","D0","6",-0.147851152628895,0.70949963098522
"CTR02_AGGAATATCCATTTAC","D0","0",-0.173151564882815,0.273776366498604
"CTR02_AGGACGATCGGAATTC","D0","0",-0.194209141046016,0.428071503412547
"CTR02_AGGACTTGTGGCACTC","D0","0",-0.187575655345462,0.558093685427152
"CTR02_AGGATAAAGGCATCTT","D0","0",-0.160351779173687,0.211471505763731
"CTR02_AGGATAACAGCTGCCA","D0","0",-0.173862279913801,0.555771846322928
"CTR02_AGGATAATCAGTCACA","D0","0",-0.163109280760451,0.317390446314469
"CTR02_AGGATCTGTATTCCTT","D0","8",-0.196867334354382,0.112369727107108
"CTR02_AGGATCTGTTAAACCC","D0","0",-0.154218105282934,0.495630281017453
"CTR02_AGGCATTAGGTTGGTG","D0","0",-0.195418343286398,0.548485947245495
"CTR02_AGGCATTAGTACAGAT","D0","6",-0.149352771491269,0.553021952177928
"CTR02_AGGCTGCCATCACAGT","D0","0",-0.0691000222140973,0.316562403995331
"CTR02_AGGCTGCTCTCTCCGA","D0","0",-0.142508136635942,0.381984626832115
"CTR02_AGGGAGTAGGTAACTA","D0","8",-0.1844979761646,0.0729619590299441
"CTR02_AGGGCCTTCGTGGGTC","D0","0",-0.131848190565084,0.125772118063947
"CTR02_AGGGCTCAGTTTAGGA","D0","0",-0.156249322924663,0.525729040519756
"CTR02_AGGGCTCTCATTCATC","D0","3",-0.0630353771197223,-0.382978216040514
"CTR02_AGGGTCCCAAGCGATG","D0","0",0.0600599478549702,0.244083478432486
"CTR02_AGGGTCCGTCTTCGAA","D0","0",-0.17964005371237,0.612236507545352
"CTR02_AGGGTTTTCTTACTGT","D0","0",-0.0870749211783519,0.421014904944819
"CTR02_AGGTCATCACAGAAGC","D0","0",-0.183617045016989,0.444121941841413
"CTR02_AGTAACCAGTTCACTG","D0","0",-0.167171436403735,0.537832928803322
"CTR02_AGTACTGCACTTGAAC","D0","0",-0.105207034223863,0.0631203170560813
"CTR02_AGTAGTCAGGAACGAA","D0","6",-0.0972768414911453,0.997840618079567
"CTR02_AGTAGTCCATAGTCAC","D0","0",-0.174258700653394,0.579252561816742
"CTR02_AGTAGTCGTCGCAACC","D0","3",-0.170743691642939,-0.158752010596303
"CTR02_AGTAGTCGTGCCTTCT","D0","0",-0.170201491524639,0.326229704796809
"CTR02_AGTAGTCGTTCAGTAC","D0","6",-0.167926764118833,0.818723590928709
"CTR02_AGTGATCTCCTCCACA","D0","0",-0.0766463525170244,0.319610380168725
"CTR02_AGTTAGCCAAAGCTCT","D0","6",0.172763479098458,0.793668173391742
"CTR02_AGTTAGCGTAGTGTGG","D0","0",-0.0869681977378312,0.402232614780286
"CTR02_AGTTCCCAGTTTGAGA","D0","0",-0.199668198680032,0.833067067164095
"CTR02_AGTTCCCCAGCGTGAA","D0","0",-0.0257309334234187,0.276978176039677
"CTR02_AGTTCGAGTCGTTTCC","D0","0",-0.158069099637253,0.0213903107740574
"CTR02_ATACCGACAGCAGGAT","D0","6",-0.149290758744217,0.933820529851966
"CTR02_ATACCTTTCCTGTTGC","D0","0",-0.171094783220956,0.129618096452201
"CTR02_ATACTTCCAGGTTACT","D0","0",-0.167222246839324,0.536179666868252
"CTR02_ATAGACCCAAGGTCGA","D0","0",-0.122610229029337,0.406171806247616
"CTR02_ATAGAGATCGTTGTTT","D0","6",-0.186587617157249,0.227159668121441
"CTR02_ATAGGCTAGGTGCAGT","D0","0",-0.157355992305146,0.373216547600337
"CTR02_ATAGGCTAGTATAGAC","D0","0",-0.208698168955371,0.457840642109711
"CTR02_ATAGGCTGTACCACGC","D0","0",-0.11147425977038,0.287665878432662
"CTR02_ATAGGCTGTACGGATG","D0","0",-0.179725064282431,0.524516734960949
"CTR02_ATCACAGCATCACGGC","D0","6",-0.0467986381231175,0.894651241447006
"CTR02_ATCACGAAGCCTAGGA","D0","0",-0.0771539983938112,0.478768937512379
"CTR02_ATCACTTAGAGACAAG","D0","0",-0.176384102322087,0.30243555939377
"CTR02_ATCATTCAGTTGCATC","D0","0",-0.146275104968016,0.322761142734293
"CTR02_ATCCACCGTAGAAACT","D0","0",-0.161188696461542,0.49029585361412
"CTR02_ATCCATTAGACTCTAC","D0","0",-0.119946655040779,0.163947815219607
"CTR02_ATCCATTAGGATTACA","D0","0",-0.210338597225631,0.671324179561628
"CTR02_ATCCATTAGTGCAACG","D0","0",-0.16864093764048,0.359390221731121
"CTR02_ATCCATTAGTTGCATC","D0","0",-0.222450472809535,0.211397746290503
"CTR02_ATCCATTCACGTTCGG","D0","6",-0.0910028219890832,1.02623845235391
"CTR02_ATCGATGGTCTACGTA","D0","3",-0.118626382789934,-0.620387684643848
"CTR02_ATCGATGGTTCTTGTT","D0","0",-0.167337317533675,0.611753896966686
"CTR02_ATCGGATTCTATCGCC","D0","6",-0.132329778778395,0.729967459033678
"CTR02_ATCGTCCTCAGTCAGT","D0","0",-0.161661887511405,0.3847573149361
"CTR02_ATCGTGAAGCTGAAGC","D0","0",-0.156452096205036,0.526053632342599
"CTR02_ATCGTGAGTAACAGGC","D0","9",0.256881709541599,0.511109287855783
"CTR02_ATCTTCAAGTGCACAG","D0","0",-0.138976034365244,0.255834661485463
"CTR02_ATGAAAGAGAAGTCAT","D0","0",-0.0173580224402642,0.347888989758899
"CTR02_ATGAAAGTCTAGTTCT","D0","0",-0.101627022030525,0.562284601549371
"CTR02_ATGAGGGCAGGTGGAT","D0","6",-0.195856649947858,0.680478795304233
"CTR02_ATGAGGGTCATTTGTC","D0","0",-0.188427430133132,0.201622007832244
"CTR02_ATGATCGAGTAGACCG","D0","0",-0.0976449737209034,0.700100244596589
"CTR02_ATGCATGAGCATATGA","D0","0",-0.0759119117067848,0.326487107129351
"CTR02_ATGGAGGAGTTACGTC","D0","6",-0.188518423173799,0.805538437769258
"CTR02_ATGGAGGGTCGTACAT","D0","8",-0.138244871643867,0.233164960717772
"CTR02_ATGGAGGGTGATTGGG","D0","0",-0.100088087126387,0.252560262293511
"CTR02_ATGGAGGTCCACTAGA","D0","6",-0.116221315779343,0.738601011306156
"CTR02_ATGGAGGTCGCTACGG","D0","6",-0.181913810312471,0.124650920451239
"CTR02_ATGGAGGTCTGAGCAT","D0","0",-0.144868736070375,0.508131343174175
"CTR02_ATGGGTTTCGCCTTTG","D0","3",-0.166002575545354,-0.0467677608821483
"CTR02_ATGGTTGAGCAGGGAG","D0","0",-0.135128985653337,0.628260126751925
"CTR02_ATGTCTTTCAGTCTTT","D0","0",-0.16508398318946,0.427515331552576
"CTR02_ATTACCTAGTCCGCGT","D0","0",-0.0355198544479988,0.351057626944325
"CTR02_ATTACTCTCTCGGCTT","D0","0",-0.139281172819416,0.474192908746271
"CTR02_ATTCACTCACAGGATG","D0","0",-0.135677027509521,0.450771556282346
"CTR02_ATTCAGGAGGTAGATT","D0","0",-0.108442178044111,0.432254635238206
"CTR02_ATTCAGGCAGCTGTTA","D0","0",-0.228504451323323,0.437709129338755
"CTR02_ATTCAGGGTTAAGTCC","D0","0",-0.187888509641307,0.435691630054764
"CTR02_ATTCATCGTTGCTAGT","D0","0",-0.186052031832382,0.470059791190706
"CTR02_ATTCCTAAGGACACTG","D0","3",-0.159831887193996,-0.502370022755892
"CTR02_ATTCGTTCACTCACTC","D0","0",-0.173467031948592,0.168575968983901
"CTR02_ATTCGTTTCTGTCAGA","D0","0",-0.160407040235456,0.378669869430308
"CTR02_ATTGGGTCACCAATTG","D0","6",-0.142472901279475,0.628662334483611
"CTR02_ATTGGGTGTCCAAATC","D0","0",-0.161482383282945,0.445160238377816
"CTR02_ATTGGGTTCACAGTGT","D0","3",-0.14984639684142,-0.268677400368756
"CTR02_ATTTCACGTAACTTCG","D0","0",-0.174704688921491,0.125875001591051
"CTR02_ATTTCACGTACCTAAC","D0","0",-0.0804126980840023,0.367129717061498
"CTR02_ATTTCACTCGGTGCAC","D0","6",-0.173226239543843,0.926618757898402
"CTR02_ATTTCTGAGGTCATCT","D0","0",-0.211924664430507,0.42135918292828
"CTR02_ATTTCTGAGTAGATCA","D0","0",-0.192574294046057,0.429249537740339
"CTR02_CAAAGAAAGGGCTTCC","D0","0",-0.184353063714439,0.587755365146754
"CTR02_CAACGGCAGCTCGAAG","D0","0",-0.198317224752141,0.421590510943733
"CTR02_CAAGAGGCAACAACAA","D0","0",-0.184753033778409,0.456906812085533
"CTR02_CAAGAGGGTTCTCGTC","D0","6",-0.194897000606212,0.723847386215225
"CTR02_CAAGAGGTCCTTCAGC","D0","0",-0.168761390427545,0.821461183588111
"CTR02_CAAGGGACACACACGC","D0","5",-0.183308834510717,-0.446985646459749
"CTR02_CAAGGGATCAAACGAA","D0","8",-0.173802837672125,0.175467184724773
"CTR02_CAAGGGATCGGCTCTT","D0","3",-0.150545777911447,-0.88516439209756
"CTR02_CAATACGAGTATAACG","D0","2",1.99774248188223,-0.0107753069385803
"CTR02_CAATACGTCACTTATC","D0","0",-0.0482316208600185,0.450629703664212
"CTR02_CAATGACAGGGAGAAT","D0","6",-0.179202279929566,0.848779042338007
"CTR02_CAATTTCAGCGTTCAT","D0","0",-0.216860166796709,0.51948503042677
"CTR02_CAATTTCCACTTCAGA","D0","6",-0.158959857636504,0.761858942378721
"CTR02_CAATTTCCAGTTAGAA","D0","0",-0.0679579175671955,0.091457486933629
"CTR02_CAATTTCTCGGAGTGA","D0","6",-0.170689469619322,1.15278317890818
"CTR02_CACAACATCGCATGAT","D0","6",-0.140455943043982,0.478849025240757
"CTR02_CACAGATGTTCAGCTA","D0","6",-0.149590008782332,0.989557419380213
"CTR02_CACATGATCGAGTGAG","D0","0",-0.160676583728254,0.104506178371882
"CTR02_CACCAAAAGGATTCCT","D0","6",-0.106921982912662,0.32297718155253
"CTR02_CACCGTTAGATCACCT","D0","9",0.662492187479173,0.318168108890048
"CTR02_CACCGTTTCGTCGGGT","D0","0",-0.178325614894847,0.302497443006686
"CTR02_CACGAATCAGTTGGTT","D0","8",0.493774981990292,0.0400755446212473
"CTR02_CACGAATCATTACTCT","D0","0",-0.0978793544796248,0.366479461077407
"CTR02_CACGAATTCATCCTAT","D0","0",-0.0230898864748626,0.364008243582336
"CTR02_CACTGAAAGGAAAGTG","D0","0",0.15914769884705,0.331786433164183
"CTR02_CACTTCGGTGAATAAC","D0","0",-0.148838859473065,0.112083067964421
"CTR02_CAGAGCCCAACAGAGC","D0","0",-0.1558632907846,0.4612712838727
"CTR02_CAGAGCCCAACTTGCA","D0","4",2.20966038191146,0.270556566140482
"CTR02_CAGATACTCGAGTCCG","D0","0",-0.172707539397206,0.252528120404352
"CTR02_CAGATCACAAGCGGAT","D0","0",-0.14430203197205,0.525232663282051
"CTR02_CAGATCATCCGTTTCG","D0","0",-0.0976366152444537,0.406512351196901
"CTR02_CAGCAATAGACAACAT","D0","0",-0.176938971928635,0.354057044224745
"CTR02_CAGCAATGTAGGTGCA","D0","0",-0.180796941693888,0.433702790334214
"CTR02_CAGCACGCAACGGGTA","D0","0",-0.181112604122963,0.424505730247996
"CTR02_CAGCGTGCAGATTTCG","D0","0",-0.170282563902601,0.310773400018669
"CTR02_CAGGCCAGTACCGTCG","D0","6",-0.124614734752248,0.945473208535408
"CTR02_CAGGGCTAGGGTGAGG","D0","0",-0.174112063843871,0.808404694651545
"CTR02_CAGGGCTGTGGACCTC","D0","0",-0.188136919333678,0.483097562399629
"CTR02_CAGGTATTCAAAGGAT","D0","6",-0.226368011013176,0.214621003738272
"CTR02_CATACAGAGGCGTTAG","D0","6",-0.199432590802611,0.723429207027468
"CTR02_CATACAGTCATTGTTC","D0","0",0.0330386094140156,0.168999497035035
"CTR02_CATCCCAGTTACCCTC","D0","0",-0.0622488792244197,0.156270697546791
"CTR02_CATCCCATCAAATGAG","D0","0",-0.0375741014976537,0.384118526491251
"CTR02_CATCCGTGTGGCACTC","D0","0",-0.107280433767284,0.133322124990277
"CTR02_CATCGCTAGTGTACCT","D0","0",-0.1722720673017,0.636481219474967
"CTR02_CATCGCTTCCTCTTTC","D0","0",-0.0786458911122564,0.246969694048506
"CTR02_CATCGTCCACGCGTCA","D0","0",-0.215996255352422,0.55691166337144
"CTR02_CATCGTCTCGTACCTC","D0","0",-0.126697797275491,0.378986309943608
"CTR02_CATGCGGGTAAGACCG","D0","3",-0.227916354733449,-0.561067408807201
"CTR02_CATGCTCAGGACAGTC","D0","0",-0.183438080188166,0.753776546856754
"CTR02_CATGGATAGGCGAACT","D0","0",-0.0216686024681528,0.598656171093149
"CTR02_CATGGTAGTTCATCGA","D0","0",-0.175334069221695,0.521613995300141
"CTR02_CATTGAGAGCCTTTGA","D0","6",-0.205565038279248,-0.0578682351859477
"CTR02_CATTGAGTCGTTCTGC","D0","0",-0.169989414014935,0.0942538883344442
"CTR02_CCACCATAGACGTCCC","D0","0",-0.14410043223842,0.244770713461109
"CTR02_CCACCATGTCTGTGTA","D0","0",-0.229321913378608,0.153662833934712
"CTR02_CCACGAGGTTCAGGTT","D0","6",-0.196741878568476,0.964581609283946
"CTR02_CCACGTTAGGATATAC","D0","3",0.0107841550260634,-0.493808061234978
"CTR02_CCACGTTGTCATTCCC","D0","0",-0.18971502738524,0.228043920687692
"CTR02_CCACTTGGTAACTTCG","D0","6",-0.153688737290586,0.930834590488717
"CTR02_CCACTTGGTGTCTTGA","D0","0",0.0335917542424331,0.563392476902566
"CTR02_CCATCACCAAAGGGTC","D0","6",-0.146472135535404,0.754924152642628
"CTR02_CCCAACTCATTAGGCT","D0","3",-0.192646336818761,-0.759640650670229
"CTR02_CCCGAAGCAGTTGTCA","D0","6",-0.149705653621244,0.844371143913956
"CTR02_CCCGAAGGTAGCGCTC","D0","0",-0.206252790356301,0.442762403574653
"CTR02_CCCGGAAAGGCTAGCA","D0","0",-0.190563059287116,0.480714608072128
"CTR02_CCCGGAAGTTGGGATG","D0","0",-0.175994569087133,0.592407186874214
"CTR02_CCCTAACTCTGCGTCT","D0","0",-0.178718823602162,0.574731279101651
"CTR02_CCCTGATCACCCAACG","D0","6",-0.183410795979347,0.764149004400138
"CTR02_CCCTTAGCATCCGAGC","D0","6",-0.042871982342806,0.574792897293102
"CTR02_CCGAACGCAGGCGAAT","D0","6",0.0475021141317007,0.770239135767911
"CTR02_CCGGGTACAATAAGGT","D0","6",-0.0979208022415892,0.693837014093598
"CTR02_CCGGGTAGTCCATACA","D0","6",-0.221361148104304,0.856878565411874
"CTR02_CCGGTAGGTGCGGCTT","D0","0",-0.0203255715338488,0.336240414952794
"CTR02_CCGTGAGCATAGATGA","D0","0",-0.0704093328166596,0.312566694540486
"CTR02_CCGTTCATCCATATGG","D0","0",-0.193718481148881,0.461442127281922
"CTR02_CCGTTCATCGGAATTC","D0","0",-0.167192649888479,0.418732626092154
"CTR02_CCTAACCCAGCGAACA","D0","6",-0.193251082216978,0.613471356499311
"CTR02_CCTAACCTCCGTTGGG","D0","0",-0.194454507587647,0.343323291298321
"CTR02_CCTAAGATCCTGGCTT","D0","0",-0.183635590032948,0.413544917573396
"CTR02_CCTATCGTCATGGAGG","D0","6",-0.20670066333591,0.971594417933138
"CTR02_CCTCAACAGTGCTAGG","D0","0",-0.131560971266698,0.251788405069961
"CTR02_CCTCAACGTAGTGCGA","D0","6",-0.137341514138137,0.675647648006789
"CTR02_CCTCACAGTTATAGAG","D0","0",-0.159987469082034,0.477394114847116
"CTR02_CCTCAGTGTAGTGGCA","D0","0",-0.167651223807044,0.479192751316591
"CTR02_CCTCAGTTCAAAGGTA","D0","0",-0.209496230786566,0.523467823856707
"CTR02_CCTCATGTCTTCCCGA","D0","0",-0.111718933550384,0.270318811280121
"CTR02_CCTCCTCAGTTGAAAC","D0","3",-0.237932582257604,-0.315426412801286
"CTR02_CCTCCTCGTCGACTTA","D0","6",0.272296686464151,1.30587896656361
"CTR02_CCTCTAGGTGTCTCCT","D0","0",-0.196075790310496,0.492832150942673
"CTR02_CCTCTAGTCATCTATC","D0","0",-0.0280758551930794,0.345498127567665
"CTR02_CCTCTCCGTACCATAC","D0","0",0.0704443479788131,0.344099420959854
"CTR02_CCTCTCCGTAGATCGG","D0","0",-0.0468189643731674,0.521957648176833
"CTR02_CCTGCATAGAAGCGCT","D0","0",0.201150088791219,0.480508409190121
"CTR02_CCTGCATAGTCATCCA","D0","6",-0.140184413922563,0.444608095165551
"CTR02_CCTGTTGTCTCTCAAT","D0","0",0.419334967530582,0.205575524762847
"CTR02_CCTTGTGAGCGTACAG","D0","0",-0.202791539273855,0.353503812753648
"CTR02_CCTTGTGCAGTGCGCT","D0","0",-0.176054071375513,0.645252676136152
"CTR02_CCTTGTGGTGTCGATT","D0","0",-0.12972387274214,0.419058208521408
"CTR02_CGAAGGAAGTATGATG","D0","0",-0.209101270759388,0.662394292719719
"CTR02_CGAAGTTGTCTCTCCA","D0","0",-0.153275362159978,0.504184323396296
"CTR02_CGAATTGTCGTTTACT","D0","0",-0.187368130360042,0.319623898959748
"CTR02_CGAGGCTAGGCTAACG","D0","0",-0.188537423445541,0.501873730648489
"CTR02_CGAGGCTGTAAGCTCT","D0","9",0.701780865498139,0.701071415650902
"CTR02_CGATCGGGTAGTTAGA","D0","9",0.353802638151632,0.975767203522586
"CTR02_CGCAGGTTCTATTGTC","D0","0",0.658932922219251,0.21353622544074
"CTR02_CGCATAAGTGATACAA","D0","3",-0.169932938893799,-0.154821182830072
"CTR02_CGCATGGGTATCAGCT","D0","0",-0.150365909508047,0.280625512758372
"CTR02_CGCCAGAAGAGCAACC","D0","0",-0.139232339795614,0.272013961308834
"CTR02_CGCCAGAGTGAGGATC","D0","6",-0.114226587667471,0.825482363273843
"CTR02_CGCCAGATCTCGGCTT","D0","0",-0.212751820228802,0.47708151600476
"CTR02_CGGAACCCACTATCGA","D0","3",-0.0700067061945009,-0.341554647900773
"CTR02_CGGCAGTTCGTCCTCA","D0","0",-0.114983612327676,0.568208577289988
"CTR02_CGGGACTGTTCGTGCG","D0","0",-0.124386742773058,0.314447996967683
"CTR02_CGGGCATGTCGAGCAA","D0","0",-0.185671186166039,0.558451510427341
"CTR02_CGGGTGTGTCCTGGTG","D0","0",-0.164579954975815,0.594653665127873
"CTR02_CGGTCAGGTCTAACGT","D0","0",-0.102926677074036,0.379318476247051
"CTR02_CGTAATGTCTCGACGG","D0","0",-0.108311350705152,0.399552518721496
"CTR02_CGTAGTAGTAGGTACG","D0","0",-0.18347094725852,0.375018155976359
"CTR02_CGTCAAAAGGGACACT","D0","0",-0.158472348675519,0.283585405387474
"CTR02_CGTCAAACATTAAAGG","D0","6",-0.101110947463893,0.917962274389485
"CTR02_CGTGAATAGGACGCTA","D0","0",-0.196887924148371,0.342942947432532
"CTR02_CGTGAATAGTAGGCCA","D0","6",-0.0504593515110732,0.976000269719731
"CTR02_CGTGATAAGCTTAGTC","D0","0",-0.128296123571072,0.403338767347158
"CTR02_CGTGATAGTGCTGATT","D0","0",-0.152932568957984,0.504243503562508
"CTR02_CGTTAGAAGGTGCCAA","D0","0",-0.192109613161321,0.58121445515351
"CTR02_CTACAGATCGCATGAT","D0","9",0.6811096661183,0.988792487979447
"CTR02_CTACATTCAAACGAGC","D0","8",-0.199664039480998,0.067933633438921
"CTR02_CTACATTTCCTTTGAT","D0","6",-0.183721081616734,0.815103113755244
"CTR02_CTACGGGCACTGTGAT","D0","0",-0.186634194603644,0.529483781017508
"CTR02_CTAGACAGTCGCATGC","D0","0",-0.170603302808959,0.721613534190032
"CTR02_CTATAGGCACTCCGGA","D0","0",-0.147642389540349,0.305765345134457
"CTR02_CTATCCGGTCGTCTCT","D0","0",-0.153186076488488,0.50935209215888
"CTR02_CTATCCGGTGTCCACG","D0","3",0.126542168767109,-0.0249899992278194
"CTR02_CTATCCGTCTGGAGAG","D0","0",-0.113892465962503,0.665970967737386
"CTR02_CTATCTAGTAATTGGA","D0","0",-0.19095470358462,0.563246573203722
"CTR02_CTATCTATCCGATCTC","D0","0",-0.0998520613488276,0.422254266763026
"CTR02_CTCAAGACAATGCAGG","D0","0",-0.202115104544332,0.735173380925903
"CTR02_CTCAATTCAGACATCT","D0","0",0.0900165434347955,0.551122752186208
"CTR02_CTCAATTCAGCTTTGA","D0","6",-0.127847813195933,0.624885990693036
"CTR02_CTCAGTCTCACCCTGT","D0","0",-0.188696895765815,0.472743885251957
"CTR02_CTCATGCAGCCACAAG","D0","0",-0.145218370438501,0.313182580383696
"CTR02_CTCATGCGTGCCTACG","D0","0",-0.189278013268645,0.466749872983825
"CTR02_CTCCAACTCCAGCCTT","D0","3",-0.0625371615225749,-0.542982145389016
"CTR02_CTCCACACAAAGGCTG","D0","6",-0.136091565723627,0.827503942502827
"CTR02_CTCCACAGTATGGAAT","D0","0",-0.128231139613493,-0.0064429009711802
"CTR02_CTCCACAGTGGACCAA","D0","0",-0.11478572112616,0.483804756685124
"CTR02_CTCCATGGTTGGTACT","D0","0",-0.176580581828148,0.514862178345189
"CTR02_CTCCATGTCCGATAAC","D0","6",0.0963127365632199,0.679455310184491
"CTR02_CTCCCAACACTCAAGT","D0","0",-0.209772606115082,0.558346320061742
"CTR02_CTCTCGACAAACGAGC","D0","0",-0.0610500721369635,0.606583572392561
"CTR02_CTCTCGAGTTTCCCAC","D0","6",-0.0653786573612959,0.236741743594422
"CTR02_CTGAGCGTCCATTTGT","D0","0",-0.165775303007171,0.428618061664087
"CTR02_CTGAGGCTCTCACCCA","D0","9",0.772791521010985,0.501738234155255
"CTR02_CTGGACGAGAGTCCGA","D0","0",-0.185137063246733,0.68153671510501
"CTR02_CTGGTCTGTCTTAGTG","D0","0",-0.162750722830911,0.599866933247161
"CTR02_CTGTGAATCTTGGAAC","D0","0",-0.160809791155106,0.373034593723594
"CTR02_CTGTGGGGTCAAGCGA","D0","0",-0.0619485314500939,0.368199188908402
"CTR02_CTTACCGCATGTGACT","D0","0",-0.0456237868040275,0.587497872434568
"CTR02_CTTAGGAGTATTTCGG","D0","0",-0.15125309404032,0.38533590461106
"CTR02_CTTCCGAGTACGCTTA","D0","3",-0.18458016172855,0.0290183911005763
"CTR02_CTTCCGAGTCCGAAAG","D0","0",-0.0248480334959083,0.414765266907744
"CTR02_CTTCCTTGTCTAATCG","D0","8",-0.137514946912273,0.0939524938708165
"CTR02_CTTCGGTGTAGCACGA","D0","6",-0.083620965706144,1.27919850517395
"CTR02_CTTCTCTCAGAACCGA","D0","6",-0.0790974767238433,0.998955829536833
"CTR02_CTTGAGAAGTAACGTA","D0","0",-0.14876583925696,0.260018287027747
"CTR02_CTTGAGATCGGCCCAA","D0","0",-0.179502364025351,0.171385211296686
"CTR02_CTTGATTAGTCAGAGC","D0","2",0.560053028242247,0.157682113623324
"CTR02_CTTTCAACAACCTAAC","D0","0",-0.161439806036038,0.361736329970661
"CTR02_CTTTCGGGTTGCAACT","D0","0",-0.168250859248191,0.291538514133789
"CTR02_GAAACCTGTACTGTTG","D0","0",-0.114219538774091,0.373455438835626
"CTR02_GAAATGACAACCTAAC","D0","0",-0.170872197976209,0.164768807335526
"CTR02_GAAATGAGTACGGCAA","D0","0",-0.182024548754027,0.685106330240998
"CTR02_GAACGTTCATTCACCC","D0","6",-0.191679678040357,0.833283517966446
"CTR02_GAAGAATCAAGGTCAG","D0","0",-0.175679852555236,0.615788274570026
"CTR02_GAAGCCCGTGGCTAGA","D0","0",-0.0935608071198875,0.539896234765812
"CTR02_GAAGCGAGTACTAGCT","D0","0",0.315662504693264,0.536945798695829
"CTR02_GAAGCGATCGTCGCTT","D0","0",-0.167317281164264,0.756903039461799
"CTR02_GAAGGACTCGTTACCC","D0","0",-0.125189171231183,0.295939186647622
"CTR02_GAAGTAACAGGACAGT","D0","0",0.000937618319833999,0.558287858532049
"CTR02_GAATAGAAGGAGCAAA","D0","0",-0.125622027681664,0.580206876730369
"CTR02_GAATCACAGAAACTCA","D0","0",-0.181244359888376,0.526523371623926
"CTR02_GACAGCCCATGATGCT","D0","6",-0.143740877372138,0.611364381514588
"CTR02_GACAGCCTCATTTCGT","D0","0",-0.147672401901817,0.193538768194574
"CTR02_GACCAATAGCTTTGTG","D0","0",-0.176320138933129,0.433551193815325
"CTR02_GACCGTGCAAGTATAG","D0","0",-0.123078955431085,0.689781663939683
"CTR02_GACCGTGTCACTCTTA","D0","6",-0.0135218362337967,0.77254004753694
"CTR02_GACCGTGTCACTGATG","D0","8",-0.027212556931412,0.240388502401487
"CTR02_GACGCTGGTAGGTACG","D0","0",-0.213419266489207,0.289221179306387
"CTR02_GACGCTGGTCAAATCC","D0","0",-0.0776720794319852,0.624662357603088
"CTR02_GACGCTGTCTCAACGA","D0","0",0.2918593847358,0.177111159469627
"CTR02_GACGTTATCAAATGCC","D0","0",-0.162438279161526,0.612723934011673
"CTR02_GACTATGAGACTGAGC","D0","0",-0.163555147417058,0.642202159499199
"CTR02_GACTATGCAAGAATGT","D0","0",-0.184124427699445,0.277467340487907
"CTR02_GACTCAATCTCGGTCT","D0","0",-0.0896331945111311,0.338341930706891
"CTR02_GACTCTCGTCACGTGC","D0","0",-0.165077752786478,0.277691378254357
"CTR02_GACTTCCAGCTGGAGT","D0","0",-0.162393938412777,0.473541869929815
"CTR02_GACTTCCTCTGGTCAA","D0","0",-0.188314243639727,0.58499383825185
"CTR02_GAGAAATGTCTCGGAC","D0","0",-0.20313033695926,0.166191445728507
"CTR02_GAGACCCGTGAGCGAT","D0","0",-0.202030710509846,0.599078351531334
"CTR02_GAGACTTCACCCTTGT","D0","0",-0.178603807016642,0.397671530128031
"CTR02_GAGAGGTTCCGCTTAC","D0","0",-0.130923887397313,0.695234788729509
"CTR02_GAGATGGGTGTTGCCG","D0","0",-0.0947219372916242,0.338886590351386
"CTR02_GAGCTGCAGCACCGTC","D0","0",-0.176987912062979,0.344449787121296
"CTR02_GAGCTGCTCGACCACG","D0","0",-0.165990248770463,0.504843907374142
"CTR02_GAGGCAAAGGAACGTC","D0","6",-0.136699298190398,0.543227261338738
"CTR02_GAGGCAATCGACGAGA","D0","0",-0.148873534656932,0.468007152643362
"CTR02_GAGGGATGTGTTCAGT","D0","0",-0.0650295563608313,0.683497998298676
"CTR02_GAGTCTAGTGTAAATG","D0","0",-0.178128998063475,0.289646621498765
"CTR02_GATAGAAAGGGATGTC","D0","6",-0.178827237996824,0.672827731750171
"CTR02_GATAGCTGTCCGGATC","D0","6",-0.129343986212332,0.689819138522106
"CTR02_GATAGCTGTCTGTGTA","D0","0",0.478935771963057,0.699754361351437
"CTR02_GATCAGTAGAAACCCG","D0","0",0.139050132648916,0.611379713946722
"CTR02_GATCAGTTCGCAATTG","D0","0",-0.145111454786979,0.501966493272349
"CTR02_GATCATGCAAGTGCAG","D0","0",-0.173006795927045,0.500451803840927
"CTR02_GATGACTAGGGCCAAT","D0","3",-0.14644080943543,-0.469602008625226
"CTR02_GATGACTAGGGCCTCT","D0","0",-0.150449050116046,0.506299963399907
"CTR02_GATGAGGGTCCTCCTA","D0","3",-0.152169828274112,-0.452847951847997
"CTR02_GATGCTAGTTGTGCCG","D0","5",-0.233355347719732,-0.0136292914998173
"CTR02_GATGGAGGTATACGGG","D0","6",-0.110370349868246,1.12709145773989
"CTR02_GATGGAGTCTGAATCG","D0","0",-0.154071045028485,0.417539258104354
"CTR02_GATGTTGCAAAGGCTG","D0","0",-0.0967336873388284,0.558394155620177
"CTR02_GATTCTTCACCTGCAG","D0","0",-0.213928449072708,0.4567614065219
"CTR02_GCAACATGTGGATTTC","D0","6",-0.208787548062908,0.778607951067362
"CTR02_GCAACCGAGAGAAGGT","D0","0",-0.194713278400796,0.262183800271324
"CTR02_GCAACCGAGCAGCCCT","D0","0",-0.136700166015011,0.335381719694378
"CTR02_GCACGGTAGGAAGAAC","D0","0",-0.225184318844632,0.494796370028588
"CTR02_GCACGTGCAGAGACTG","D0","3",0.097717123453484,-0.25748906955781
"CTR02_GCAGCCAGTGGCAGAT","D0","0",0.0111672304717159,0.802179598311899
"CTR02_GCAGGCTAGGTTTGAA","D0","0",-0.181585291458789,0.424601692486158
"CTR02_GCAGTTATCGCTGCGA","D0","6",-0.206350345680079,0.798638105711844
"CTR02_GCATCGGAGCAACTTC","D0","0",-0.191691458243534,0.191607891799741
"CTR02_GCATTAGAGCATTGAA","D0","0",-0.145185353488364,0.0802798820754047
"CTR02_GCATTAGCACTCATAG","D0","3",-0.137065680513215,-0.576166136563754
"CTR02_GCCAGCACAAATGATG","D0","2",0.0632432927430349,-0.199996454252718
"CTR02_GCCATTCAGTTGGACG","D0","0",-0.187489811894859,0.367754553475034
"CTR02_GCCGTGACAGCTTCGG","D0","0",0.208984691010662,0.0689544370335183
"CTR02_GCGAGAATCGGCCAAC","D0","0",-0.154873205972508,0.418798225519263
"CTR02_GCGATCGAGGGTCAAC","D0","6",-0.182680680306374,0.867596624248583
"CTR02_GCGGATCAGTCACGAG","D0","0",-0.168966477914326,0.29469916711875
"CTR02_GCGGATCCATGCGGTC","D0","0",0.266007166504597,0.385595167260871
"CTR02_GCGTTTCAGGCACAAC","D0","0",-0.139526444768944,0.21441020383364
"CTR02_GCTGAATAGTACGTCT","D0","6",-0.144214317408064,0.817339333038456
"CTR02_GCTGAATTCGAGAGAC","D0","0",-0.135281399704211,0.286050699537652
"CTR02_GCTGGGTTCTAACGCA","D0","0",-0.141183430262873,0.489459167141291
"CTR02_GCTTGGGCAGATACTC","D0","6",-0.19876010403827,0.84277422920828
"CTR02_GCTTGGGGTGGGTCAA","D0","3",-0.0662936822872673,-0.100623672202011
"CTR02_GCTTGGGTCCCGAGTG","D0","6",-0.178745472240278,0.567692583830954
"CTR02_GGAACCCAGTGGTGGT","D0","6",-0.195704018327315,0.81637357228541
"CTR02_GGAACCCGTAGGGAGG","D0","6",-0.184544915193965,0.140580513236578
"CTR02_GGAATCTAGGTGCATG","D0","6",0.131312425136353,0.244888099431628
"CTR02_GGAATGGTCTAGAGCT","D0","6",-0.0791751663102638,0.783048986346351
"CTR02_GGAGAACGTATCGCGC","D0","0",-0.219417412405086,0.552862555942201
"CTR02_GGAGCAAAGTCTTCCC","D0","0",-0.193177724364186,0.46580015399805
"CTR02_GGAGGATAGCCATCCG","D0","0",-0.171820030807388,0.451454338686713
"CTR02_GGAGGATTCCGAGATT","D0","0",-0.0556094428689612,0.276158151441235
"CTR02_GGAGGTAAGATGAACT","D0","0",0.240890700324383,0.506433674008709
"CTR02_GGAGGTACAAGGACAC","D0","8",-0.0289928813202506,0.256247901487753
"CTR02_GGATCTAGTCCCACGA","D0","0",-0.196913335140383,0.362247141247007
"CTR02_GGATCTAGTGTGTCGC","D0","0",-0.165679669838759,0.537961138689977
"CTR02_GGATGTTAGCAGATAT","D0","0",-0.0978375340046323,0.0744782981942029
"CTR02_GGCACGTAGGCCTTGC","D0","6",-0.0885327073803144,0.576475980721984
"CTR02_GGCGTCACATGATGCT","D0","0",-0.203450899869596,0.399790639917969
"CTR02_GGCTTGGAGACTAAGT","D0","0",-0.183274681334775,0.371272245328662
"CTR02_GGGAAGTGTCCTGAAT","D0","0",-0.171155472745488,0.401580448109048
"CTR02_GGGACTCGTTCGCGTG","D0","0",-0.159904346192259,0.521649643888038
"CTR02_GGGAGTAAGACTGTTC","D0","0",-0.147219476384444,0.49032080244379
"CTR02_GGGAGTAAGTGGATTA","D0","0",-0.176648400702488,0.502389105931584
"CTR02_GGGAGTAGTAACGGTG","D0","0",0.102414997280024,0.272742280579415
"CTR02_GGGATCCAGAGAACCC","D0","0",1.7220266688821,0.472909529066325
"CTR02_GGGATCCCAGTGTATC","D0","0",-0.0868090611355537,0.395628743834311
"CTR02_GGGCCATAGGAGTACC","D0","0",-0.0679154183903563,0.243486829391917
"CTR02_GGGCGTTAGCTTACGT","D0","0",-0.166730076089228,0.379959048238616
"CTR02_GGGCTACGTGTATTCG","D0","0",-0.157219285605037,0.217804975777582
"CTR02_GGGCTCATCTCCTACG","D0","6",-0.147788595780977,0.502190856285282
"CTR02_GGGTAGACAAGTCCAT","D0","6",-0.171843509900274,0.994542780480414
"CTR02_GGGTATTCAAGTGCTT","D0","0",-0.206130812614663,0.37347572477292
"CTR02_GGGTCACAGTTACGTC","D0","8",-0.203141165485698,0.0253549061601111
"CTR02_GGGTCACCAGGATCTT","D0","0",-0.193146959567213,0.496852164288951
"CTR02_GGGTCTGGTGTTTCTT","D0","9",1.97426279108077,0.389579334461044
"CTR02_GGGTCTGGTTCTCCTG","D0","6",0.132692986354042,0.748387941480176
"CTR02_GGGTGAAAGAGGTCAC","D0","0",0.0125210339779776,0.422795357402434
"CTR02_GGGTGAAGTAGCTGCC","D0","6",-0.0627570262433768,0.792383882957558
"CTR02_GGGTGTCTCGAGAAAT","D0","0",-0.16709403881267,0.593577331541784
"CTR02_GGGTTATGTCTCGGGT","D0","6",-0.199184929009739,0.359904083732439
"CTR02_GGGTTTACATAGGCGA","D0","0",-0.156768483195688,0.312320352943217
"CTR02_GGTAACTTCACTTGGA","D0","0",-0.102670251169574,0.0778022235182963
"CTR02_GGTAATCGTCTCACAA","D0","0",-0.167756844759493,0.464015457320332
"CTR02_GGTCACGGTAAGCTCT","D0","0",-0.147923531719019,0.219661612224897
"CTR02_GGTGAAGCAACGATTC","D0","0",-0.122229854947911,0.418626390893621
"CTR02_GGTGAAGGTTGGAGGT","D0","0",-0.16277174113636,0.596476095257813
"CTR02_GGTGGCTGTACGTGTT","D0","0",-0.180290708160088,0.382965997843655
"CTR02_GGTTAACAGAGCCATG","D0","0",-0.00558748586959128,0.0408896937743806
"CTR02_GGTTAACAGGCCTTCG","D0","6",-0.152845406965665,0.87136843518127
"CTR02_GGTTCTCGTCTAACGT","D0","0",-0.01961601645911,0.704578269901734
"CTR02_GGTTGTAAGAAACTAC","D0","0",-0.203955617560466,0.308247873742522
"CTR02_GTAACCAAGGTTGGAC","D0","0",-0.146184146191758,0.306023775609968
"CTR02_GTAAGTCAGCATCGAG","D0","0",-0.167179339476884,0.718896206292267
"CTR02_GTAATGCCATATTCGG","D0","0",-0.210164462112961,0.524486430572509
"CTR02_GTACAGTCATGTGGCC","D0","8",-0.160276855443779,0.25615484822488
"CTR02_GTAGAAAGTAGAGATT","D0","0",-0.20020743204788,0.460136831211486
"CTR02_GTAGAGGGTGGCTTAT","D0","0",-0.16224330517123,0.45836830675021
"CTR02_GTAGAGGGTTCTCCAC","D0","0",-0.203351788200034,0.415799854893137
"CTR02_GTAGATCAGGCTGAAC","D0","0",-0.192031860988988,0.228561023162159
"CTR02_GTAGATCCAGACATCT","D0","0",-0.0139809269172792,0.2236706960451
"CTR02_GTAGATCGTCGCTCGA","D0","6",-0.16094528111827,1.01318973532958
"CTR02_GTAGATCGTGCACGCT","D0","0",-0.186082471490233,0.484979306184856
"CTR02_GTAGGAGAGGATACAT","D0","6",-0.135141810811945,0.644657448447483
"CTR02_GTAGGTTGTCGAGCTC","D0","3",-0.132832105455169,-0.734255535493939
"CTR02_GTATTGGTCCAACTGA","D0","6",0.267161401427783,0.762614099964241
"CTR02_GTATTTCAGCCGGATA","D0","0",-0.147411179952355,0.350667404564653
"CTR02_GTATTTCCAGCCCACA","D0","0",-0.245927417803634,0.56149482759356
"CTR02_GTCAAACTCGCCACTT","D0","0",-0.147366905638788,0.469064741785888
"CTR02_GTCAAGTAGTACTGTC","D0","8",-0.161855197413593,0.291927925936998
"CTR02_GTCAAGTAGTTACGTC","D0","0",0.0461411085172118,0.302722524595374
"CTR02_GTCAAGTCACTTGACA","D0","0",-0.177684003083543,0.363568845769512
"CTR02_GTCAAGTGTATCATGC","D0","0",-0.147091703197095,0.175285116546292
"CTR02_GTCAAGTTCAAAGGAT","D0","0",-0.145887720939236,0.449389166582467
"CTR02_GTCAAGTTCGTGGGAA","D0","0",-0.118283085626809,0.323094317324685
"CTR02_GTCACTCAGAGTCAGC","D0","0",-0.15560540962035,0.168515123800972
"CTR02_GTCACTCAGTGGCGAT","D0","0",-0.166832668754425,0.479969084629428
"CTR02_GTCACTCTCACAAGGG","D0","0",-0.208073315178386,0.447517054398893
"CTR02_GTCACTCTCCCATTCG","D0","0",-0.199165074142014,0.292220753448132
"CTR02_GTCAGCGGTGGCTACC","D0","3",-0.127396039626404,-0.365186757577384
"CTR02_GTCATCCGTTCCTTGC","D0","0",-0.177313363823646,0.60252956653378
"CTR02_GTCATGAAGTTACGAA","D0","0",-0.169654576742844,0.176041830923777
"CTR02_GTCATGACACTCTAGA","D0","0",-0.0804776856695233,0.146739415339558
"CTR02_GTCATGAGTGTGTTTG","D0","6",-0.178916802559071,0.687756485038674
"CTR02_GTCATGAGTTGCCAAT","D0","0",-0.206040631918453,0.121206348285022
"CTR02_GTCATTTCAACCTATG","D0","0",-0.164279736933691,0.714880300473537
"CTR02_GTCCACTGTCAAGTTC","D0","0",-0.168223465732917,0.298732692488288
"CTR02_GTCCACTTCTAGTGAC","D0","0",-0.171481198955228,0.244808758840036
"CTR02_GTCCCATCAGATTAAG","D0","6",-0.184292786496289,0.964564180451509
"CTR02_GTCGAATTCCGTGCGA","D0","3",-0.136213331634254,-0.29986457283491
"CTR02_GTCGAATTCGTGGCGT","D0","0",-0.168542495131517,0.407085647965885
"CTR02_GTCGTAAAGCTAGAAT","D0","0",-0.165387671736433,0.642341200921724
"CTR02_GTCGTTCGTTGACGGA","D0","0",-0.154155995478898,0.511688267610943
"CTR02_GTCTACCTCGCTACAA","D0","0",-0.152613059505091,0.388037116398816
"CTR02_GTGAGCCAGATGTTCC","D0","0",-0.180312568922045,0.483840201842673
"CTR02_GTGAGCCCACGTGAGA","D0","0",-0.0463677609341863,0.500617647112646
"CTR02_GTGAGGAAGAAAGCGA","D0","0",-0.155514312527785,0.174267383417589
"CTR02_GTGAGGATCATGCAGT","D0","0",-0.184666678815141,0.525744957786904
"CTR02_GTGAGTTGTGATATAG","D0","6",-0.185179295049969,0.616785743123394
"CTR02_GTGCACGGTCACCCTT","D0","0",-0.112989712944381,0.368216320806359
"CTR02_GTGCACGGTTTGGAAA","D0","0",-0.18295400865844,0.300294585624607
"CTR02_GTGCAGCGTATGACAA","D0","0",-0.0963569047853893,0.474485858810149
"CTR02_GTGCTGGGTGAGCAGT","D0","6",-0.132343927302881,0.656070120148368
"CTR02_GTGCTGGTCGACCCAG","D0","6",-0.08470637533455,0.510786634817314
"CTR02_GTGCTTCAGAAACCAT","D0","0",-0.0512056899560998,0.310210638502066
"CTR02_GTGGAAGTCTAAGAAG","D0","6",-0.211432272073563,0.715899437951391
"CTR02_GTGGAAGTCTGTAACG","D0","0",-0.166858804195948,0.506656605380693
"CTR02_GTGGCGTAGACGATAT","D0","6",-0.176887800133816,0.909259570505281
"CTR02_GTGGCGTCAAGGCGTA","D0","0",-0.19117343472966,0.451424668691937
"CTR02_GTGGTTAAGTAGGCCA","D0","0",-0.162855264594777,0.421420786829386
"CTR02_GTGGTTAAGTGTACCT","D0","6",-0.15156609362661,0.716873068315618
"CTR02_GTGGTTAGTTCGGCCA","D0","6",-0.109650838658151,0.416947512220456
"CTR02_GTGGTTATCAGCTAGT","D0","7",5.84562266097526,0.28375324060439
"CTR02_GTGTAACAGTCCCGAC","D0","6",-0.209354689895341,0.815420705014666
"CTR02_GTGTTAGTCTGCGATA","D0","0",-0.161804438950607,-0.0516404416630331
"CTR02_GTGTTCCGTGACTGAG","D0","0",-0.189761591625776,0.661111959687763
"CTR02_GTGTTCCGTTCAACGT","D0","0",0.000772247575256795,0.762343338563403
"CTR02_GTGTTCCGTTCTCTAT","D0","0",-0.120849475863897,0.483403753979372
"CTR02_GTTACAGTCAGACCCG","D0","0",-0.201036106329098,0.294522711900915
"CTR02_GTTACAGTCGGTCACG","D0","6",-0.176538624246249,0.957728627371258
"CTR02_GTTACCCGTATACCTG","D0","0",-0.154622435434731,0.34781624686234
"CTR02_GTTACCCGTATGCGTT","D0","0",-0.142019433406329,0.30243625626982
"CTR02_GTTAGACAGTCACTGT","D0","0",-0.2307406586816,0.0815537947528825
"CTR02_GTTATGGAGAGGTCAC","D0","0",-0.172163688096912,0.52098079510751
"CTR02_GTTATGGGTGCGGCTT","D0","6",0.00101927554325784,0.698076785510885
"CTR02_GTTCATTTCTGAGAAA","D0","0",-0.131522296588426,0.558311824278515
"CTR02_GTTGCGGAGATGTTAG","D0","0",-0.210745227983806,0.250662259063091
"CTR02_GTTGCGGCAACACACT","D0","0",-0.177792641378362,0.400472650033424
"CTR02_GTTGCGGGTAGTCCTA","D0","0",-0.122986976437834,0.115172011615093
"CTR02_GTTGCTCAGCCATTTG","D0","0",-0.146107040480561,0.261161830257986
"CTR02_GTTGCTCAGGTACAAT","D0","6",-0.172708478877974,0.959819420294304
"CTR02_GTTGCTCCATCAGCAT","D0","6",-0.19690183984228,0.777585461117052
"CTR02_GTTGTCCAGCCGTTGC","D0","0",-0.0999009905872109,0.33539878686294
"CTR02_GTTGTCCAGCGAGTAC","D0","0",-0.220402909531635,0.472329052016257
"CTR02_GTTGTGAGTTGTGTAC","D0","0",-0.135807601252584,0.41168505436156
"CTR02_GTTTACTAGACACACG","D0","0",-0.0875694453882234,0.329328679470411
"CTR02_GTTTACTCAATTGTGC","D0","9",0.844551877375433,0.683893335577907
"CTR02_TAACACGCATGTTCGA","D0","0",0.0312051821780384,0.547645924158048
"CTR02_TAACACGTCGTTCTCG","D0","6",-0.148882021345411,0.483053053697865
"CTR02_TAACCAGGTAGACAAT","D0","6",8.76812038325627e-06,0.905372611771713
"CTR02_TAACGACAGACTGAGC","D0","0",-0.200958343749879,0.476341075007852
"CTR02_TAACGACAGATACATG","D0","0",-0.13521262830644,0.362805240434176
"CTR02_TAACTTCCACTTCAAG","D0","0",-0.178596726571995,0.463575452613711
"CTR02_TAAGCCACAGGCTTGC","D0","9",1.03382985060703,0.483388489698227
"CTR02_TAAGCCATCGCTAATG","D0","8",-0.130393084171676,0.0777919196444969
"CTR02_TAATTCCAGGTCCAGA","D0","0",-0.186298415378934,0.397609800916045
"CTR02_TAATTCCCACGTACTA","D0","0",-0.211893634594862,0.720469893220585
"CTR02_TAATTCCCAGTGAGCA","D0","0",-0.179643703597442,0.305603218493747
"CTR02_TAATTCCGTATGTCAC","D0","3",-0.140729353187057,-0.475450350526816
"CTR02_TACAACGGTGTTTCTT","D0","0",-0.159443807299726,0.279008893342933
"CTR02_TACACCCCAGGTTCGC","D0","0",-0.163684358967431,0.43421085912428
"CTR02_TACACCCGTACCTGTA","D0","0",-0.20747917197742,0.467839547201645
"CTR02_TACAGGTAGCATTTCG","D0","0",-0.173155997774891,0.434565814876145
"CTR02_TACCCACTCATGCATG","D0","0",-0.169976332924087,0.408745995764523
"CTR02_TACCGGGAGAAATCCA","D0","0",-0.169744475486748,0.683393102549415
"CTR02_TACCGGGAGACATCAA","D0","0",-0.171673511048509,0.349510323981038
"CTR02_TACCGGGCAGGTGAGT","D0","0",-0.168630211541349,0.0986096991070638
"CTR02_TACGCTCTCCATCTCG","D0","0",-0.197258422378148,0.475022319916949
"CTR02_TACGGGCGTAGGACCA","D0","0",-0.145606735331082,0.412000994285732
"CTR02_TACGGGCGTTTCGACA","D0","0",-0.127279584223903,0.332051039141371
"CTR02_TACGGTAGTGTAGTGG","D0","0",-0.163834474955711,0.559044301213873
"CTR02_TACGGTATCCGAAATC","D0","6",0.129411989657998,0.721470577507758
"CTR02_TACGTCCCATATCTCT","D0","3",-0.0425666270600182,-1.12297497288048
"CTR02_TACTGCCGTATGTCCA","D0","5",-0.177712258274945,-0.379113745642552
"CTR02_TACTGCCTCCAATCTT","D0","0",-0.133864645183507,0.261964718108523
"CTR02_TACTTCAGTACTGGGA","D0","0",-0.070718331273686,0.0842446559489719
"CTR02_TACTTCAGTAGTAAGT","D0","6",-0.0904826723994174,0.528756855963602
"CTR02_TACTTGTGTCCAGGTC","D0","6",-0.139947843223903,1.10694646436699
"CTR02_TACTTGTTCGGAATTC","D0","0",-0.154314749913201,0.298633114326773
"CTR02_TAGACCATCAGATTGC","D0","6",-0.044166992641577,0.134946861798618
"CTR02_TAGAGTCCATGGTGGA","D0","0",-0.16358670858204,0.514263233963388
"CTR02_TAGAGTCGTGATAGTA","D0","0",0.00366599719654824,0.636794177271264
"CTR02_TAGGAGGAGAAGGCTC","D0","0",-0.0929946453347664,0.334164962533664
"CTR02_TAGGAGGCACGCGTGT","D0","0",-0.173835358129627,0.395331595430232
"CTR02_TAGGGTTGTAATTGGA","D0","0",-0.163264704938209,0.239420789881612
"CTR02_TAGGTTGAGGTCCAGA","D0","6",-0.160412327342415,0.65314343800857
"CTR02_TATACCTGTCCCTAAA","D0","0",-0.148397246302737,0.374479907860001
"CTR02_TATATCCGTGCGTTTA","D0","0",-0.182444423883852,0.356136924471611
"CTR02_TATCAGGTCAACTGGT","D0","0",-0.226159171004881,0.471274681044485
"CTR02_TATCCTACAGGACAGT","D0","0",-0.197141350506754,0.394588659570061
"CTR02_TATCGCCCATTGACCA","D0","6",-0.155615677614493,1.2319533427589
"CTR02_TATCTGTAGTCATAGA","D0","0",-0.140794830832365,0.395000129566418
"CTR02_TATCTTGTCCGTCACT","D0","0",-0.170592975091976,0.242437179949168
"CTR02_TATTCCAAGAAGCTCG","D0","0",-0.189499090870781,0.340595193657099
"CTR02_TATTCCAGTCACGCTG","D0","0",-0.21286613499878,0.436818846030028
"CTR02_TATTCCAGTGCCGGTT","D0","0",-0.127654696552597,0.395972305028304
"CTR02_TATTGCTAGAGGTTTA","D0","0",-0.168128757091167,0.822761149264754
"CTR02_TATTGCTAGATTCGCT","D0","0",-0.143280195478759,0.449395898747733
"CTR02_TATTTCGGTACGACAG","D0","6",-0.205341477832178,0.857443933378398
"CTR02_TATTTCGGTGTTGACT","D0","0",-0.0794132116107091,0.256935591370456
"CTR02_TCAAGCACAGAGAAAG","D0","0",-0.158749577483323,0.470018156533393
"CTR02_TCAAGTGAGACTTCCA","D0","0",-0.0971176207054827,0.920475545735725
"CTR02_TCAAGTGAGCAACTTC","D0","2",0.139478333343646,0.936418379902222
"CTR02_TCAAGTGGTACACGCC","D0","0",-0.185406330317356,0.180040922657401
"CTR02_TCAAGTGGTTGGACTT","D0","0",0.0375962626336975,0.451990752961939
"CTR02_TCAATCTAGCATTTCG","D0","0",-0.183112984251112,0.744458850069956
"CTR02_TCAATCTGTCACGCTG","D0","0",-0.060188159059928,0.35299438464476
"CTR02_TCAATCTTCACATACG","D0","0",-0.128490645813137,0.535712844909441
"CTR02_TCAATTCGTAAGGCCA","D0","0",-0.100752486122612,0.461207686925238
"CTR02_TCACAAGGTCTGTGTA","D0","0",-0.122325945756915,0.258113730613122
"CTR02_TCACACCAGATGGTAT","D0","0",-0.164650438539325,0.367169136486121
"CTR02_TCACACCCAGTAGTGG","D0","0",-0.201696288552794,0.154358780237844
"CTR02_TCACATTCACCGCTAG","D0","0",-0.209763565279441,0.599546856187729
"CTR02_TCACATTCAGACGATG","D0","3",0.244332682893662,-0.643205366004082
"CTR02_TCACTATGTCGAGATG","D0","0",-0.169016074987249,0.117471705439383
"CTR02_TCAGCAAGTTCAGCTA","D0","0",-0.146531324572739,0.453134477820048
"CTR02_TCAGCAATCGTCGCTT","D0","0",-0.141477738134562,0.398981236402185
"CTR02_TCAGTCCCATTCTGTT","D0","6",-0.0690179604817924,0.631498051224373
"CTR02_TCAGTCCGTACCAGAG","D0","6",-0.230100892972037,0.895528822174504
"CTR02_TCAGTCCGTGGTCTTA","D0","6",-0.111780669641438,0.701503556818331
"CTR02_TCAGTCCGTTACGGAG","D0","6",0.157424436871632,0.532440880672042
"CTR02_TCAGTGAAGTCAATCC","D0","0",-0.125303674438765,0.391646962117297
"CTR02_TCAGTGATCCCGTTGT","D0","6",-0.0994044372387299,0.86754528161169
"CTR02_TCATCCGTCACCTGTC","D0","0",-0.215118315491646,0.547623294286605
"CTR02_TCATGAGAGGGTAATT","D0","0",-0.205615380998443,0.46390729607793
"CTR02_TCATGGATCTATCGGA","D0","0",-0.183780175725878,0.27087772971761
"CTR02_TCATGTTAGTTGTAGA","D0","6",-0.172462433777062,0.658399141029972
"CTR02_TCATTTGAGTAATCCC","D0","0",-0.0723417176069162,0.424672104632683
"CTR02_TCCAGAAGTTACACTG","D0","3",-0.0224947515519239,-0.199884891959681
"CTR02_TCCATCGCAGCTCTGG","D0","0",-0.171121102044973,0.48573625931403
"CTR02_TCCCAGTAGGTCCCTG","D0","0",-0.155354001287452,0.392043672732179
"CTR02_TCCCATGCACCAAATC","D0","6",-0.179472194648955,0.533026808540981
"CTR02_TCCGAAAAGTGATAGT","D0","6",-0.109667249980916,0.678947592555185
"CTR02_TCCGAAATCGTGGACC","D0","0",0.210462201888208,0.22866479461389
"CTR02_TCCGATCTCTACGCGG","D0","6",-0.204125733098218,0.919064949873879
"CTR02_TCCGGGAAGACATGCG","D0","3",-0.201905875496708,-0.690305971624184
"CTR02_TCCGTGTGTTAGCGGA","D0","0",-0.160272364983657,0.259676041619189
"CTR02_TCCTAATAGTACCGGA","D0","6",-0.18143061135753,0.866694377068387
"CTR02_TCCTAATGTGGACTGA","D0","0",0.0409683223659297,0.288386336976026
"CTR02_TCCTAATTCATGCGGC","D0","0",-0.193546250584473,0.663276204728786
"CTR02_TCCTCCCGTCAACCAT","D0","0",-0.176974066840552,0.10275405660228
"CTR02_TCCTGCAGTTTGGGAG","D0","0",-0.12401534252229,0.367666978639329
"CTR02_TCGACGGTCTCTGCTG","D0","0",-0.187184596101454,0.350957786905531
"CTR02_TCGCAGGGTGACTAAA","D0","6",-0.152830163953204,0.306558835918769
"CTR02_TCGCTCATCACAAGAA","D0","4",2.40593821239222,0.842666763953691
"CTR02_TCGCTCATCGCTCCTA","D0","6",-0.16328064763216,0.952203044457547
"CTR02_TCGCTTGTCACCTGTC","D0","6",-0.121309854035959,0.609561201063345
"CTR02_TCGCTTGTCCAACTAG","D0","0",-0.198445471301579,0.242467079946599
"CTR02_TCGGGACAGCTGCCAC","D0","0",-0.169909288883668,0.319523025487561
"CTR02_TCGGTCTTCCCTGTTG","D0","0",-0.200772469133519,0.354277898815972
"CTR02_TCGTAGACACTTCTCG","D0","0",-0.012493161656496,0.302800936655998
"CTR02_TCGTAGATCGCAGATT","D0","6",-0.151851329590834,0.585366194417966
"CTR02_TCGTCCAAGCGCAATG","D0","0",-0.154082498475847,0.12388485135723
"CTR02_TCGTCCATCGAGCACC","D0","0",-0.0808031391745304,0.35431117180298
"CTR02_TCGTGCTCATCGAAGG","D0","0",0.231553540812062,0.628335391635926
"CTR02_TCGTGCTGTCCATAGT","D0","6",0.675152372247842,1.02147635705871
"CTR02_TCGTGCTGTGGAACAC","D0","0",0.17434153363168,0.433683549445295
"CTR02_TCTACATGTGGACAGT","D0","0",-0.0982390087411139,0.370443452248199
"CTR02_TCTACATTCATTTCGT","D0","0",-0.162706550152777,0.190350287539256
"CTR02_TCTACCGAGCGTTAGG","D0","0",-0.149539174744586,0.519455603617104
"CTR02_TCTACCGGTCGATGCC","D0","0",-0.05292946026431,0.289334523266907
"CTR02_TCTACCGTCGTGCATA","D0","0",-0.181460279644341,0.426316705239398
"CTR02_TCTCACGTCTCAGTCC","D0","0",0.123032516877222,0.406156744669393
"CTR02_TCTCAGCAGACGCCCT","D0","6",-0.171438634088549,0.542244372180131
"CTR02_TCTCCGAAGTAGTCAA","D0","0",-0.186083316045506,0.615968983188793
"CTR02_TCTCCGACATGGTGGA","D0","0",-0.191678151515743,0.372000247326073
"CTR02_TCTCTGGAGGTATAGT","D0","0",-0.152510173856368,-0.123688480093034
"CTR02_TCTGTCGAGTTGGACG","D0","0",-0.0977351876118347,0.581616586983496
"CTR02_TCTGTCGTCTTCGCTG","D0","0",-0.196203855424529,0.493156089878561
"CTR02_TCTTAGTAGTATGATG","D0","0",0.12947960102649,0.48612892508647
"CTR02_TCTTGCGCATGCTGCG","D0","0",-0.162009682414435,0.588622461460293
"CTR02_TCTTGCGTCCCGTGTT","D0","6",-0.190507364197063,0.842130816098859
"CTR02_TCTTTGACATTAAAGG","D0","0",-0.229899921773866,0.421689344064105
"CTR02_TCTTTGAGTCGTATTG","D0","0",-0.15071699680574,0.341485464589578
"CTR02_TGAATCGAGACAACAT","D0","6",-0.17159716404403,0.802236312198999
"CTR02_TGAATGCTCCACGTCT","D0","0",-0.125053869535458,0.415289084752109
"CTR02_TGACCCTCAGGCTTGC","D0","0",0.311794334640126,0.563361453125506
"CTR02_TGACGCGAGGGCAGAG","D0","0",-0.17244153827395,0.455844687130516
"CTR02_TGAGCGCGTTTCAGAC","D0","6",-0.150677084584437,1.03688523448932
"CTR02_TGAGGAGAGCGTTCCG","D0","0",-0.152786109978126,0.375294208700656
"CTR02_TGAGGGATCTAGACAC","D0","0",-0.197697876191441,0.472865159934678
"CTR02_TGAGGTTTCACTTGTT","D0","8",-0.111825417166765,0.186517594089398
"CTR02_TGAGTCAAGGGTACAC","D0","0",-0.151647813528267,0.365010767609923
"CTR02_TGATCAGCATTCCTAT","D0","8",0.101517131998282,-0.0545038125473933
"CTR02_TGATCTTTCCGTAGGC","D0","0",-0.109355186275037,0.33078056123603
"CTR02_TGATTCTCACCTGCAG","D0","6",-0.186230876188931,1.14407960367836
"CTR02_TGATTCTGTTCAAGGG","D0","0",-0.183445343617564,0.20354705930176
"CTR02_TGATTCTTCCCTTTGG","D0","0",-0.178647973628514,0.28162055167108
"CTR02_TGCACGGTCTACCAGA","D0","0",-0.189046722227795,0.540093038471556
"CTR02_TGCAGGCCATTGGATC","D0","0",0.0138871745112249,0.646416586106165
"CTR02_TGCAGGCTCTGCTGAA","D0","0",-0.160019068223037,0.419369462314107
"CTR02_TGCCGAGCAAGTGGTG","D0","0",-0.191230059913346,0.337863109508192
"CTR02_TGCGACGGTACGCGTC","D0","6",-0.154938282261047,0.755624706248225
"CTR02_TGCGACGGTTCTCTCG","D0","6",-0.0982866302561808,0.676920523079104
"CTR02_TGCGATAGTGAGTTGG","D0","0",-0.18032057244929,0.0466627478516578
"CTR02_TGCGGCATCCGTCACT","D0","0",-0.18004813988722,0.477987608707012
"CTR02_TGCGGCATCCTGATAG","D0","0",-0.169609176190319,0.427511524202159
"CTR02_TGCTGAACATGGGTTT","D0","6",-0.174104914571254,0.173879061257411
"CTR02_TGCTTCGGTAAGTTAG","D0","0",-0.190208463699466,0.387321339505983
"CTR02_TGGAGAGAGGAAGTGA","D0","0",-0.194537937491748,0.431252364305446
"CTR02_TGGAGGATCCCTCAAC","D0","0",-0.221857828788242,0.426770288152795
"CTR02_TGGCGTGCACCGAATT","D0","0",-0.152285989085042,0.34996364167917
"CTR02_TGGCGTGCATTGCTTT","D0","0",-0.1959747679417,0.385550857780762
"CTR02_TGGGCGTAGCGTCTGC","D0","6",0.13310820420526,1.0495247633526
"CTR02_TGGGCGTCATGGCTGC","D0","0",-0.176806682561952,0.429042723408526
"CTR02_TGGGCTGCAGCTTCCT","D0","9",0.944641892711045,-0.213464959013876
"CTR02_TGGGCTGGTCCTACGG","D0","3",0.180441025709345,-0.433196947800637
"CTR02_TGGTACACAAGTGTCT","D0","0",-0.124915471379441,0.189946967534324
"CTR02_TGGTGATTCATTGTTC","D0","6",-0.222142062538645,0.454714339831574
"CTR02_TGTAACGAGTGCCGAA","D0","0",-0.00906671566672789,0.544992219026841
"CTR02_TGTAACGCAGCTCTGG","D0","0",-0.140040287878758,0.555461398090662
"CTR02_TGTACAGAGGCATGCA","D0","0",-0.212072167207985,0.353338396265031
"CTR02_TGTAGACCAGACAAGC","D0","0",-0.148512454864368,0.785177765627772
"CTR02_TGTCCACGTAAGATTG","D0","0",-0.0438622743315831,0.510836082572694
"CTR02_TGTGATGAGCTACTGT","D0","0",0.00813006585430521,0.724194715516528
"CTR02_TGTGATGTCCTATTTG","D0","0",-0.157518029288378,0.38246465647122
"CTR02_TGTGGCGAGCATATGA","D0","0",-0.111571279093306,0.315818680301673
"CTR02_TGTGTGACATGGCTGC","D0","0",-0.22133288494185,0.424614601913915
"CTR02_TGTTACTGTAGCGAGT","D0","0",0.286611275135677,0.678738198869471
"CTR02_TGTTACTTCCCTCAAC","D0","0",-0.163706834104913,0.572398668876407
"CTR02_TGTTGAGAGCAGATAT","D0","6",-0.175106048631251,0.827130621262248
"CTR02_TGTTGAGTCGCCTATC","D0","0",-0.143440315169834,0.363442329763541
"CTR02_TGTTGGACACAAGCTT","D0","0",1.80094274970769,1.03791144226928
"CTR02_TTAATCCTCTGCCTCA","D0","0",-0.114537893897003,0.198158449575392
"CTR02_TTACGTTCACTACCCT","D0","6",-0.16188711662272,0.659852749561435
"CTR02_TTACGTTGTCCACACG","D0","0",-0.181210646341398,0.281664068041666
"CTR02_TTACTGTTCGCGAAGA","D0","0",-0.183241737921587,0.302737570586398
"CTR02_TTAGGGTGTAGCTGTT","D0","0",-0.185385979931224,0.27736305029798
"CTR02_TTAGGGTTCGCATAGT","D0","6",-0.105266607493172,0.741401276423383
"CTR02_TTATTGCGTACCAATC","D0","6",-0.202300746538787,0.665099873439372
"CTR02_TTATTGCGTGGTCCGT","D0","0",-0.191166961123536,0.534892247715933
"CTR02_TTCAATCCAGCGACCT","D0","0",-0.166671502693988,0.0760967916962857
"CTR02_TTCACCGCAGGCACAA","D0","6",-0.2023196123439,0.966378078991529
"CTR02_TTCACCGGTATCCCTC","D0","0",-0.154616873437685,0.621624410443398
"CTR02_TTCACGCAGAAATTCG","D0","0",-0.145385452767342,0.0580057249869785
"CTR02_TTCACGCCAAGATTGA","D0","0",-0.00786151713162314,0.350604933967301
"CTR02_TTCATTGGTCATGGCC","D0","9",2.41232613991513,1.15632313951665
"CTR02_TTCCGGTGTAAGCAAT","D0","0",0.109456214032507,0.234441652080245
"CTR02_TTCCGGTTCGCTGTTC","D0","0",-0.191525225981087,0.494123642330053
"CTR02_TTCCGTGAGCGAGAAA","D0","0",-0.191396707679065,0.452811089497497
"CTR02_TTCCTAATCAACGCTA","D0","0",-0.196207205394784,0.321010394924188
"CTR02_TTCCTCTGTAGCGCCT","D0","0",-0.114589774564002,0.351963618215338
"CTR02_TTCCTCTGTAGGCAAC","D0","0",-0.194023049941512,0.365932216871386
"CTR02_TTCCTTCGTACAGGTG","D0","0",-0.122136762828245,0.441757537259168
"CTR02_TTCGGTCCAGTAGAGC","D0","0",-0.157547851740995,0.686493693311979
"CTR02_TTCTCTCCACGCAAAG","D0","6",-0.0789277834049922,0.56349661134571
"CTR02_TTCTGTAAGCACTCCG","D0","0",-0.0819187056738381,0.495298549343002
"CTR02_TTCTGTAGTAGGTACG","D0","0",-0.173137002799173,0.352612328697311
"CTR02_TTCTTGACATCGTGGC","D0","0",-0.144753888457338,0.43176020125003
"CTR02_TTGACCCAGAAACTGT","D0","5",-0.162856315191703,-0.318311100528647
"CTR02_TTGAGTGGTCGAGCAA","D0","0",-0.117483421567935,0.41549344829301
"CTR02_TTGATGGAGATGGTCG","D0","6",-0.141369006142767,1.05109664656293
"CTR02_TTGATGGAGTGCCCGT","D0","0",-0.154929366552417,0.528219170064467
"CTR02_TTGCATTCACAGTCCG","D0","0",0.0918504204098636,0.227871527444636
"CTR02_TTGCCTGAGCCTCCAG","D0","6",-0.07783803759122,1.28125270667
"CTR02_TTGCGTCAGAAATGGG","D0","0",-0.190947207437773,0.610523048285973
"CTR02_TTGCGTCAGGAATGTT","D0","0",-0.0266403844664631,0.211938394871815
"CTR02_TTGCGTCTCGGTCTGG","D0","0",-0.15238828954043,0.474521580651875
"CTR02_TTGCTGCTCGGTCTGG","D0","0",-0.196976498406986,0.829624457623288
"CTR02_TTGGGATAGTGAGGCT","D0","0",-0.0773574207350596,0.317800819316525
"CTR02_TTGGGATCACTACTTT","D0","0",-0.125279015509183,0.255773502905542
"CTR02_TTGGGCGGTGCTGATT","D0","0",-0.0814250276239912,0.342615408512087
"CTR02_TTGGGCGTCTCGTGAA","D0","0",-0.145130784557997,0.49616603195427
"CTR02_TTGGGTAGTCACTCAA","D0","0",-0.200399680252136,0.779287990089596
"CTR02_TTGGTTTAGGAAAGGT","D0","0",0.011246660467076,0.367266008340549
"CTR02_TTGTGGAAGGGTCAAC","D0","0",0.0158740223344878,0.378060626369796
"CTR02_TTGTGGACAGAACTTC","D0","0",-0.145603540881332,0.581493034852053
"CTR02_TTGTTGTGTGAGTTGG","D0","0",-0.184599242271489,0.49842214607055
"CTR02_TTGTTGTTCTAGCATG","D0","0",-0.0620963618457626,0.387600727540084
"CTR02_TTGTTTGTCACTTGGA","D0","0",-0.201097752093913,0.326662383923091
"CTR02_TTTACGTCAGAGGAAA","D0","6",-0.130133899012162,0.650913376492979
"CTR02_TTTACGTGTGCACATT","D0","0",-0.140329470385226,0.423658938745851
"CTR02_TTTACTGAGCGAATGC","D0","6",-0.167647637265782,0.758761551708774
"CTR02_TTTACTGTCCCTTGTG","D0","6",-0.212740177395706,1.05855396952242
"CTR02_TTTCACAAGCCAGAGT","D0","0",-0.0495324925064365,0.400986645323044
"CTR02_TTTCATGTCTGGAAGG","D0","0",-0.083243781075481,0.530021434338497
"CTR02_TTTGACTCAGACACAG","D0","0",-0.0864490713357528,0.47667266612543
"CTR02_TTTGACTGTGTTCCTC","D0","3",-0.166265884250395,-0.729102884216487
"CTR02_TTTGATCTCATCGCTC","D0","0",-0.138278906588198,-0.0300113471893295
"CTR02_TTTGGAGTCCACTTCG","D0","0",-0.168529129241612,0.253076737886631
"CTR02_TTTGGAGTCGGCCAAC","D0","6",-0.208707507337161,0.583632103429589
"CTR02_TTTGGTTCAATACCTG","D0","5",-0.0296962628578825,-0.429990536141965
"CTR02_TTTGTTGAGGAGATAG","D0","6",0.0440912356083838,1.08780371495437
"T072_AAAGGTATCACGAACT","D3","3",-0.139615317087661,-0.350680446681182
"T072_AACAACCCACAAATAG","D3","3",-0.160722292071964,-0.312852977023219
"T072_AACAACCCATGGGTCC","D3","8",-0.136257640147754,0.00612018426787741
"T072_AACCAACTCTGATTCT","D3","3",0.413216715513281,-0.777179358093247
"T072_AACCTGATCTCGTCGT","D3","8",0.0612590458526975,0.339755552392621
"T072_AACGGGATCGCATAGT","D3","3",-0.171726399859036,-0.342320635297455
"T072_AACGTCAAGCCATTCA","D3","8",-0.175096860480846,-0.315906695778996
"T072_AAGCGAGGTGGCTCTG","D3","3",-0.117467584996285,-0.166602605446336
"T072_AAGGAATGTGAGGAAA","D3","5",-0.113836089746869,-0.485795144956424
"T072_AAGTACCAGGCCTGCT","D3","3",-0.15105337912942,-1.07838400495475
"T072_AATCACGGTTGTACGT","D3","8",0.0108792076638242,-0.113573694263871
"T072_AATCGACTCTCCGAGG","D3","8",-0.187533431111258,0.147490448601239
"T072_AATGCCAAGCCAGTAG","D3","8",-0.201148411421519,-0.0163687317575125
"T072_AATGGAATCTCCAATT","D3","6",0.177939486077559,0.113846796792394
"T072_ACACCAAAGATCGACG","D3","3",0.0343909616086745,-0.808265879691549
"T072_ACACGCGGTGGGTTGA","D3","5",-0.0613766058560642,-0.435126029757876
"T072_ACCACAAAGATCGCTT","D3","5",-0.0726192432188131,-0.762543821326017
"T072_ACCACAAGTATCACGT","D3","3",-0.13634385676979,-1.48066373691828
"T072_ACCTGAAAGGCACCAA","D3","5",-0.0276984018077814,-0.825873952276909
"T072_ACCTGAACAACAAGTA","D3","5",-0.124864560497988,-0.719844476560156
"T072_ACCTGAACATCCTGTC","D3","5",-0.137938006194211,-0.706503601433829
"T072_ACGGAAGTCATATGGC","D3","3",-0.13134238331114,-0.55005079203792
"T072_ACGGAAGTCTCACGAA","D3","5",-0.106216556643725,-0.288548302963325
"T072_ACGTAGTCAGCTCCTT","D3","8",-0.00963551387368605,-0.0366700388916684
"T072_ACGTCCTAGTGGTTAA","D3","5",-0.160458047076267,-0.354381828759266
"T072_ACGTCCTGTGGATCGA","D3","8",-0.0879565460696279,0.00382357669613612
"T072_ACTATTCTCAGCGGAA","D3","8",-0.0542346375595668,-0.268001984794535
"T072_ACTATTCTCTGTCCCA","D3","8",-0.110475522062684,0.0792925892527157
"T072_ACTTATCCACAAGGTG","D3","8",-0.175623862927951,0.014706287635368
"T072_ACTTCGCGTCTCAAGT","D3","5",-0.110219180280457,-0.506923451524247
"T072_AGAAATGCAGCAGTTT","D3","3",-0.165217107853978,-0.639478140867603
"T072_AGAACCTCACTGCGTG","D3","3",-0.0789391032075403,-1.61076078749799
"T072_AGAAGCGAGTTTCGAC","D3","3",-0.110709907172058,-0.645225883057843
"T072_AGAGCCCGTCACAGAG","D3","5",-0.102820127871614,-0.329635442636088
"T072_AGATAGACAGACCATT","D3","3",-0.0332484771173915,-0.399505128416196
"T072_AGATCCAAGGCGCTCT","D3","3",-0.141225542177302,-0.449549408821578
"T072_AGATCCACACGTACAT","D3","5",-0.16162000056918,-1.1185434720843
"T072_AGCGATTAGACGATAT","D3","8",-0.113050320922581,0.211422703167843
"T072_AGGAAATTCAGTCATG","D3","3",-0.0405563935269576,-0.79604133089385
"T072_AGGAGGTGTTCTCTCG","D3","3",-0.0737001090668285,-0.768356425972787
"T072_AGGCATTGTTCTAACG","D3","3",-0.132117744360943,-0.861370781078517
"T072_AGGCCACAGTTCATCG","D3","5",-0.10041251188602,-0.323371683793864
"T072_AGGCTGCGTGTCATTG","D3","0",-0.105396645423583,0.278522208300263
"T072_AGGCTGCTCAATCCAG","D3","9",0.990807788326119,-0.443271384271071
"T072_AGGGCCTGTGACTCTA","D3","3",-0.123387646629438,-0.647219674228182
"T072_AGGGTGAGTCGTTGCG","D3","9",0.520964444084904,-0.863876154800419
"T072_AGGGTTTAGCTTCTAG","D3","5",-0.152180639321968,-0.271377196921372
"T072_AGGGTTTCACGGTGTC","D3","3",0.0471203041526101,-1.10882099965578
"T072_AGGGTTTTCTGTGTGA","D3","8",-0.101952566209535,-0.0475211048954926
"T072_AGGTAGGGTATTGACC","D3","3",-0.0798510312590764,-1.50974080936234
"T072_AGGTCTATCAAACCTG","D3","3",0.216723574655481,-0.261762507471655
"T072_AGGTGTTTCATTACGG","D3","5",-0.196327169796266,-0.437638378451377
"T072_AGTAACCCACAGGATG","D3","5",-0.18165529366025,-0.159997784095298
"T072_AGTACTGCAGCTCGGT","D3","8",-0.0706941209943291,0.270784240758305
"T072_AGTGATCAGAAGCGGG","D3","5",-0.0945991526142303,-0.580285667578976
"T072_AGTGTTGAGGCGAACT","D3","5",0.153068094109898,-0.44877691677738
"T072_AGTTAGCCAAGCTACT","D3","0",-0.141730158632991,-0.0274545791012987
"T072_AGTTCGACACATGGTT","D3","5",-0.0702037360392276,-0.583389705395357
"T072_ATACTTCTCTTGGAAC","D3","5",-0.0856633669539338,-0.906692688950179
"T072_ATCACGAAGTAACGAT","D3","5",-0.108193172147599,-0.270736538015879
"T072_ATCACGACACAAATGA","D3","3",0.026701650635116,-0.255465004150766
"T072_ATCACGATCCGTTGGG","D3","8",-0.140698840508743,-0.106125479506288
"T072_ATCCACCTCCCTTCCC","D3","3",-0.068254750744237,-0.62893224255589
"T072_ATCGCCTTCACCTCAC","D3","5",-0.0221580519805521,-0.675125689193408
"T072_ATCGGCGGTAGTACGG","D3","8",-0.0924281430383736,0.13742573457653
"T072_ATCGTGATCGCGTCGA","D3","8",-0.0846724146374341,0.285125153123772
"T072_ATCTTCACATACCACA","D3","3",-0.0745725187760264,-0.954917570878168
"T072_ATGCGATTCTGGGATT","D3","8",-0.140841126511855,0.186336386737853
"T072_ATGGGAGAGACGCTCC","D3","3",0.283286082655182,-0.544636416155863
"T072_ATGGTTGAGCGTTCCG","D3","8",-0.0994079834483948,0.17321666788885
"T072_ATGTCTTGTCCGGACT","D3","8",-0.13375351558524,0.121211609740022
"T072_ATTACTCAGGTCATCT","D3","9",1.21132774198672,-0.494154243114689
"T072_ATTATCCGTCTCAGAT","D3","5",-0.11079831931175,-0.858100497006957
"T072_ATTCCCGGTAGCCCTG","D3","3",-0.144507030495904,-0.288938445298474
"T072_ATTGTTCCAAGGGCAT","D3","5",-0.123304675300311,-0.73075894650485
"T072_ATTTCACGTTATTCTC","D3","6",-0.0186154753978962,0.379335489374886
"T072_CAACAACCAATGCAAA","D3","8",-0.154835559031086,0.17736949741272
"T072_CAACAACGTGGCGTAA","D3","0",0.00317800350058498,0.18626853055714
"T072_CAACGATAGACAACAT","D3","3",-0.171985222564821,-0.732814583047723
"T072_CAACGGCCATCGGAGA","D3","5",-0.193776893165811,-0.807098195844864
"T072_CAACGGCTCAAGTCGT","D3","5",-0.104478450308975,-0.518748750587567
"T072_CAAGACTCAACTACGT","D3","5",-0.17611195259173,-0.724040345535602
"T072_CAAGAGGAGGACAGCT","D3","8",0.0285583247644816,-0.0921735753936692
"T072_CAATACGTCGTCAGAT","D3","3",-0.144773752942853,-0.830500763494059
"T072_CACAACATCTTGTGCC","D3","3",-0.174135338704652,-0.55270301485522
"T072_CACCAAATCTGCCTGT","D3","5",-0.173016315659255,-0.494752608620821
"T072_CACTAAGGTATAATGG","D3","2",0.486941743780809,-0.87710679926284
"T072_CACTTCGAGACGAAGA","D3","5",-0.12846396580121,-0.396576232927453
"T072_CAGATCACACCCTTGT","D3","3",0.14198881426663,-0.379400500414177
"T072_CAGCCAGGTACGGATG","D3","8",-0.165200566582198,-0.0013848035298615
"T072_CATACAGAGCCTATTG","D3","8",-0.125164643796887,-0.164650043573398
"T072_CATACCCCAACTGATC","D3","5",0.0716947769912036,-0.800416242893338
"T072_CATCCCAAGTTCACTG","D3","3",-0.176691588937512,-0.931935482918085
"T072_CATCGGGAGAACCCGA","D3","8",-0.160821420801485,-0.215112527942036
"T072_CATGAGTCAGCTAACT","D3","3",0.540243213916328,-1.73571305087319
"T072_CATGCCTGTGAGCTCC","D3","3",-0.119208099195017,-1.08077495030366
"T072_CATTGCCAGGAGAATG","D3","3",-0.0584041128312508,-0.723286949928504
"T072_CATTGTTGTTGCATGT","D3","8",-0.0873993593805781,0.019474636394363
"T072_CCAATTTGTGATACCT","D3","3",-0.122100157952748,-0.771735991568202
"T072_CCACGAGAGTTGGACG","D3","3",-0.189987597417482,-0.315906170776181
"T072_CCACTTGGTCGTTCAA","D3","1",6.22448632880678,-0.207419897280214
"T072_CCATCACGTATCAGGG","D3","3",-0.107442050207989,-0.641277709874542
"T072_CCGATGGTCACTGATG","D3","3",0.0217667247605871,-0.342608060365717
"T072_CCGGGTAGTCATTGCA","D3","5",-0.141225738725028,-0.209212428889811
"T072_CCGGTAGGTACTAACC","D3","3",-0.115028216546322,-0.458523676738986
"T072_CCGTGAGGTCTGTGGC","D3","9",0.772764035022906,-0.817170531127607
"T072_CCTATCGTCGCATGAT","D3","3",-0.0791156958963209,-1.18654151020303
"T072_CCTCAACAGGGTAATT","D3","3",-0.0371998927891599,-1.33768904023276
"T072_CCTCAGTTCTGTGCTC","D3","5",0.296345899052457,-0.674849246592171
"T072_CCTCTCCAGATTCGCT","D3","5",-0.0406658749196407,-0.637270285921662
"T072_CCTCTCCTCTCAACCC","D3","4",4.74915157581297,-0.791405958827744
"T072_CCTTGTGTCCGGTAGC","D3","3",-0.0584749921437853,-0.742806178186558
"T072_CGAAGGAGTCGGTAAG","D3","5",-0.125746996613411,-0.545193107156626
"T072_CGAAGGAGTGGTGATG","D3","5",-0.188517673619996,-0.0859099271405819
"T072_CGAAGTTAGTCTAACC","D3","9",1.4528916795918,0.0117427508611481
"T072_CGATGCGCACGAGGTA","D3","3",-0.114244559452191,-0.473493172819237
"T072_CGATGGCTCTTCCAGC","D3","3",-0.0655955429560125,-0.598587964678005
"T072_CGCAGGTAGAAACTGT","D3","5",-0.167809083265319,-0.625133459152596
"T072_CGCGTGAAGTTGCGCC","D3","3",-0.0162453963427969,-0.348507739913918
"T072_CGCGTGATCAAGCTTG","D3","5",-0.124106969574803,-0.381252654293922
"T072_CGGGCATAGTGAATAC","D3","3",0.00591489201829102,-0.610154596322742
"T072_CGGGTCATCACGATAC","D3","5",0.0504419608179481,-0.489636305037793
"T072_CGGTCAGCACAAACGG","D3","8",-0.1672595562834,0.24281038383485
"T072_CGGTCAGGTCGTTTCC","D3","9",0.625335617064861,0.746278549396594
"T072_CGTGATATCAAGCCAT","D3","5",-0.00397761502213316,-0.464265665363409
"T072_CGTGCTTCATTATGCG","D3","5",0.169468327598372,-0.557842321121015
"T072_CGTTGGGAGAGGGTGG","D3","3",-0.151649817314113,-0.486438089477044
"T072_CTACATTAGTGCTCGC","D3","9",2.84054437889344,-0.376545772615967
"T072_CTACCCATCTATCGGA","D3","5",-0.0716939238669428,-0.452860771905804
"T072_CTACCTGCAGACCCGT","D3","3",-0.163885736318657,-0.195494317418759
"T072_CTACCTGTCCCACAGG","D3","3",-0.0384524444245125,-0.423274810930878
"T072_CTACCTGTCGTTACCC","D3","5",-0.147203886366689,-0.557897213664879
"T072_CTAGGTATCCATCAGA","D3","3",0.12795383736272,-0.825606982429996
"T072_CTATAGGGTGGGATTG","D3","3",-0.0804935586630714,-0.476640668591631
"T072_CTCACTGGTGTCGCTG","D3","3",-0.139596565687879,-0.682678730742335
"T072_CTCATCGAGAATGTTG","D3","5",-0.201141741895878,-0.497880180056571
"T072_CTCATGCTCAGCATTG","D3","3",0.0452500635874051,-2.11836747821591
"T072_CTCCCTCTCGTTCTCG","D3","3",0.00492615315412485,-1.3317732888577
"T072_CTCCTTTGTGTCCAAT","D3","5",0.0322873858686407,-0.691723688718061
"T072_CTCGAGGTCAGACCGC","D3","8",-0.080351621969781,-0.214109930723075
"T072_CTCTCGAAGATAGTCA","D3","5",-0.150331569581003,-0.631838292746894
"T072_CTGCTCACATCGTGCG","D3","3",-0.0336067665006787,-1.35312382115618
"T072_CTGCTCATCGCAACAT","D3","5",-0.0145248174219909,-1.49569010099391
"T072_CTTGAGAAGAGGACTC","D3","5",-0.0512693893231159,-0.726202562629364
"T072_GAAACCTTCTAGTTCT","D3","3",-0.00407658096192935,-0.619179716338923
"T072_GACACGCAGATGGCGT","D3","5",-0.137479877863769,-0.339583232326604
"T072_GACCTTCTCTTCGATT","D3","8",0.0724515129994157,-0.070713175979144
"T072_GACTCTCAGAGATGCC","D3","5",-0.171212740440359,-0.590850656494497
"T072_GACTTCCCACAATTCG","D3","5",-0.181904444277156,-0.393668124001247
"T072_GAGAAATGTACTCCCT","D3","8",-0.0139374970353507,-0.321784536564982
"T072_GAGAGGTCAAGGCAAC","D3","5",-0.153500394002058,-0.950941686848041
"T072_GAGAGGTTCCGAAATC","D3","8",-0.136014891992819,-0.228372882993087
"T072_GAGATGGGTTCGAAGG","D3","5",-0.135527640947848,-0.46896807935637
"T072_GAGATGGTCTTAGGAC","D3","5",-0.0167083510793641,-1.25402328945131
"T072_GAGGCAACAAGCTGCC","D3","5",0.0559973603035818,-0.93923092335956
"T072_GAGGCCTCACCGTCTT","D3","5",0.141782593150051,-0.755000446902723
"T072_GAGGGATAGAGACAAG","D3","3",-0.0954887052790132,-0.426282438197359
"T072_GAGTCATGTAGGAAAG","D3","8",-0.18975139402332,-0.205632915281323
"T072_GAGTTGTAGGTAGACC","D3","8",-0.160711674453963,-0.276172735666554
"T072_GAGTTTGCATGAGTAA","D3","5",-0.159311784036127,-0.451438737683926
"T072_GATCAGTAGAAGCGAA","D3","5",0.117629523704944,-0.668800966772626
"T072_GATGACTTCATCTATC","D3","5",0.12103966303866,-1.08881579709394
"T072_GATGACTTCTCGTCAC","D3","3",0.102186238252356,-0.627091095085355
"T072_GATGATCAGAGTGGCT","D3","5",0.0249483490277286,-0.342204719011604
"T072_GATGCTATCGGCAGTC","D3","5",0.0967971523784979,-0.954705805897241
"T072_GATTCTTTCGCTCTCA","D3","5",-0.154006463316419,-0.720968128599012
"T072_GCACTAAGTGGTAACG","D3","3",-0.0974213448978996,-1.13788630774155
"T072_GCATCTCGTCGAGTTT","D3","5",-0.107083247779549,-1.00137951539684
"T072_GCATGATAGAGCTGAC","D3","5",-0.0632132385968012,-0.432089717132965
"T072_GCCAACGAGAGCCTGA","D3","3",-0.108964140984395,-0.747689747673457
"T072_GCCAACGGTATTGCCA","D3","8",-0.208399438032872,-0.20420988946155
"T072_GCCAACGTCTTCGATT","D3","3",0.0108950196618205,-0.714879262659315
"T072_GCCAGGTCACCAAAGG","D3","3",-0.12722692858299,-0.490328011872707
"T072_GCCCGAAGTAGCACAG","D3","3",-0.061200791570967,-0.76393786583284
"T072_GCCGATGGTCGACTTA","D3","8",0.0798734676392298,-0.388960769960117
"T072_GCGAGAATCCTCACTG","D3","3",-0.11013135409938,-0.312131510015962
"T072_GCGTGCACAGTCTGGC","D3","8",-0.173545864726664,-0.176736267858399
"T072_GCTCAAACAGGCTTGC","D3","5",-0.0319383663989045,-0.767811674894499
"T072_GCTGAATGTCAGGTAG","D3","3",-0.0688686294815284,-0.619166058422182
"T072_GCTGAATGTGGAACAC","D3","8",-0.166949224070675,0.159635612522123
"T072_GCTTCACCATTGAGGG","D3","8",0.144020304647259,-0.350899558303207
"T072_GGAATCTTCTTGGATG","D3","5",-0.164370257685874,-0.805468005950072
"T072_GGAATGGAGCAAACAT","D3","5",-0.115827519013578,-0.898338813929195
"T072_GGAATGGGTCCTGGGT","D3","8",-0.159192665273808,0.137072133932832
"T072_GGACGTCAGCAACAGC","D3","8",-0.107049777985207,-0.144433515611061
"T072_GGAGATGCAATGCAGG","D3","3",-0.149966546240722,-0.355953872336765
"T072_GGAGCAATCGTGTGAT","D3","3",-0.122402062406562,-0.395517938694403
"T072_GGCAGTCGTTAAAGTG","D3","8",-0.132775591898035,0.20484339363489
"T072_GGCTTGGCAAACTCGT","D3","5",0.140102343216202,-1.71860471903202
"T072_GGGACTCTCTAGAGCT","D3","6",-0.0632654702311225,0.205902362056762
"T072_GGGAGATTCAAACGTC","D3","3",0.00691917479020928,-0.973249983627656
"T072_GGGAGTATCCGAGCTG","D3","3",-0.0491528643091538,-1.47958319919862
"T072_GGGATGAGTAGAGACC","D3","5",-0.20743769288903,-0.385375494600381
"T072_GGGCGTTAGGCGTCCT","D3","5",0.0561363361822964,-0.784960810810291
"T072_GGGCTACCATCAGCAT","D3","3",-0.126622961466571,-0.599757186884521
"T072_GGGCTACTCTCTCTTC","D3","3",-0.0626323191374966,-0.338172868925914
"T072_GGTAACTCACTTGGGC","D3","8",0.0550694361157617,-0.11039054334457
"T072_GGTCACGCACAGCCTG","D3","3",-0.0676899223778582,-0.537858655325114
"T072_GGTCACGGTCGTATGT","D3","3",-0.140307595584373,-0.331343220381168
"T072_GGTGTTATCTCGCTCA","D3","7",4.33370402640986,-0.0622271549518714
"T072_GGTTAACGTGTGAATA","D3","8",0.301037753833585,-0.0840791819965302
"T072_GGTTAACTCGATGGAG","D3","8",-0.151364233755621,-0.236690990782786
"T072_GTAACACAGTAAGACT","D3","5",-0.156267360693863,-0.657094447846412
"T072_GTAACCAAGAGTTGAT","D3","8",-0.156481090866097,-0.197084109318147
"T072_GTAACCAAGGCATCTT","D3","3",-0.0349409604348514,-1.05385325543618
"T072_GTAAGTCAGCTTGTTG","D3","5",-0.128521820377103,-1.00761893623613
"T072_GTACAACCAATAACGA","D3","3",0.0646470251750497,-1.14733997543969
"T072_GTAGAAAGTTGCATTG","D3","3",0.339110009057167,-0.871053067608807
"T072_GTAGATCGTAAGCGGT","D3","5",0.156978616726315,-0.6026813918388
"T072_GTAGATCGTGAGCAGT","D3","8",-0.162050573975369,0.319957650573177
"T072_GTAGGAGAGATTGACA","D3","5",-0.142766694455659,-0.474101391307454
"T072_GTAGGAGGTCCCGGTA","D3","5",-0.0693991268320844,-0.911457983681055
"T072_GTAGGTTAGTTGAAGT","D3","5",0.0487512732976984,-0.921945661263017
"T072_GTAGGTTGTATCACCA","D3","5",-0.160379017268678,-0.3057180676951
"T072_GTCAAGTCACCCTTGT","D3","3",-0.0642653819670915,-0.611091085265631
"T072_GTCACGGGTTAAGTCC","D3","5",0.345578193799686,-0.913231865332076
"T072_GTCAGCGGTAATCAAG","D3","3",-0.0226144489155852,-1.06800968443213
"T072_GTCAGCGTCAGCGCAC","D3","5",0.0588484298622139,-0.548085672753944
"T072_GTCATGACACAAATCC","D3","1",8.90819992729327,-0.128220414882906
"T072_GTCCCATCACGGGTAA","D3","3",-0.118206445494687,-0.949195449911353
"T072_GTCGCGAAGAGTCTTC","D3","5",0.199283200745986,-0.776811798050324
"T072_GTCTCACTCGGTAGGA","D3","5",-0.0154831301540159,-0.790625200049099
"T072_GTCTCACTCGTGCATA","D3","8",-0.0667661808564537,0.109317853847165
"T072_GTGAGTTCAAGAGTGC","D3","5",0.546420701214684,-0.920592386964536
"T072_GTGGAAGAGCTGGCCT","D3","8",-0.0768027251116568,0.0571434994890157
"T072_GTGTTAGGTTTGCCGG","D3","3",0.077068475193494,-0.47644247610765
"T072_GTTATGGCATGTGACT","D3","5",-0.15373890711097,-0.42717863598725
"T072_GTTGCTCCATCACCAA","D3","5",-0.0350282574063706,-0.355226246588455
"T072_GTTGCTCGTAGGGTAC","D3","8",-0.085355179417655,0.336341979570009
"T072_GTTGCTCGTGACAGCA","D3","3",-0.141114571557431,-0.468528373353926
"T072_GTTGTGAGTTGAAGTA","D3","3",-0.130713439023793,-0.653476186357018
"T072_GTTTGGACACGGTGAA","D3","5",0.0655279133746619,-0.613683192118655
"T072_TAACACGGTCGCAGTC","D3","3",-0.148001825625126,-0.972456450646853
"T072_TAACCAGGTGTTACTG","D3","5",-0.0937515170517179,-0.420802117428595
"T072_TAATCTCTCATTCGGA","D3","5",-0.119086916247254,-1.00700243692907
"T072_TAATTCCGTATGATCC","D3","5",0.0134748754952472,-0.219294025481593
"T072_TACCTGCTCGTTGTTT","D3","5",-0.0472942728948492,-0.705305506706782
"T072_TAGACTGGTGCATTAC","D3","5",0.162086530415981,-1.37159148300244
"T072_TAGACTGTCCTTTGAT","D3","7",4.83835245552763,-0.877822542206443
"T072_TAGATCGGTTCGAACT","D3","5",-0.0390196100925401,-0.530917159172514
"T072_TATCAGGCAGCTCATA","D3","8",0.284153277951778,0.0389794527746242
"T072_TATCTGTGTAGGACCA","D3","5",-0.121534739277153,-0.615884008504326
"T072_TATTCCATCATACAGC","D3","3",0.054595181910652,-0.755710443489279
"T072_TATTGCTAGTGTTCCA","D3","8",-0.0523784805387401,-0.144530422116817
"T072_TATTGCTCAAAGCACG","D3","3",-0.11989770652763,-0.808459615580976
"T072_TATTTCGAGTCCCTAA","D3","3",-0.0858230634990372,-0.70259151812888
"T072_TATTTCGTCTTACACT","D3","3",-0.199764476166348,-0.538374622954361
"T072_TCAAGACAGCGGATCA","D3","3",-0.151102154208534,-0.875029147961367
"T072_TCACAAGGTTCGTGCG","D3","3",-0.045237309557994,-0.63858653600412
"T072_TCACACCAGTTCCGGC","D3","8",0.118760419225502,-0.20170605236327
"T072_TCACTATGTACTGGGA","D3","5",0.162534417247142,-0.178258391524055
"T072_TCAGCAATCCGCAGTG","D3","3",-0.102512127474378,-0.523692974415755
"T072_TCAGCAATCGGAGTGA","D3","5",-0.025660728155184,-0.861945113214064
"T072_TCAGTGACAAGAGTAT","D3","5",-0.134378411217267,-0.600339956255658
"T072_TCATATCAGTTAGTGA","D3","8",-0.0108707664843386,-0.125509970491122
"T072_TCATGTTTCCGAGGCT","D3","3",-0.100125341345934,-0.550429483472028
"T072_TCATTCAGTTGGTAGG","D3","3",-0.095731335545845,-1.02354672089574
"T072_TCCACGTCACGCTGCA","D3","8",-0.0568146287447137,-0.0825792791670425
"T072_TCCATCGGTGCGGTAA","D3","5",-0.142390863764138,-0.226556745238832
"T072_TCCCATGGTTGACGGA","D3","5",-0.129842200974922,-0.277506365657254
"T072_TCCGATCTCCCTCTCC","D3","5",-0.167316188169862,-0.488423797836408
"T072_TCCTTCTAGAAGTCCG","D3","5",-0.0920655589668433,-1.06079795937536
"T072_TCCTTCTTCACTTTGT","D3","3",-0.0882758584563722,-0.88399446329227
"T072_TCGACGGGTAGGCAAC","D3","5",0.0865832021562655,-0.461023139460187
"T072_TCGCAGGAGATCACTC","D3","5",-0.158294990301288,-0.356975536648322
"T072_TCGCTTGTCTTGAACG","D3","8",0.00698416085019205,0.206241228603037
"T072_TCGGATAAGACTCCGC","D3","5",-0.130829195591495,-0.707245955088309
"T072_TCGTCCACACAGGATG","D3","3",-0.158040790399285,-0.423473932474494
"T072_TCGTGCTTCGTTCAGA","D3","5",-0.142523820303117,-0.358416546896929
"T072_TCTCACGCACCCAACG","D3","3",-0.124934588434458,-0.7654415476702
"T072_TCTGCCACAGTATGAA","D3","5",-0.0749331698999642,-1.16105187172395
"T072_TCTGTCGAGCAATTCC","D3","3",-0.0453037302415075,-0.783450607061053
"T072_TCTTAGTCAAGAAACT","D3","5",0.129914885638874,-0.7228045340378
"T072_TCTTCCTCATTGGGAG","D3","4",1.80637579267298,0.388864627182756
"T072_TCTTCCTTCAAGAGGC","D3","3",0.105948628604759,-0.620312277779988
"T072_TCTTCCTTCCACTTCG","D3","3",0.552994513472169,-1.67410607684988
"T072_TCTTGCGCAACCACGC","D3","5",-0.021416053813532,-0.68782378720691
"T072_TCTTGCGCATCATTGG","D3","8",-0.13537042061223,-0.234023309783577
"T072_TCTTGCGGTACTCGAT","D3","8",0.0681020423072689,-0.0123568067641252
"T072_TGAATCGCAAGATCCT","D3","5",-0.11480725532128,-1.05162683455541
"T072_TGAGCATCAGAATGTA","D3","5",-0.164681065998069,-0.206077400355629
"T072_TGATCAGGTTACGATC","D3","3",0.0797524394803052,-0.471644515785055
"T072_TGCATCCGTTGCGGCT","D3","3",0.0774669895381598,-0.529172356844969
"T072_TGCGGCATCCATCAGA","D3","8",-0.0704143789093749,-0.249140013211701
"T072_TGGAGAGCATACGCAT","D3","5",0.179284623415012,-0.442884266622492
"T072_TGGATGTTCGTGTCAA","D3","5",-0.0617110317170407,-0.380332458603577
"T072_TGGCGTGCAGGACATG","D3","5",-0.168670541445577,-0.39120023695338
"T072_TGGGAGAAGAGGACTC","D3","3",-0.090256558360106,-0.485318314532963
"T072_TGGGAGAGTATCAGGG","D3","8",-0.0604609968618521,-0.467421361442838
"T072_TGGGCTGCAGGTTCGC","D3","3",-0.128474493660677,-1.03913612072271
"T072_TGGTACAAGCGACTAG","D3","8",-0.100013187711341,-0.379642356331318
"T072_TGTAACGGTGTCCAAT","D3","3",-0.149534809222626,-0.63993322816607
"T072_TGTAAGCTCTCGTCAC","D3","3",-0.143814941613169,-0.948998869262124
"T072_TGTAGACCAAGAGGCT","D3","9",0.37173159145732,-0.554601044356247
"T072_TGTCCTGGTCACCCTT","D3","8",-0.0680249466098243,0.169118557745381
"T072_TGTGCGGAGCGCCTAC","D3","3",-0.134918092286043,-1.01364758193072
"T072_TGTGCGGTCAACACGT","D3","6",-0.0666812868991371,0.965568284117258
"T072_TGTTCTATCAAGGCTT","D3","5",-0.118478905831269,-0.598413136436817
"T072_TGTTGAGCACTCCTGT","D3","8",-0.134950062570564,-0.00141578459960824
"T072_TGTTGGAAGTATGACA","D3","8",-0.103737090546837,0.0441140104465525
"T072_TGTTTGTTCGCGCTGA","D3","5",-0.121300550537993,-1.19565487513381
"T072_TTCACCGAGGCCATAG","D3","5",-0.18329121644134,-0.880814535611033
"T072_TTCACGCAGCGCTGCT","D3","7",4.75587353611394,-1.17685937200116
"T072_TTCCACGTCCGAGATT","D3","8",0.0662095341863613,-0.0712060455521591
"T072_TTCCGGTCAAGTTGGG","D3","8",-0.135789925183561,-0.0694455125928595
"T072_TTCCTCTCAAGTGTCT","D3","5",-0.203532430379625,-0.28653821519716
"T072_TTCCTTCGTGGTAACG","D3","5",-0.0798260490184591,-0.494616484313917
"T072_TTGAACGCATGACTGT","D3","3",-0.136573374736426,-0.634392567741679
"T072_TTGCTGCTCGCTGTTC","D3","3",0.0120009296583245,-0.686079676567474
"T072_TTGTGGACAGTAACCT","D3","3",-0.041798688204068,-1.79957085966446
"T072_TTGTGGATCGTCTACC","D3","8",-0.179800746931195,0.0236841876210235
"T072_TTGTTCAGTGTCTTGA","D3","3",-0.0473938734852065,-1.03267334472978
"T072_TTTACTGGTGGCAACA","D3","3",-0.094488078969151,-0.706226753867015
"T072_TTTATGCCAGGCTACC","D3","3",-0.165534416547388,-0.781874271419241
"T072_TTTATGCGTACAACGG","D3","3",-0.110443196077516,-0.755930920936156
"T072_TTTCATGGTCCACATA","D3","5",-0.0421954672425305,-0.204280822334816
"T072_TTTGATCAGTCGGCAA","D3","3",-0.138088448595975,-0.951057573197596
"T144_AAACCCACAAGCGGAT","D6","8",0.216284433172666,-0.165032484731919
"T144_AAACCCATCGTTGCCT","D6","8",-0.0542790278859949,-0.455295307583096
"T144_AAACGCTAGGTCACCC","D6","8",0.0496261610279131,-0.0225295681730506
"T144_AAACGCTTCCTACTGC","D6","5",-0.0953422886079318,-0.421133043514546
"T144_AAAGGATAGATACTGA","D6","3",-0.078405295046337,-1.20514894182456
"T144_AAAGGGCTCCGAGGCT","D6","8",-0.17632747411492,0.0655439121648448
"T144_AAAGGTAGTAGGACTG","D6","8",0.000389688973444237,-0.227842600086678
"T144_AAAGTCCCATGATAGA","D6","3",-0.213379310883299,-0.83278698275197
"T144_AAAGTCCGTGACTGTT","D6","8",-0.17692242039098,0.213695179763282
"T144_AAAGTGACACAATCTG","D6","8",0.0314637842871297,-0.223082555596664
"T144_AAATGGAGTATCATGC","D6","8",-0.184569570044142,-0.254635137744751
"T144_AACAAGACATACACCA","D6","5",0.0554690351032356,-0.909631923279962
"T144_AACACACCAGAAATTG","D6","8",-0.165410087296757,-0.0476299676795088
"T144_AACCAACAGACAAGCC","D6","0",-0.121589632748526,0.0867081576707975
"T144_AACCAACAGGTAGTCG","D6","8",-0.206817304842084,-0.299003452837876
"T144_AACCAACTCAAATGAG","D6","8",-0.180785228556967,-0.099540934484136
"T144_AACCACACACTAACCA","D6","8",-0.171459503931766,-0.164364958957202
"T144_AACCCAAGTTCGGACC","D6","8",-0.00826312036928451,-0.104553522410136
"T144_AACCCAATCCGGACTG","D6","5",0.108682755776914,-0.718340476583719
"T144_AACCTGAGTCCTTAAG","D6","3",-0.0492590606292741,-0.724446253403547
"T144_AACCTGATCGGCTTGG","D6","8",0.0141847531306445,-0.0510755861993916
"T144_AACGAAAGTGCTGATT","D6","3",-0.134300873112744,-0.447005434285811
"T144_AACGAAAGTTCCGTTC","D6","8",-0.127429562900483,0.0163213159574073
"T144_AACGGGACACGTCGGT","D6","5",-0.15883704301633,-0.239417971189742
"T144_AACGTCACACTTTATC","D6","0",-0.0690113862292793,-0.0772647738963283
"T144_AACGTCAGTGATGGCA","D6","8",-0.118770271287691,-0.285466212550612
"T144_AACTTCTCAGTATTCG","D6","5",-0.116314503004238,-0.180602339590434
"T144_AACTTCTGTATGGGAC","D6","5",-0.121115559271321,-0.455174858986389
"T144_AAGAACACAACGACTT","D6","8",0.109154502294093,0.0272494099047105
"T144_AAGCCATAGAGGATCC","D6","5",-0.168195108376461,-0.421887618657931
"T144_AAGCGAGGTACGATGG","D6","8",-0.107055432182938,-0.373635501667279
"T144_AAGCGTTAGTCGAAAT","D6","3",-0.171515417450332,-0.554781565548769
"T144_AAGGAATGTCGGCCTA","D6","3",-0.0825257323998513,-0.340378784097118
"T144_AAGTGAACATAACCCA","D6","3",0.170216943975229,-0.731588390405071
"T144_AAGTTCGCACGACAAG","D6","5",-0.141968615232601,-0.332630634649279
"T144_AATAGAGGTACAGTAA","D6","8",-0.0482585421635958,0.0940434929177389
"T144_AATAGAGGTGTACAGG","D6","8",-0.118199244326273,-0.00699997689632088
"T144_AATAGAGTCACCTTGC","D6","5",-0.0434620861302886,-0.630793128363392
"T144_AATGAAGGTCCATAGT","D6","8",-0.16486006286708,0.0993305400141417
"T144_AATGACCGTATCATGC","D6","8",-0.214196883073289,0.0176654861615064
"T144_AATGCCAAGTATGCAA","D6","5",-0.00939431508815709,-0.541677226147299
"T144_AATGGAAAGAATGTTG","D6","8",-0.139769689178264,0.125462669481007
"T144_AATGGCTCAGTTCTAG","D6","5",-0.180139132029368,-0.403894166837808
"T144_AATTTCCAGTTCCATG","D6","5",-0.0717396903792032,-1.113751342211
"T144_ACAACCAAGTCTCGTA","D6","3",-0.0471543605943475,-0.750764198391088
"T144_ACAACCACATATGAAG","D6","5",-0.126064162085411,-0.393346539633008
"T144_ACACAGTCATAGATCC","D6","8",-0.169653348118646,0.298348934515692
"T144_ACACAGTGTCCAGCAC","D6","5",-0.154090518362262,-0.449859490419753
"T144_ACACCAAAGAAACTCA","D6","5",0.0855333967795581,-0.741765373824219
"T144_ACACGCGAGTTTGGCT","D6","5",-0.170480758119668,-0.570583632015013
"T144_ACAGAAAGTCACCACG","D6","8",0.21895831118441,0.223820747363981
"T144_ACAGAAATCAGTCTTT","D6","5",0.00769186041274841,-0.496872274801321
"T144_ACAGAAATCTTAGGAC","D6","5",-0.0630790433817558,-0.449918093699737
"T144_ACAGCCGCAAGTGTCT","D6","8",-0.176408710654748,0.0135116609744261
"T144_ACAGCCGTCTGAGAAA","D6","9",1.27162615257443,0.205945890120873
"T144_ACATCCCCACCCAATA","D6","5",-0.0954833091890671,-0.780608292978314
"T144_ACATCGAAGGGAGATA","D6","8",-0.143687865533461,0.186940936540405
"T144_ACATCGATCAATCGGT","D6","5",0.0707514279648594,-0.242403277053683
"T144_ACATGCACAGGAACCA","D6","8",-0.153958696268951,0.35574181292115
"T144_ACATGCACATATCTGG","D6","5",0.206046120846868,-0.621769787390007
"T144_ACATGCAGTGTTCGAT","D6","5",-0.127031243300235,-0.490258922398448
"T144_ACATTTCTCAGAACCT","D6","5",-0.139871703440337,-0.523638792529263
"T144_ACCAAACAGCTTAGTC","D6","5",0.319455654165554,-0.659715012236186
"T144_ACCAACATCTTTGGAG","D6","5",-0.142397341848279,-0.515208814084997
"T144_ACCACAAAGTAAGAGG","D6","5",-0.171598750255288,-0.455900289293209
"T144_ACCACAATCGGCGATC","D6","0",-0.0468864555841627,0.17750279997095
"T144_ACCCTTGAGCACTTTG","D6","8",-0.17839098706374,0.00714758977344038
"T144_ACGGAAGAGGCACGAT","D6","5",-0.122932462563379,-0.34704020418916
"T144_ACGGAAGCATCCTTCG","D6","3",-0.0242665019113039,-0.599958581149272
"T144_ACGGAAGTCTAAGCCA","D6","5",-0.227703816452372,-0.491970283232994
"T144_ACGGTCGTCTTCCGTG","D6","8",-0.202029477294553,0.306159195678624
"T144_ACGTAGTAGGTGCCAA","D6","8",-0.209930503777344,-0.175752591079453
"T144_ACGTCCTGTTTAGAGA","D6","5",-0.0744212257042425,-0.488074716418462
"T144_ACGTTCCCAGAGTTGG","D6","8",-0.165399969108847,0.0825205335700887
"T144_ACTACGAGTACGAAAT","D6","5",-0.0557540137254032,-0.267755997314794
"T144_ACTACGAGTGGATCAG","D6","5",-0.216695928450095,-0.566289775466085
"T144_ACTACGATCAGACAAA","D6","5",-0.153324755618047,-0.258348054351763
"T144_ACTATCTAGCCTCCAG","D6","8",-0.0766924025166867,0.0463510085819017
"T144_ACTATCTCACTAGAGG","D6","5",-0.169013903988454,-0.320516947798471
"T144_ACTATCTCACTCCTGT","D6","8",0.0491374935772005,-0.275256894929323
"T144_ACTATTCAGGAGGCAG","D6","3",-0.0822149760236461,-0.808326020953841
"T144_ACTATTCTCATAAGGA","D6","8",-0.125451083453318,0.0972425587316501
"T144_ACTGCAAGTATAATGG","D6","5",-0.086797660059118,-0.338210350118538
"T144_ACTGTCCAGCAGCAGT","D6","8",-0.172083131665373,-0.213208688762454
"T144_ACTGTGAAGTCTAGAA","D6","8",-0.11664096269614,-0.091992643802214
"T144_ACTTAGGTCAGTGATC","D6","5",-0.156071101172863,-0.604354327657057
"T144_ACTTAGGTCCCATAAG","D6","8",-0.185158601074042,0.0675807405443629
"T144_ACTTATCGTGTTCATG","D6","8",-0.0983521567715889,0.226988928223923
"T144_ACTTTCAGTGACTCTA","D6","5",0.0982227935588925,-1.15713308731764
"T144_AGAAATGAGACATACA","D6","8",-0.0565758220319143,-0.0879398089690809
"T144_AGAAATGGTTCAAGGG","D6","3",0.0468891147008954,-0.620977117898726
"T144_AGAAATGTCTCGAACA","D6","5",-0.18661821372951,-0.302782038131048
"T144_AGAAATGTCTCTATGT","D6","3",-0.16269652201904,-0.488896599572637
"T144_AGAACCTGTCATTGCA","D6","8",0.000796093266126088,0.0293117916778117
"T144_AGACACTGTCGCCACA","D6","5",-0.000808064006664587,-0.399528021322856
"T144_AGACAGGAGAGAGGTA","D6","5",2.23259631262712,-0.464820740702048
"T144_AGACAGGCAGTTTCGA","D6","8",-0.15283796418105,-0.345453932718555
"T144_AGACCATAGTATAGAC","D6","5",0.0530660038836202,-0.505588487770219
"T144_AGACCATGTTAAGCAA","D6","8",-0.0402916483618909,-0.0279395159614548
"T144_AGACCCGGTATCGATC","D6","5",-0.188076960718201,-0.426872139544627
"T144_AGACTCAGTTTCAGAC","D6","5",-0.0599460575691242,-0.381268261039139
"T144_AGACTCATCGCTTGAA","D6","5",-0.0356880207803925,-0.909938161987492
"T144_AGAGAATTCGATGGAG","D6","5",-0.209391189949589,-0.471569619640036
"T144_AGAGAGCAGAAATTCG","D6","8",-0.14781178737782,0.1256988229474
"T144_AGAGCAGCAACTCCAA","D6","8",-0.140189692186936,-0.0179616752805132
"T144_AGAGCAGCACTGAATC","D6","5",-0.192495485720696,-0.614086988562008
"T144_AGAGCCCGTTGCCAAT","D6","8",-0.17923670589813,0.208697113129923
"T144_AGATAGAGTAGCTGCC","D6","8",0.0157376706762857,-0.170548714858876
"T144_AGATCCAAGGATACAT","D6","3",-0.157942454586258,-0.712889360712226
"T144_AGATCGTCACCCAAGC","D6","8",-0.177108885980034,0.237148190742215
"T144_AGATCGTTCACAACCA","D6","5",-0.0660670504393172,-1.14165094286663
"T144_AGATGAAAGAAGTATC","D6","3",0.170128191660671,-0.238516310763366
"T144_AGATGAAGTGGTCCGT","D6","9",1.20315823632454,-0.782244779949841
"T144_AGCATCAGTAATCAGA","D6","8",-0.0659288796492494,-0.0180588325878657
"T144_AGCATCATCTAACACG","D6","8",0.013478255884573,-0.0510226702773721
"T144_AGCCAATAGAATAACC","D6","8",-0.132028446305525,0.1150669043049
"T144_AGCCAATAGCTGACTT","D6","5",0.0518284914610553,-0.841996082673349
"T144_AGCCAATCACTTGGCG","D6","5",-0.107949892543318,-0.524432041698654
"T144_AGCCAATGTTGTCAGT","D6","5",-0.00800358876216687,-0.466017795597422
"T144_AGCCACGGTCATCAGT","D6","8",-0.0321537127888494,-0.132507500177395
"T144_AGCCAGCGTTCTCTCG","D6","5",-0.213584849176635,-0.516025207802978
"T144_AGCGCCACAGCTTCCT","D6","5",-0.155661408875769,-0.661890895238655
"T144_AGCGTATGTATCGCTA","D6","8",-0.209619093953606,-0.0125844457885255
"T144_AGCGTCGAGCGATCGA","D6","8",-0.198014672569702,0.329853720037245
"T144_AGCGTCGCAAAGGGTC","D6","4",2.03952261164291,0.738993449254513
"T144_AGCTCAACACCTCGTT","D6","3",-0.154869893543609,-0.522600549852442
"T144_AGCTCAACAGGTCTCG","D6","5",0.160362811792691,-1.25914980181923
"T144_AGGAAATAGCACTGGA","D6","8",-0.147175998650707,-0.174167180851631
"T144_AGGAATACACCTGATA","D6","8",-0.184383491606916,-0.118339833250858
"T144_AGGACGAGTTCATCGA","D6","8",0.183463040977586,-0.318171551095088
"T144_AGGACTTTCTACGCAA","D6","8",-0.154141488357646,-0.321625886012368
"T144_AGGCATTCACGTACAT","D6","8",-0.0577286182829511,0.146454259254447
"T144_AGGCCACGTGGCTGCT","D6","9",2.77914409463187,0.308243127022612
"T144_AGGGAGTGTGCTCTTC","D6","8",0.0784249822178313,0.146126534524257
"T144_AGGGCCTCACTGATTG","D6","8",-0.173905498202333,0.0532979289217277
"T144_AGGGTCCCAGTCTGGC","D6","8",-0.138828586701857,0.186902946873125
"T144_AGGGTGATCGCCCAGA","D6","8",-0.140723347424025,0.242129557673397
"T144_AGGTCATGTTGTAAAG","D6","5",-0.168011154812867,-0.353698340193191
"T144_AGGTGTTCAGGGAGAG","D6","5",-0.174255773207192,-0.527141594678487
"T144_AGGTTACGTAACCAGG","D6","5",-0.0615465994032485,-0.862411048743422
"T144_AGGTTGTGTGGGTTGA","D6","8",-0.0645332711263785,-0.097936984257848
"T144_AGGTTGTGTTTCGACA","D6","5",-0.186985614634884,-0.387857865165193
"T144_AGTAACCTCGGCTGGT","D6","3",-0.0576295356616766,-0.357026124625813
"T144_AGTAACCTCTACGGGC","D6","8",-0.201822578300123,0.276820456795729
"T144_AGTAACCTCTAGAGCT","D6","8",-0.158669091608839,0.286490140479863
"T144_AGTAACCTCTGCTGAA","D6","5",0.138516239044576,-0.489089821903028
"T144_AGTACCAAGTCGGCCT","D6","3",-0.106075708233102,-0.816118223765678
"T144_AGTACCACAAGTATAG","D6","8",-0.173170095749146,-0.0985173233006417
"T144_AGTACCAGTTAGAGAT","D6","5",-0.139222477137222,-0.71364499644393
"T144_AGTACTGGTCTACATG","D6","8",-0.168492271932836,0.0744858095763165
"T144_AGTACTGTCTCTAAGG","D6","5",-0.165360789776564,-0.420002762990541
"T144_AGTAGCTGTTGAGTCT","D6","5",-0.111316856977432,-0.528656853072557
"T144_AGTAGTCCACTTGTCC","D6","5",-0.0920898385073073,-0.695180186541317
"T144_AGTCAACAGATTGCGG","D6","5",-0.0918483493473158,-0.309621899529725
"T144_AGTCAACAGGGATCAC","D6","3",-0.14970919466414,-0.021151013612625
"T144_AGTGACTCAATTTCGG","D6","3",0.0971453562647638,-0.384684037238316
"T144_AGTGATCTCGAAGCAG","D6","8",-0.154148202494729,0.245411285332168
"T144_AGTGCCGGTTGCATCA","D6","9",1.64100034621211,0.501553500358471
"T144_AGTGCCGTCTTACTGT","D6","8",-0.0674453032890778,0.0225514888772324
"T144_AGTGTTGGTACATTGC","D6","3",-0.200149370445699,-0.254180590090327
"T144_AGTTCCCTCTGAGCAT","D6","3",-0.133431277873098,-0.760101255594683
"T144_AGTTCGAGTTATAGAG","D6","5",0.106160841687008,-0.851884319694583
"T144_ATACCTTAGACTACGG","D6","5",0.0707656140078801,-1.19242729458841
"T144_ATAGACCCACAATTCG","D6","3",-0.135357872135262,-0.557430737334249
"T144_ATAGGCTCAGACGCTC","D6","8",-0.140229587072248,-0.163743487507534
"T144_ATCACAGTCCTCTAGC","D6","8",-0.176831516827272,-0.411197701983694
"T144_ATCAGGTAGTCCCAGC","D6","5",-0.0811996744179986,-1.00446403744266
"T144_ATCAGGTCACCGTCGA","D6","8",-0.156410571357995,0.181139327737126
"T144_ATCATTCTCTTCGTGC","D6","3",0.287986868325071,-0.635183816272239
"T144_ATCCACCAGCCTTGAT","D6","3",-0.147405701489499,-0.675876423120569
"T144_ATCCACCCAACCGGAA","D6","3",-0.0198172339266813,-0.384817018078886
"T144_ATCCATTTCGGCCAAC","D6","5",-0.184352827809253,-0.547519171732518
"T144_ATCCCTGAGGGATGTC","D6","8",-0.149435161463897,0.000749341888437531
"T144_ATCCCTGTCGCTGTCT","D6","8",-0.204110957649569,0.145255846729667
"T144_ATCCCTGTCGGCATCG","D6","5",-0.2151389492883,-0.273411034137308
"T144_ATCCGTCCAGGGAGAG","D6","8",0.0730871743500484,0.0077253161719456
"T144_ATCGATGCAGTCTGGC","D6","8",-0.0573142761230459,0.100851491088921
"T144_ATCGGATAGCTAGAGC","D6","8",0.0710025354158979,-0.0976356410013949
"T144_ATCGGATGTAGGATAT","D6","5",-0.151958118997181,-0.38017494225843
"T144_ATCGTGACAACTTCTT","D6","8",-0.185702522540157,0.238307668647984
"T144_ATCTCTAAGATACCAA","D6","5",-0.0701234584708505,-0.703141570262689
"T144_ATCTCTAGTCCAACGC","D6","8",-0.157138339404003,-0.233431619735842
"T144_ATCTTCACATCGATAC","D6","8",-0.129012766807296,0.179655631884687
"T144_ATGAAAGTCAGACCGC","D6","3",0.317897372792051,-0.466810827118539
"T144_ATGACCACATTGTACG","D6","5",-0.0178840010219451,-0.398854992065933
"T144_ATGAGTCCACGTGTGC","D6","0",-0.196552946734962,0.217706731973734
"T144_ATGCATGGTCAGTCGC","D6","3",-0.0454523201073611,-1.15326292211698
"T144_ATGCCTCGTAAGACCG","D6","8",-0.166459081850615,0.312912085862806
"T144_ATGGATCAGCGCTGAA","D6","8",-0.183710183423147,-0.0204633562078125
"T144_ATGGATCCATGCAGCC","D6","5",0.109511181862373,-0.505944581432535
"T144_ATGGATCGTTCTCGTC","D6","8",-0.135097676195378,0.0624973203788305
"T144_ATGGATCGTTTCCAAG","D6","5",-0.16157309743108,-0.429342269656417
"T144_ATGGGAGTCTGAGAGG","D6","8",-0.0589272731862481,-0.0397016149694942
"T144_ATGGGTTCAGAGACTG","D6","5",-0.210394823810512,-0.25012460375694
"T144_ATGGGTTTCGCGTTTC","D6","5",-0.141000449443928,-0.207477956051918
"T144_ATGGTTGTCGCAACAT","D6","5",-0.073489056045218,-0.37669716430275
"T144_ATGTCTTAGGGCGAAG","D6","5",-0.205660973678351,-0.390936606915123
"T144_ATGTCTTGTACAGGTG","D6","8",-0.06555074917384,-0.111681968692882
"T144_ATGTCTTTCGAAACAA","D6","8",-0.147193372798228,-0.286216123122804
"T144_ATTACCTTCGATTGGT","D6","3",-0.0923545290714313,-0.633436437848572
"T144_ATTACTCTCTGCCTCA","D6","8",-0.120020966775926,-0.0131993819240467
"T144_ATTCACTGTTGAGTCT","D6","5",-0.107009430364738,-0.610559629570612
"T144_ATTCAGGAGCACGATG","D6","4",4.47625508551743,-0.522472414767899
"T144_ATTCAGGCAGTCTCTC","D6","3",0.0848106691414183,-0.466303104461999
"T144_ATTCATCGTGCGTTTA","D6","3",-0.121421000284434,-0.499607389566175
"T144_ATTCCATGTTATAGCC","D6","8",-0.190187523159868,-0.0193533865856089
"T144_ATTCCTACAGGTGTTT","D6","8",-0.0601278989498804,0.0162773207780269
"T144_ATTCGTTGTGGAGGTT","D6","8",-0.130575940164243,0.0560689823653068
"T144_ATTCTACGTTCGATTG","D6","5",-0.197659396036393,-0.275181502095985
"T144_ATTCTTGCAACAAGTA","D6","8",-0.181295680234526,0.0760721379860915
"T144_ATTCTTGGTCTCACGG","D6","5",-0.00808029204912718,-0.559569126503737
"T144_ATTCTTGGTTGCGGAA","D6","8",-0.129297115296953,0.116256367171587
"T144_ATTCTTGTCTGACGCG","D6","8",-0.0528521926832384,-0.235171469963139
"T144_ATTGGGTAGACTCTAC","D6","3",-0.0960374642384933,-0.287718790563461
"T144_ATTGTTCAGACCAAGC","D6","8",0.0154876549128348,-0.268895338677029
"T144_ATTGTTCCACCAGCCA","D6","8",-0.17199980376655,0.241791215840181
"T144_ATTTACCTCTCCGATC","D6","5",-0.203039205912248,-0.832526388946736
"T144_ATTTCACAGCTAGCCC","D6","5",0.0990604407841138,-0.418035408553391
"T144_CAACCAATCACTTGTT","D6","3",-0.0905365576099734,-0.33715670182498
"T144_CAACCTCAGCTACAAA","D6","5",0.0656196365308134,-0.153733900523282
"T144_CAACCTCCAATGTGGG","D6","5",-0.17357755071326,-0.575522339838039
"T144_CAACCTCCACACCGAC","D6","3",0.0248469640261533,-0.858965582685373
"T144_CAACGATGTATGAAAC","D6","8",-0.142012925400255,-0.0274589980322092
"T144_CAAGACTAGCCTATTG","D6","8",-0.0743213660737769,0.277011538226994
"T144_CAAGAGGCAGGTGTGA","D6","8",-0.167345211931976,0.0963400859789058
"T144_CAAGAGGGTACACTCA","D6","0",-0.15649864691359,-0.0801293283706583
"T144_CAAGGGACAATAGTAG","D6","8",-0.129738186743489,-0.0516558749215409
"T144_CAAGGGAGTTACAGCT","D6","8",-0.17858716585931,0.0369433188501658
"T144_CAATCGACAAGAGTGC","D6","3",-0.110878765294989,-0.305976124973808
"T144_CAATGACAGTGATCGG","D6","8",0.0202769913162302,0.114228490710358
"T144_CACAACAAGGAGAGTA","D6","8",-0.160244616965053,0.0257392067828569
"T144_CACACAAGTACTTCCC","D6","5",0.0685276821096653,-0.68818896847604
"T144_CACACAATCGCATGAT","D6","0",-0.0729921298608825,0.337423391546822
"T144_CACAGATTCGTGCGAC","D6","5",-0.193601354364375,-0.662830770889962
"T144_CACAGGCTCAGGTAAA","D6","5",0.0968326195748459,-0.379804125704025
"T144_CACATGAAGGTAACTA","D6","5",-0.00542607443352902,-0.776339045698415
"T144_CACATGAGTGCAACAG","D6","5",-0.151834632662189,-0.241438407626477
"T144_CACCAAATCCTAGAGT","D6","3",-0.163590383385556,-0.209567020190063
"T144_CACCAAATCGAGAAAT","D6","5",-0.172788174383064,-0.222930144645107
"T144_CACGGGTAGTCTAACC","D6","8",-0.0790970706078864,0.179613923270024
"T144_CACGGGTGTATCGAGG","D6","5",-0.0173823560038669,-0.503602348466045
"T144_CACGGGTTCTTGGGCG","D6","8",-0.0843919442393416,-0.0093026182341075
"T144_CACGTTCGTAGACGGT","D6","5",-0.186336807268989,-0.429448087976983
"T144_CACTGAACAGATCCAT","D6","5",0.025328890456543,-0.695553366004665
"T144_CACTGGGTCAGTAGGG","D6","8",0.0131936348825602,0.369004148902502
"T144_CACTGTCTCTTTCCAA","D6","5",-0.134660229300813,-0.58258748559497
"T144_CACTTCGAGCAGAAAG","D6","5",-0.149643931253769,-0.462336756724224
"T144_CAGATTGCAGTAGTGG","D6","8",-0.122271832392751,0.170565708501558
"T144_CAGATTGGTGGTCTTA","D6","8",-0.196067279941374,0.0794122051949818
"T144_CAGCAATAGTCCTGTA","D6","5",-0.115274530880618,-0.878464455980283
"T144_CAGCAATTCGGTCACG","D6","8",-0.186381987347088,0.0917683929470033
"T144_CAGCACGAGTTCTACG","D6","3",-0.16527024885966,-0.581927646902146
"T144_CAGCACGGTTGGGAAC","D6","5",-0.0657212797747959,-0.511200687200929
"T144_CAGCAGCAGCACTCGC","D6","3",-0.13747057159659,-0.317741061592543
"T144_CAGCAGCCAAGCGAGT","D6","9",0.831733662866931,0.256732308374887
"T144_CAGCAGCGTCAGTCCG","D6","8",-0.176148720283036,-0.0482780650318261
"T144_CAGCCAGAGAACTCCT","D6","8",-0.0839966594803285,-0.238799358036263
"T144_CAGCCAGTCTGAACGT","D6","3",-0.0836121731290395,-0.806480359027028
"T144_CAGCGTGCAATGGCCC","D6","3",0.0478939272514891,-0.550673856460225
"T144_CAGCGTGGTGCTCTCT","D6","8",-0.0913089774864299,0.0886520406682276
"T144_CAGCGTGTCGCATAGT","D6","5",-0.0438856934723819,-0.850626503584825
"T144_CAGGCCACAAGTCATC","D6","8",-0.0710549320222413,0.0507124279358134
"T144_CAGGTATAGATGACAT","D6","0",-0.188269969483383,0.0446122522676221
"T144_CAGGTATAGTTGTAGA","D6","8",-0.140565937661519,-0.362897375877378
"T144_CAGGTATCAGATGCGA","D6","8",-0.184132437674742,0.117261786917214
"T144_CAGTTAGAGTAGTCCT","D6","9",1.26058986605398,0.273537737987693
"T144_CAGTTAGGTGTATACC","D6","5",-0.0485234786010877,-0.163093180623071
"T144_CAGTTCCCACCAGTTA","D6","5",-0.181463381805626,-0.626764043726174
"T144_CAGTTCCGTCGCTTGG","D6","3",-0.180779014814943,-0.407932856886184
"T144_CAGTTCCTCCTCTCGA","D6","8",0.187897403779859,-0.193141454976687
"T144_CATAAGCCATCGTGGC","D6","8",-0.206224380398921,0.120645562170994
"T144_CATCCACCACTAGTAC","D6","9",1.24713660554867,-0.809633266027275
"T144_CATCGCTCAACGACAG","D6","8",-0.0321383980479613,0.0287340885335141
"T144_CATCGGGTCTTCTGGC","D6","8",0.0444720830931606,0.175212403890607
"T144_CATGCAAGTGACACAG","D6","0",-0.159672994448037,0.123295707157774
"T144_CATGCGGAGTGATGGC","D6","8",-0.110693754273605,0.030444440835985
"T144_CATGCGGCACGCGTCA","D6","3",-0.113141464623759,-0.383737529920019
"T144_CATGGATAGGATAATC","D6","5",-0.108014462317756,-0.482036066542489
"T144_CATGGATTCTCGTTTA","D6","8",-0.176747723314527,0.310913055622711
"T144_CATTCATAGAGGCTGT","D6","8",-0.00276524835250409,0.178183324180956
"T144_CATTCCGAGGTCACCC","D6","8",-0.0437372605843043,0.138766640552761
"T144_CATTCTAAGGATATAC","D6","5",0.0564513037279752,-0.308037104132605
"T144_CATTGAGGTTGGAGAC","D6","8",-0.207426528307492,-0.144547604012883
"T144_CATTGCCTCTGGGCAC","D6","3",-0.154944702625049,-0.421425083172838
"T144_CATTGTTCAAATGCTC","D6","8",-0.135428286166227,-0.237530358578372
"T144_CATTGTTGTTGTTTGG","D6","5",-0.128242561642977,-0.889418806312888
"T144_CATTGTTTCGTTGCCT","D6","5",-0.150567690999649,-0.647055212895064
"T144_CATTTCAGTCGTGCCA","D6","5",-0.0615498668154576,-0.615716586238967
"T144_CCAATGAGTCACCCTT","D6","8",-0.120125576213385,-0.230291996576994
"T144_CCAATTTAGAAGTGTT","D6","5",-0.0934035549983791,-0.552487118124141
"T144_CCACAAAAGGACAAGA","D6","8",-0.0629464839077415,-0.0549003837086652
"T144_CCACAAACAAGCACAG","D6","3",-0.206568893254716,-0.560033216947414
"T144_CCACACTCACTCTCGT","D6","5",-0.100105541037001,-0.777473460420514
"T144_CCACCATAGTCAGCCC","D6","8",-0.174706327687393,-0.032337581875033
"T144_CCACCATGTAACCCGC","D6","3",-0.00763220228654238,-0.501107217462832
"T144_CCACCATTCTGTCTCG","D6","8",-0.0980387515829967,0.00835622272518467
"T144_CCACGTTAGTGGTTGG","D6","8",-0.141653956863698,-0.116705159350155
"T144_CCATAAGGTACCATAC","D6","5",-0.0620668412277573,-0.140901172938242
"T144_CCCAACTTCGCGTGCA","D6","8",0.348768907628938,0.0794861713176791
"T144_CCCATTGTCCCGAACG","D6","8",-0.147364382871408,-0.267459172997435
"T144_CCCTAACTCTTAGCTT","D6","8",-0.0462088954177829,-0.143123466356483
"T144_CCCTCAACACCTGTCT","D6","8",-0.0499039656447313,-0.251818168866597
"T144_CCCTCAAGTGTATTGC","D6","5",-0.203192229880905,-0.424339766461158
"T144_CCCTGATTCCATAAGC","D6","5",-0.138340635112216,-0.405402313580028
"T144_CCGAACGGTGGTATGG","D6","5",-0.198564929568746,-0.301467515748616
"T144_CCGATGGCAAAGGGTC","D6","3",-0.169222775459175,-0.35799618304777
"T144_CCGATGGGTTATTCCT","D6","5",-0.0959404801277872,-0.571801742373949
"T144_CCGATGGTCACTTGGA","D6","5",-0.110423281736354,-0.697588238740374
"T144_CCGCAAGCAGGTCCGT","D6","8",-0.152677892788314,-0.16900012930412
"T144_CCGGGTATCTCGGGAC","D6","9",1.06162289249729,-0.24159774153214
"T144_CCTAAGACATGTGCCG","D6","5",0.549793559298068,-0.222413740118618
"T144_CCTACGTCAAGGTCGA","D6","8",-0.11022234873522,0.229446197559098
"T144_CCTCAACTCCCTTGTG","D6","4",4.46109339970014,0.703100367154924
"T144_CCTCAGTCATGGGAAC","D6","5",-0.173601840776267,-0.576862947515851
"T144_CCTCATGTCGGTGTTA","D6","8",-0.155875174930526,0.248776630001755
"T144_CCTCCAAGTCGGTGAA","D6","5",-0.133183998900072,-0.396814435650851
"T144_CCTCCTCGTTCTCCTG","D6","8",-0.192395543160038,-0.0441455821458333
"T144_CCTCTAGCAACCACAT","D6","3",-0.129388336099254,-0.449877829886258
"T144_CCTCTCCAGTAGGTTA","D6","3",-0.179530444442752,-0.553196969141498
"T144_CCTCTCCCAGATTAAG","D6","8",-0.136289877214153,0.212696518089358
"T144_CCTCTCCGTCAGTCTA","D6","8",-0.124440385386891,-0.18504141133835
"T144_CCTCTCCGTCCACTCT","D6","8",-0.0603539607325204,-0.129290837132398
"T144_CCTGCATCACATACTG","D6","5",0.0113082528033177,-0.334875698092883
"T144_CCTGTTGGTACTAGCT","D6","8",-0.0927131909015416,0.237071506038204
"T144_CCTGTTGTCATGCGGC","D6","8",-0.0396432116792097,-0.0268015292937194
"T144_CCTTCAGCACCAAAGG","D6","8",-0.111962364273117,-0.385766231735374
"T144_CCTTCAGCATGACAGG","D6","5",-0.146275977125657,-0.245706872135125
"T144_CGAATTGTCGTCCATC","D6","5",-0.173040262684738,-0.729030643182802
"T144_CGACAGCGTACACGCC","D6","9",0.86928810725358,-0.510297232471587
"T144_CGACAGCGTACTTGTG","D6","8",0.0477694138022929,0.0790714614663652
"T144_CGAGAAGGTAACAGGC","D6","8",-0.173698483926441,0.0814962158753757
"T144_CGAGGAATCATTTCGT","D6","5",0.0170705002219029,-0.475171404677001
"T144_CGAGGAATCCTCTAAT","D6","5",-0.160325768750897,-0.470628812050284
"T144_CGAGGCTTCTTAAGGC","D6","5",0.00484217779857735,-0.258612306516284
"T144_CGAGTGCTCAAGTGTC","D6","3",0.00220883081507668,-0.303987655046755
"T144_CGAGTTAAGCCTGTGC","D6","8",-0.0454143110437366,-0.258563665768787
"T144_CGAGTTAGTTCCACGG","D6","8",-0.136755294734327,0.0873990541658561
"T144_CGAGTTATCAAGAGGC","D6","8",-0.20232885701818,-0.0208178370514218
"T144_CGATGCGTCCGTTGGG","D6","8",-0.174322043192485,0.246292556276489
"T144_CGATGGCCAGATTAAG","D6","9",1.39240194333545,0.288996674406746
"T144_CGATGGCGTGGCTTGC","D6","8",-0.122982921726415,-0.0159681104998238
"T144_CGCATAAAGGCAGGTT","D6","8",-0.142004878859412,0.208937713711696
"T144_CGCATGGGTTTACTTC","D6","8",-0.110818841929156,0.0154523261919349
"T144_CGCCAGAGTATCGCTA","D6","5",-0.183713917070722,-0.488022490808736
"T144_CGCGTGACACGGTGCT","D6","5",-0.134207817670077,-0.653652861263823
"T144_CGCGTGAGTTCTCTAT","D6","5",-0.0936438696957094,-0.445363120588489
"T144_CGCGTGAGTTCTTAGG","D6","5",0.438288055620399,-0.407947161796071
"T144_CGCGTGATCCTATGGA","D6","5",0.0666214301692578,-0.573950427605598
"T144_CGGAATTAGGTCGCCT","D6","8",-0.167542837550807,-0.215893545985036
"T144_CGGAATTCAATTGCTG","D6","5",-0.188058581359656,-0.634861327905356
"T144_CGGAATTTCGAGTCCG","D6","8",-0.116948997423599,-0.206493473311997
"T144_CGGACACAGAGGGTGG","D6","8",-0.13798295269223,-0.151567565586432
"T144_CGGAGAACAGCTCATA","D6","0",-0.0837399385333793,0.232168060754624
"T144_CGGCAGTTCCCGTGTT","D6","5",0.042523659707861,-0.867893736765805
"T144_CGGCAGTTCTTGGGCG","D6","5",0.0185363289696597,-0.598133976729311
"T144_CGGGACTAGAAGTCCG","D6","8",-0.151527992500223,0.0487072421857674
"T144_CGGGACTCATTCTTCA","D6","8",-0.188366612948886,0.288365545870551
"T144_CGGGACTTCGATCCCT","D6","8",0.00817040421839037,0.125953449313687
"T144_CGGGCATAGCCTCCAG","D6","8",0.0209150092620852,0.171477467397445
"T144_CGGGCATAGGTAAGAG","D6","5",0.043211680444558,-0.357608718912002
"T144_CGGGTGTGTGACATCT","D6","3",0.291937823704848,-0.328611067049562
"T144_CGGTCAGCAAGTGGTG","D6","8",-0.202419560324394,-0.0720693047452783
"T144_CGTAAGTAGGCGAACT","D6","8",0.225388817254278,-0.29717244838643
"T144_CGTAATGGTGCCTAAT","D6","5",-0.180180092883674,-0.420630749791836
"T144_CGTCAAAGTCTGTCCT","D6","8",-0.173575625077308,0.200193460112432
"T144_CGTGAATGTATAATGG","D6","8",-0.0685745636276286,0.153610166424286
"T144_CGTTCTGCAACAGAGC","D6","0",-0.116483421845135,-0.0211059948668969
"T144_CGTTCTGGTTCGAAGG","D6","3",-0.138545934216869,-0.51907828153811
"T144_CGTTCTGTCGGTATGT","D6","8",-0.0760273762243279,0.220333753210603
"T144_CTAACCCCAACCGGAA","D6","5",-0.124523915071197,-1.0074525183962
"T144_CTAAGTGCACTGCGAC","D6","8",-0.175262458900604,0.157489666390839
"T144_CTACATTCAGTATACC","D6","5",-0.127894943090569,-0.933956236399408
"T144_CTACATTGTCTGTAGT","D6","5",-0.0952655207177783,-0.374126542813887
"T144_CTACATTGTTGCATGT","D6","8",0.139730892946093,-0.00825421409784436
"T144_CTACCCAGTTCCACGG","D6","8",-0.221320798192308,-0.383783823524816
"T144_CTACTATCAATACAGA","D6","3",-0.111290072320655,-0.323585554621796
"T144_CTAGACAAGGTAAACT","D6","5",0.849945937832205,-0.308374313931961
"T144_CTAGACACATCCTGTC","D6","8",-0.143396982718972,0.0283460256350831
"T144_CTAGACATCAAATGAG","D6","5",-0.162866253903168,-0.277846312635122
"T144_CTAGACATCAAGCTTG","D6","8",-0.0442512762718254,-0.0163896812345368
"T144_CTATCCGAGGTAAACT","D6","5",-0.0654867763598669,-0.529103780593236
"T144_CTATCTAAGGGTAGCT","D6","8",-0.147438203424702,0.0805861533291781
"T144_CTATCTACATAACTCG","D6","8",-0.165719292043218,-0.0134439850150131
"T144_CTCAACCGTCTCGACG","D6","5",0.0110771482637513,-0.420657413188785
"T144_CTCAAGAAGCTGTTCA","D6","3",-0.00361868133398616,-0.703555106098731
"T144_CTCAAGAGTTACCTTT","D6","5",-0.140631592782017,-0.362288828657315
"T144_CTCAAGAGTTGGTACT","D6","8",-0.103575900550331,-0.269384129139405
"T144_CTCACTGAGGTATTGA","D6","0",0.0673610016973912,0.371319196510534
"T144_CTCAGAACACATACTG","D6","8",-0.117502590371662,-0.103989620225791
"T144_CTCAGAAGTTGCCATA","D6","8",-0.10264173991349,-0.235157524971594
"T144_CTCAGGGAGGTGATAT","D6","3",0.0689023572307088,-0.497036206415894
"T144_CTCAGGGCACATGAAA","D6","1",8.76524477092113,-0.0888683981910071
"T144_CTCATGCAGCAACAGC","D6","8",-0.171222196313986,0.225391860243461
"T144_CTCATGCCACTTGTGA","D6","5",0.160620328900881,-0.469951807990802
"T144_CTCATGCTCGTTAGAC","D6","8",-0.0755506467408873,0.0620752813141733
"T144_CTCCAACTCTAGTGAC","D6","8",-0.0832691664581993,0.218558507967744
"T144_CTCCACAAGGTGGCTA","D6","8",-0.0842334350075081,-0.332673875553524
"T144_CTCCACAAGTCATCCA","D6","1",6.8511166637903,0.324533992965263
"T144_CTCCACACATAGAATG","D6","5",-0.169705502317814,-0.908132576409939
"T144_CTCCATGAGTCCCGAC","D6","5",0.027863227275593,-0.26171136974176
"T144_CTCCCAAAGTAGCCAG","D6","5",-0.141959882160495,-0.690894491990749
"T144_CTCCCTCGTTGGGAAC","D6","8",-0.186680008460058,-0.11100957382011
"T144_CTCCGATAGCGAAACC","D6","8",-0.0477830735232069,-0.264353028490508
"T144_CTCCGATCAAGTATCC","D6","5",-0.143559323139532,-0.475101574926364
"T144_CTCCGATCATGACACT","D6","3",-0.0936770660976765,-0.698850521006473
"T144_CTCCTCCAGTTCATCG","D6","3",0.283029689799563,-0.6488819690082
"T144_CTCCTTTTCACTGGGC","D6","5",-0.106600130592625,-0.408966653488852
"T144_CTCGAGGTCTCATGGA","D6","8",-0.145216279423435,0.110987094626994
"T144_CTCTCAGCAGTCTGGC","D6","5",0.0170495201497441,-0.477724586919737
"T144_CTCTCAGTCATGTCTT","D6","8",-0.161542733960744,-0.504773719698168
"T144_CTCTCAGTCCAAGCTA","D6","8",-0.183283618056092,-0.0275530506684774
"T144_CTCTCGAAGCTTAAGA","D6","3",-0.152108579371715,-0.60909727368427
"T144_CTCTCGACACGTAGAG","D6","5",-0.0549295733634493,-0.901900292343242
"T144_CTCTGGTCAACCAGAG","D6","5",-0.158311892607896,-0.215771311761342
"T144_CTCTGGTGTAGGGTAC","D6","8",-0.0987111967325962,0.256788861180097
"T144_CTGAGCGCACATACGT","D6","9",1.29009422467559,0.29188299469816
"T144_CTGCAGGAGGCACGAT","D6","8",-0.141378077853608,-0.150570515858852
"T144_CTGCCATCAGACTGCC","D6","8",-0.172884811633899,0.251654338372042
"T144_CTGCCATCATGACTAC","D6","8",-0.133961971959597,-0.00368176154839923
"T144_CTGCCATGTCCGCAGT","D6","8",-0.153693800640478,0.071952402843235
"T144_CTGCCATTCCTACTGC","D6","8",0.274435580074861,-0.0229170090415771
"T144_CTGGACGGTGCTGTCG","D6","8",-0.103385299170933,-0.0495832648289717
"T144_CTGGCAGCATGGACAG","D6","8",-0.155427755165557,-0.0510103844537375
"T144_CTGGTCTCAGAACATA","D6","8",0.0530559608185961,-0.474747197858986
"T144_CTGGTCTCAGTCTACA","D6","5",-0.114696224703401,-0.897328406628048
"T144_CTGTAGACAGACAATA","D6","5",-0.16489909301765,-0.515589352610211
"T144_CTGTATTGTCCGATCG","D6","3",-0.206007707168367,-0.752011080747177
"T144_CTGTCGTCATTACTCT","D6","8",-0.105282869095656,0.0746873915902938
"T144_CTTACCGGTAAGGCTG","D6","5",-0.0157139549448708,-0.715858608272372
"T144_CTTACCGTCAATCTCT","D6","8",-0.112127387807985,-0.24739106391669
"T144_CTTACCGTCTCTTCAA","D6","5",-0.0645485323663792,-0.54999273542893
"T144_CTTAGGAAGGAGAATG","D6","8",-0.176642265643097,0.0836866475541151
"T144_CTTCCTTCAAACTAGA","D6","8",-0.113401043076941,0.206527470350844
"T144_CTTCCTTCAGAGGTAC","D6","5",-0.0230594589089516,-0.548211113511109
"T144_CTTCGGTGTCGGCACT","D6","8",-0.153691559684288,0.0834634727130227
"T144_CTTCTAAAGGCTGGAT","D6","5",0.1377990696758,-0.53598969024333
"T144_CTTCTAAGTGTATTCG","D6","5",-0.141657988526929,-0.521551339787682
"T144_CTTGAGAGTTGCCTAA","D6","8",-0.184683217044426,-0.179323376905674
"T144_CTTGATTGTGCTCGTG","D6","5",-0.193847568998173,-0.449922959990848
"T144_CTTGATTTCTATCGTT","D6","8",-0.126545164026023,0.0349371133765482
"T144_CTTTCAAAGAAGGCTC","D6","3",-0.155628204799691,-0.336869660312722
"T144_CTTTCAACATCCGATA","D6","5",-0.168269119358063,-0.471751058595031
"T144_CTTTCAATCCACTTCG","D6","8",0.0282329643434006,0.178279474337845
"T144_GAAACCTAGTGACACG","D6","8",-0.0622054468693729,-0.0646844133974309
"T144_GAACACTGTATTTCTC","D6","8",0.0128783912844852,-0.008988249845716
"T144_GAAGCCCAGGGCTGAT","D6","8",-0.0949210282948189,-0.211285796329511
"T144_GAAGCGAGTCCAAATC","D6","8",-0.156540254239892,-0.214989374142467
"T144_GAAGTAACACATAACC","D6","5",0.0554034944303691,-0.987202033849538
"T144_GAATCACTCTGACAGT","D6","8",-0.203742517968606,-0.289893506872301
"T144_GAATCGTAGTCTAACC","D6","5",0.15110932679311,-0.380804894919168
"T144_GACACGCAGTTGGAAT","D6","5",0.130089451848881,-0.594054446439559
"T144_GACAGCCAGATTAGAC","D6","5",-0.0462050539063038,-0.343327585881419
"T144_GACAGCCTCAAGAAAC","D6","5",0.0655650901303203,-0.342865966587853
"T144_GACATCAAGAAGTATC","D6","5",-0.11630962638515,-0.653087470134699
"T144_GACCAATCACAAGTGG","D6","8",-0.142612719595277,0.131440518648602
"T144_GACCGTGCATCGATAC","D6","8",-0.130154825874122,-0.391334156465044
"T144_GACCTTCAGGTGGGTT","D6","5",-0.159399107503387,-0.456186049708927
"T144_GACCTTCTCTGCCTGT","D6","5",-0.18026526443334,-0.527776722030513
"T144_GACGCTGTCTCTCTAA","D6","5",-0.17651784496689,-0.820742302643465
"T144_GACGTTATCTTGTGCC","D6","8",-0.135547324197073,-0.114205858595652
"T144_GACTATGTCATACGAC","D6","5",-0.158755597103381,0.05590090907973
"T144_GACTCTCGTGATACCT","D6","8",-0.12237991785435,0.0291068973575217
"T144_GACTGATGTACAGTAA","D6","5",-0.137192310885773,-0.342928877523324
"T144_GACTTCCAGGAGAGTA","D6","8",-0.167635260885918,0.198942889582025
"T144_GACTTCCAGTAAACTG","D6","3",-0.138276856710322,-0.317069296068695
"T144_GACTTCCCATTGTACG","D6","1",6.61653812438032,-0.344768630273102
"T144_GAGAAATGTGGCCACT","D6","3",-0.0672973667333747,-0.758385354885246
"T144_GAGACCCAGTACCATC","D6","4",3.47633246600577,-0.498908761085021
"T144_GAGACTTGTTAAACCC","D6","3",-0.204010703728425,-0.356484018287462
"T144_GAGAGGTCAATGAAAC","D6","5",0.0696341371939719,-0.596780564728553
"T144_GAGAGGTGTGAAGCGT","D6","8",-0.0907935716521499,-0.0271126985840419
"T144_GAGAGGTTCGCTACAA","D6","9",0.718269408208062,0.117130591456864
"T144_GAGAGGTTCGGTCTAA","D6","5",-0.127128644856428,-0.366792272921713
"T144_GAGAGGTTCTCGACGG","D6","8",-0.134716934425647,-0.363623317433252
"T144_GAGATGGCACGTGAGA","D6","8",-0.229361888710612,-0.0721740366300737
"T144_GAGATGGGTGGACTGA","D6","8",-0.173380738233327,-0.119973915205207
"T144_GAGGCAATCATGCCCT","D6","5",0.141819008380704,-0.481091411540765
"T144_GAGGCAATCTAACACG","D6","8",-0.0382009954318648,-0.00446830287614676
"T144_GAGGCCTAGTCTCGTA","D6","5",-0.182518891334024,-0.478023305855859
"T144_GAGGCCTTCATGCTAG","D6","8",-0.132325132933388,0.177286903228623
"T144_GAGGGTATCCCGTTCA","D6","8",-0.0564772079593241,0.12983206681729
"T144_GAGGGTATCTTCTGGC","D6","9",2.00643690059205,-0.274514818092371
"T144_GAGTCATAGTGCCCGT","D6","5",-0.119999696082482,-0.503758969815884
"T144_GAGTCATGTAACGATA","D6","8",-0.178473863410521,0.19963779767455
"T144_GAGTCTAAGCTACTGT","D6","3",0.066648213234705,-0.538779192515013
"T144_GAGTCTACATAGCACT","D6","3",0.0306823942020098,-0.440883296710689
"T144_GAGTCTATCACTTGTT","D6","5",-0.00608668802334052,-1.19138221711965
"T144_GAGTGTTTCCGTGGTG","D6","6",0.32442690006383,0.022853652193164
"T144_GAGTTGTCATCGCCTT","D6","5",-0.00804319185935014,-0.494705857616691
"T144_GAGTTGTTCGCTGCGA","D6","8",-0.151163505728614,0.127706929038851
"T144_GAGTTTGAGTCTGCAT","D6","8",-0.0634173829867108,0.112496072258057
"T144_GATAGAAAGCACTGGA","D6","8",-0.0725958375505406,0.0173628462123481
"T144_GATCAGTAGAGTGAAG","D6","8",-0.149144024566372,0.15150312565852
"T144_GATCAGTAGCAGGGAG","D6","5",-0.109947444944211,-0.816231929451345
"T144_GATCAGTAGTCCGCCA","D6","5",-0.0615740722168267,-0.614758712498094
"T144_GATCATGTCAAAGCCT","D6","5",-0.151348088389106,-0.409763107031417
"T144_GATCCCTAGGGCATGT","D6","8",-0.0621491514829761,-0.207098495359789
"T144_GATCCCTCATAACCCA","D6","5",0.336554724304148,-0.764970721092498
"T144_GATCGTAAGGCAGTCA","D6","5",-0.0899042361040597,-0.307913210048263
"T144_GATCGTAGTCGAGCAA","D6","5",-0.0935648306356458,-0.562446955131019
"T144_GATGATCAGTCGAATA","D6","5",-0.0932905311939839,-0.173071547596388
"T144_GATGATCGTATGGTAA","D6","5",-0.162358425141683,-0.242110968275618
"T144_GATGCTACAGACAATA","D6","8",-0.161991428770457,0.0507192982328257
"T144_GATTCGAGTCAACATC","D6","8",-0.0699734938261459,-0.0344248102556041
"T144_GATTCTTGTTCGGTTA","D6","8",0.00604291444274624,0.0360094175727095
"T144_GCAACATGTCTGATCA","D6","5",-0.100076864409746,-0.555001130006567
"T144_GCACGGTAGTTACGTC","D6","5",0.0873051295770324,-0.248021582190718
"T144_GCACGTGGTGTGTCCG","D6","0",-0.192507355777644,0.349519504235424
"T144_GCAGCCAAGTCTCTGA","D6","5",-0.169495344132543,-0.265432754758647
"T144_GCAGCTGCAATACGCT","D6","8",-0.17048771097317,0.0780005215838552
"T144_GCAGCTGGTACGAAAT","D6","0",-0.120576996326643,0.233688152687124
"T144_GCAGCTGTCGACCTAA","D6","8",-0.154740296195328,-0.0846181165509785
"T144_GCAGGCTAGGGTTAAT","D6","1",5.3146310300248,-0.355980487909068
"T144_GCAGGCTTCGGCATTA","D6","5",-0.158482815422526,-0.677595271140695
"T144_GCAGGCTTCGTAACCA","D6","5",-0.157245597838682,-0.270881692164887
"T144_GCAGTTAGTGACCTGC","D6","8",-0.169784585285262,0.0143487802841607
"T144_GCATGATCAGCTTTCC","D6","8",-0.181851567781062,0.239833989822077
"T144_GCATGATGTCGGTAAG","D6","5",-0.145434080830221,-0.836969448593654
"T144_GCATTAGAGTTAACGA","D6","5",-0.172965692532328,-0.899718419160472
"T144_GCATTAGTCCCAACTC","D6","8",-0.169387344892393,-0.119446635872553
"T144_GCCAGCACAAAGGGTC","D6","8",-0.161816894263463,-0.0577498425635254
"T144_GCCAGGTGTAAGGAGA","D6","5",-0.169784893010137,-0.320186411670037
"T144_GCCAGGTGTATCGGTT","D6","5",-0.0928531192763991,-0.545678887236027
"T144_GCCAGTGGTATCCTCC","D6","5",-0.119895465197862,-0.486850366689972
"T144_GCCATGGTCATTGCGA","D6","5",-0.0779421964627113,-0.809309025538729
"T144_GCCCAGAAGGCCTAGA","D6","8",-0.119154948760698,-0.248583062212735
"T144_GCCCAGATCTTTGCGC","D6","0",-0.186823036125257,0.0630521862578649
"T144_GCCGATGAGAATACAC","D6","3",0.281587143548171,-0.427645967485003
"T144_GCCGATGCAGAATTCC","D6","8",-0.181615550028888,-0.134992179438814
"T144_GCCGATGGTAACATAG","D6","8",-0.169054519115111,0.0335967441613773
"T144_GCCTGTTCAGACATCT","D6","8",-0.119389975029662,-0.21314663751667
"T144_GCCTGTTCAGCCTATA","D6","5",-0.0271461454677389,-0.353895730160126
"T144_GCGAGAAAGAATGTTG","D6","8",-0.138044373669508,-0.280208405020326
"T144_GCGAGAAAGCACTCAT","D6","5",-0.127505173810953,-0.775800489265474
"T144_GCGAGAACAAGCTGCC","D6","3",-0.0414595723630442,-0.755760122408928
"T144_GCGGATCGTCCACATA","D6","5",-0.0795538277274705,-0.520731992881534
"T144_GCGTTTCGTTAAACAG","D6","5",-0.0756547298720581,-0.464012374679692
"T144_GCTACCTGTATCGGTT","D6","5",-0.187782781601047,-0.521499187992585
"T144_GCTCAAACAGTAACGG","D6","8",-0.142570587096827,0.226872022222851
"T144_GCTGAATGTGAATTGA","D6","8",-0.157377676742103,-0.0271340378344026
"T144_GCTGCAGCAATTTCTC","D6","0",0.0556432467103788,0.369629353974849
"T144_GCTGCAGCAGCTGGTC","D6","3",-0.106908161064273,-1.01139847408341
"T144_GCTGCAGGTGTTACTG","D6","5",-0.0717173656321242,-0.364678216368131
"T144_GCTTCACAGAGAGCGG","D6","8",-0.163921548475076,0.0880567265386723
"T144_GCTTCACCATTAGGCT","D6","8",-0.0844617538850703,-0.441870110073011
"T144_GGAACCCTCTGGCCGA","D6","3",-0.165389189777641,-0.565760511228111
"T144_GGAAGTGAGCTGTACT","D6","5",-0.151011308951067,-0.270316848834595
"T144_GGACGTCAGCTCGAAG","D6","5",-0.153295886233005,-0.657406334994793
"T144_GGACGTCGTTCAGTAC","D6","3",-0.16878795809464,-0.235664177869573
"T144_GGACGTCTCTTAGCAG","D6","8",-0.143160650920887,0.0267801229378818
"T144_GGAGAACAGCACCAGA","D6","8",0.0482569578873952,-0.22556652537845
"T144_GGAGAACGTATGAAAC","D6","1",8.37727158147238,0.113196579490501
"T144_GGAGCAAGTATCGCGC","D6","8",-0.0845631869815803,-0.195732292518407
"T144_GGAGGATCATACAGGG","D6","8",-0.193750404620292,-0.111516128317616
"T144_GGAGGTACAGACAATA","D6","8",-0.129419931893174,-0.0317918209706934
"T144_GGATCTAGTGCATCTA","D6","5",-0.0275292932666543,-0.216439336106486
"T144_GGATGTTGTTAGTTCG","D6","8",0.00469946722705072,0.293621300258106
"T144_GGCAGTCAGATGATTG","D6","8",-0.105504493952002,-0.0824148532755103
"T144_GGCGTCACATCCTTGC","D6","5",0.0142846724694392,-0.794691337152072
"T144_GGCGTCAGTTTCAGAC","D6","8",-0.166610459039135,-0.0166144770049655
"T144_GGCGTCATCAATCGGT","D6","9",2.12272034445233,0.186821053718707
"T144_GGCTGTGCACCTGCGA","D6","8",-0.170142981119963,0.175555473260745
"T144_GGCTTGGCATCACAGT","D6","3",-0.1708739706069,-0.540379382719655
"T144_GGCTTTCGTCAACCTA","D6","5",-0.0429327891889003,-0.218499575329755
"T144_GGGAAGTCACCGTCTT","D6","8",-0.0929511597549347,0.29900400528508
"T144_GGGACAATCCGGCAGT","D6","3",-0.190758540441959,-0.184378076190007
"T144_GGGACTCAGAATCGCG","D6","8",-0.068313281639897,-0.0691065437625924
"T144_GGGACTCTCTTGGTCC","D6","0",-0.158678570770066,0.141374033259526
"T144_GGGAGATCATACCACA","D6","3",-0.136264048011441,-0.50520372322476
"T144_GGGAGTATCTTTGGAG","D6","5",-0.175993773557145,-0.315645711478188
"T144_GGGATCCCAGGCGAAT","D6","5",-0.108999539358871,-0.48043867111636
"T144_GGGATGACACGGTAGA","D6","8",-0.0863649165791143,0.337354951372157
"T144_GGGATGAGTAACCCTA","D6","5",0.119184444119933,-0.507025622815706
"T144_GGGATGAGTGGATCGA","D6","8",-0.0751041372787033,0.0233269187691581
"T144_GGGCTCAAGTCATCCA","D6","8",-0.11982671734446,0.0390482950937482
"T144_GGGTAGATCCTACCGT","D6","5",-0.166163373071211,-0.343911215488376
"T144_GGGTGAAGTACATACC","D6","8",-0.12665096647944,0.0636057710855897
"T144_GGGTGTCCACGCCAGT","D6","8",-0.209927515803803,0.0871196611288887
"T144_GGGTTATTCCACTGGG","D6","5",0.0111630082267611,-1.01921706549211
"T144_GGTAATCAGCTCGACC","D6","8",-0.0406094590355387,-0.0704599253050761
"T144_GGTAATCAGTGGTTGG","D6","8",-0.0207567429224161,0.165267362517047
"T144_GGTAATCCACCATATG","D6","8",-0.00433916898943443,-0.0205373531798534
"T144_GGTAGAGGTATGGAGC","D6","8",-0.188670433859273,0.153541942269588
"T144_GGTAGAGTCATACGGT","D6","8",-0.194610708349036,0.125148310684632
"T144_GGTCTGGAGCATTTCG","D6","8",-0.146374704434616,-0.119899471168067
"T144_GGTGATTGTTATTCTC","D6","8",-0.0462146410428185,0.119064162662414
"T144_GGTGGCTGTAGAGCTG","D6","5",-0.131302214446203,-0.70527838252867
"T144_GGTGGCTGTTATGGTC","D6","8",-0.224658848716499,-0.223471540130029
"T144_GGTGGCTTCTCTCTAA","D6","5",-0.159205422308818,-0.196719838393169
"T144_GGTGTCGCAGTTGGTT","D6","5",-0.120632673587699,-0.734680158322775
"T144_GGTGTCGTCTGTAAGC","D6","3",-0.132714078575324,-0.56603103855448
"T144_GGTTGTATCGGCAGTC","D6","8",-0.0455339876164273,-0.0987962207919934
"T144_GTAACACCAACTGCCG","D6","8",0.144438907619812,0.203316093564241
"T144_GTAACACGTACCGGAA","D6","5",-0.00135211207382522,-0.769631971773534
"T144_GTAACACGTCTACGAT","D6","5",-0.105251586814493,-0.489627273283916
"T144_GTAACCATCACTCTTA","D6","8",0.319772885624779,0.020122494631283
"T144_GTAATCGAGCATCAGG","D6","5",0.00424889906167061,-0.19847316740923
"T144_GTACAACAGCGACATG","D6","8",0.299999261041542,0.283259056462713
"T144_GTACAGTAGTGATAAC","D6","5",-0.00905409125517174,-0.695594410390757
"T144_GTAGAAAAGGATTACA","D6","5",-0.146323185169131,-0.685405384988288
"T144_GTAGAAAGTCGTACAT","D6","3",-0.150720767390435,-0.737134664435342
"T144_GTAGAAAGTTGTGCCG","D6","8",-0.156859029729074,-0.0705890386424019
"T144_GTAGAGGAGGCCTGCT","D6","8",0.0270859996462418,0.0310751557533165
"T144_GTAGAGGCATACCGTA","D6","8",-0.214075773523886,0.0562235404996991
"T144_GTAGAGGGTGCATGTT","D6","8",-0.162376406862591,0.309544675055834
"T144_GTAGCTAAGGCTTAGG","D6","8",-0.119073073054926,0.0977694190672281
"T144_GTAGCTAGTTAAGACA","D6","5",-0.0792805591839747,-0.361663097345375
"T144_GTAGCTAGTTTACGAC","D6","5",0.0330033496374032,-0.438050701609939
"T144_GTAGCTATCGAGTCCG","D6","8",-0.186718403735292,0.238389696388451
"T144_GTAGGAGTCCGTGGCA","D6","8",-0.14824343393617,0.0171545349319942
"T144_GTAGTACGTCATTCCC","D6","5",-0.172807945447161,-0.636385932070092
"T144_GTATTGGGTCGTCATA","D6","5",0.378562200210044,-0.446089398593364
"T144_GTATTGGTCGATACGT","D6","8",-0.0377476137849395,0.206959410508849
"T144_GTATTTCAGGCCTGAA","D6","3",-0.129944666997943,-0.552677301388688
"T144_GTATTTCGTCTCAGGC","D6","5",-0.0908154329930236,-0.645315920891411
"T144_GTCAAGTGTTGTCCCT","D6","3",-0.0141119410498746,-0.376529881791128
"T144_GTCATGACATTCTTCA","D6","8",-0.128717690975176,-0.376437381544215
"T144_GTCCACTCATTGAGGG","D6","3",-0.142815900240243,-0.423425881235433
"T144_GTCCCATAGACGACGT","D6","5",-0.213540054966206,-0.328498679949235
"T144_GTCCCATTCTTTCAGT","D6","3",-0.147087021815679,-0.837059799399938
"T144_GTCCTCAGTTCAAGGG","D6","8",-0.0516029999063916,-0.0750474395152413
"T144_GTCGAATAGTGTTGTC","D6","5",-0.183383769568799,-0.314128741360215
"T144_GTCGAATCAGAGTTGG","D6","8",-0.145601731164161,0.129720659835302
"T144_GTCGCGATCCCGTGAG","D6","8",-0.176569374474527,-0.0361944970169358
"T144_GTCGTAATCTCATGCC","D6","5",-0.132015635737431,-0.141234272466902
"T144_GTCGTTCAGAGGGTGG","D6","8",-0.185761642478846,0.202956906884155
"T144_GTCTACCGTAAGCTCT","D6","8",-0.129761191205974,-0.0623976975862266
"T144_GTCTAGAAGCGCTGCT","D6","3",-0.0923515957088992,-0.537254306535754
"T144_GTCTAGAGTGAGTAGC","D6","0",-0.149001835191207,-0.0584190873671182
"T144_GTCTCACTCCGTGGGT","D6","8",-0.186392929847376,-0.129100059744338
"T144_GTCTTTACACTGTGAT","D6","8",-0.0142815722121637,-0.202578713703354
"T144_GTGACGCAGACTTCCA","D6","8",-0.0106471366371915,0.0168467969620429
"T144_GTGAGCCGTACTAACC","D6","8",-0.0755110820272748,0.198454818073395
"T144_GTGAGGATCATCTATC","D6","8",-0.149514182267162,-0.0280353474446815
"T144_GTGAGTTGTGAACTAA","D6","8",-0.134994261284801,0.206314545518058
"T144_GTGATGTCAGATTTCG","D6","5",-0.202332110561989,-0.448120547335263
"T144_GTGCACGGTCGTGGTC","D6","3",-0.178297293940018,-0.248413994420776
"T144_GTGCAGCCACTGCACG","D6","8",-0.0439766246490256,-0.0803019861478954
"T144_GTGCGTGAGGTCTTTG","D6","8",-0.172056076298936,-0.0855555830642247
"T144_GTGCTGGCAGTATTCG","D6","5",-0.121121866284472,-0.527358537112954
"T144_GTGCTGGCATCATGAC","D6","8",-0.179419633525035,-0.266341333513357
"T144_GTGGAGACATGGGTCC","D6","5",-0.0830351348132643,-0.576133028454205
"T144_GTGGAGATCCCTCATG","D6","8",-0.0380928421697039,0.306859939147918
"T144_GTGGCGTTCTGCATAG","D6","5",-0.142276201868442,-0.698666163173109
"T144_GTGGTTAAGTACTGTC","D6","5",-0.0118325403661036,-0.663415273245975
"T144_GTGGTTAGTTCTTGCC","D6","8",-0.149125710004016,0.0865364805895637
"T144_GTGTAACCAATGTGGG","D6","3",-0.133446516346858,-0.306835861897752
"T144_GTGTGATAGCATTTCG","D6","3",-0.16857737566704,-0.44858007620234
"T144_GTGTGGCAGTTAACAG","D6","8",-0.0201344684572869,-0.0795883719542665
"T144_GTGTTAGAGAGTCAAT","D6","8",-0.107168648917573,-0.143983123048163
"T144_GTGTTAGAGCTTGTTG","D6","0",-0.201997810447068,0.215576510132701
"T144_GTGTTCCGTCGCGGTT","D6","5",-0.144761936766678,-0.567565119875261
"T144_GTTACAGGTGGAAATT","D6","9",0.946665015537855,-0.290235743493201
"T144_GTTACCCCAATTCTTC","D6","3",-0.173619582291542,-0.345302821250084
"T144_GTTACGACATGGAACG","D6","8",-0.167645064598952,0.192747974639523
"T144_GTTAGTGCAATGCAAA","D6","8",-0.163692832104489,0.0125538800720549
"T144_GTTAGTGTCTTGGTGA","D6","5",-0.196543812267128,-0.466358076404596
"T144_GTTATGGCAGACTGCC","D6","8",-0.156580142370099,0.056791276610464
"T144_GTTATGGCAGGCGTTC","D6","8",-0.196697092885939,0.0574717702544024
"T144_GTTCATTCAATTGCGT","D6","5",-0.0555778588152058,-0.45709346638526
"T144_GTTCTATAGGAGTCTG","D6","8",0.113065657820562,-0.158299643512049
"T144_GTTCTATCACCAGTAT","D6","5",-0.056487923290718,-0.513300276990547
"T144_GTTGCGGCACCTCTGT","D6","8",-0.144589512319688,0.0267402758765612
"T144_GTTGCTCAGTGGTCAG","D6","5",-0.13738873873893,-0.600508483508123
"T144_GTTGCTCCAAATGGAT","D6","8",-0.0253116193682649,0.139278617008032
"T144_GTTGTAGCAGTACTAC","D6","5",-0.160276106956439,-0.747834858695066
"T144_GTTGTCCGTACGGATG","D6","5",-0.203566591318088,-0.384740953367832
"T144_GTTTACTAGCGAATGC","D6","8",-0.242287912465036,-0.327584448169743
"T144_GTTTGGATCTTAGGAC","D6","8",0.039874046684893,-0.11032841523578
"T144_TAACACGGTCGCAGTC","D6","5",0.161756126100088,-0.2863943244705
"T144_TAACGACTCAAAGAAC","D6","5",-0.178573766996458,-0.365350730210719
"T144_TAACTTCAGCGCACAA","D6","5",0.183224739982575,-0.374949039091082
"T144_TAACTTCGTCCACACG","D6","5",-0.143170699702489,-0.306312563067175
"T144_TAAGCCAGTGTTCATG","D6","5",-0.0125880776741711,-0.202999798019749
"T144_TAAGCCATCTGGAGAG","D6","5",-0.12569651466933,-0.58085061139471
"T144_TAATCTCAGGGTAATT","D6","5",-0.0704212415648528,-0.882066602604421
"T144_TAATCTCCATCTAGAC","D6","8",-0.126185191100633,-0.0677622243522449
"T144_TAATTCCGTACCTATG","D6","3",0.161392865564499,-0.394701067797509
"T144_TAATTCCGTCGCACAC","D6","8",-0.142736683935102,-0.0381290816678489
"T144_TAATTCCGTGCGACAA","D6","8",-0.0319435336064519,0.151368216300848
"T144_TACACCCGTTGGGCCT","D6","3",-0.19055478432762,-0.533489036211321
"T144_TACATTCCACCGGCTA","D6","5",-0.193949033339466,-0.580170426531118
"T144_TACCCACTCCGGTAGC","D6","8",-0.0813638098455321,0.105289142315032
"T144_TACCCGTAGGCTCTCG","D6","8",0.000393965414871856,0.191078479190494
"T144_TACCCGTAGGTACAGC","D6","3",-0.100180373247855,-0.480874634558103
"T144_TACCGAAGTATCTCTT","D6","5",-0.0914293200625543,-0.416651642305521
"T144_TACCGAATCAGTCAGT","D6","8",-0.18393407196881,-0.0764908771530261
"T144_TACCGGGCATACAGGG","D6","8",-0.0787907150922049,-0.195502374452295
"T144_TACCTCGAGTCTAGAA","D6","8",-0.130000311054157,-0.114026222037426
"T144_TACGCTCCAGGAATAT","D6","8",-0.168825401616154,-0.0123149257560426
"T144_TACGGGCAGCCTGAAG","D6","8",-0.159078091072494,0.106617341017807
"T144_TACGGTACAACCGATT","D6","8",-0.100146103358092,-0.212023036594249
"T144_TACGTCCGTCGGATTT","D6","8",-0.174292127153532,-0.0933805866171756
"T144_TACTGCCAGTGCCAGA","D6","8",-0.0476644139227491,-0.16463326190168
"T144_TACTGCCGTTCCACGG","D6","5",-0.0762371874494879,-0.84770432011774
"T144_TACTTACCACGACGCT","D6","8",-0.144527184802648,0.389792254852429
"T144_TAGATCGAGACAACTA","D6","5",-0.12228908488281,-0.803108220441477
"T144_TAGATCGGTGTGTTTG","D6","5",-0.0701449134375474,-0.414854370186327
"T144_TAGCACAAGCCTAACT","D6","5",-0.105382313092863,-0.476416129867962
"T144_TAGCACACAAGTTGGG","D6","5",-0.0699037644590029,-0.562675172809715
"T144_TAGCACATCAGCGTCG","D6","8",0.215569520952545,-0.277481581634396
"T144_TAGGAGGAGCATCCCG","D6","5",-0.195197565321586,-0.741492045429195
"T144_TAGGAGGCACCTAAAC","D6","8",-0.200709703097575,-0.114418266384616
"T144_TAGGAGGGTGGGATTG","D6","8",-0.184592666246363,0.122633414412199
"T144_TAGGGTTCACGCGGTT","D6","8",-0.175705277629325,0.0906506263550076
"T144_TAGGGTTGTGTCCACG","D6","8",-0.175443188155357,0.0441444366288519
"T144_TAGGTACAGTAATTGG","D6","3",-0.183940629732255,-0.345778636651735
"T144_TAGTGCATCCCGTTCA","D6","8",-0.0608444616358168,0.345538161071732
"T144_TATACCTTCAAGTAAG","D6","8",-0.0254017055795549,-0.267675635735638
"T144_TATATCCGTAAGATTG","D6","5",-0.201757864143105,-0.355194961825715
"T144_TATCAGGGTCGAATTC","D6","8",-0.0809505386197715,0.196090851422705
"T144_TATCCTAAGGAGCTGT","D6","3",-0.22300095258046,-0.447207451662354
"T144_TATCCTACAAATAGCA","D6","5",-0.120350374443432,-0.373298439926022
"T144_TATCCTAGTATCTCTT","D6","8",-0.0098902193077034,-0.125387915060964
"T144_TATCTGTTCCGGGACT","D6","5",0.0141663485826369,-0.400794178283658
"T144_TATGTTCGTCCAGCGT","D6","8",-0.15718834491937,-0.21939912264085
"T144_TATTGCTAGCGTGCCT","D6","8",-0.108843725964933,-0.157076404670084
"T144_TATTGGGAGCTTGTGT","D6","8",-0.111380767613278,0.224364091699405
"T144_TATTTCGCAAGAGTTA","D6","8",-0.123977803122445,-0.0874304126626107
"T144_TATTTCGCAATCGCAT","D6","5",-0.100035185113393,-0.52320251707816
"T144_TCAAGACAGCGATTCT","D6","8",-0.0777338080527909,0.0460499168149829
"T144_TCAAGACGTAGTCTTG","D6","8",0.0104623705697338,0.102650166964829
"T144_TCAAGCATCACAATGC","D6","8",-0.190317687740003,0.109005649700346
"T144_TCAATCTGTCCAGCAC","D6","8",-0.162901015008685,0.0801497399392813
"T144_TCAATTCGTACTGACT","D6","5",-0.184962484138389,-0.183488327320146
"T144_TCACATTTCCAAGCTA","D6","5",-0.176798619452406,-0.673561360249457
"T144_TCACGGGGTCGTTCAA","D6","8",-0.135286767584133,-0.0518393908032068
"T144_TCACTATTCTCTGAGA","D6","8",-0.155232203940189,0.0465114602359117
"T144_TCACTCGCAGTATTCG","D6","8",-0.176945571065368,0.157539788809329
"T144_TCAGCCTAGGATGTTA","D6","8",-0.0995219996499603,-0.0269576353032502
"T144_TCAGCCTCAGAGTAAT","D6","5",-0.104497621700351,-0.452962595678152
"T144_TCAGGGCGTCGAGTTT","D6","8",-0.170289232638579,0.190560118288845
"T144_TCAGGTAAGCAGGCAT","D6","8",-0.157027531293312,-0.119512326914534
"T144_TCAGGTAAGTTGAATG","D6","3",-0.124759061112297,-0.463234719133651
"T144_TCAGTCCTCGGAGTAG","D6","8",-0.169256783634307,-0.31325435669973
"T144_TCAGTTTAGTCAACAA","D6","5",-0.0792704515436191,-0.720207703808674
"T144_TCATACTAGAGAGTGA","D6","5",0.374378854559929,-0.691511980755751
"T144_TCATCATAGACTAGAT","D6","5",0.137154417262474,-0.316716463270078
"T144_TCATCATCAAGACAAT","D6","5",-0.19256307759207,-0.425421409918543
"T144_TCATCCGAGACTCGAG","D6","5",0.270548818122881,-0.698281273717556
"T144_TCATCCGTCCTGGTCT","D6","8",-0.138666785854537,-0.113363959031687
"T144_TCATGAGCATATAGCC","D6","5",-0.123097269387495,-0.673477404125829
"T144_TCATGAGTCGATCCAA","D6","8",-0.168042481254815,-0.0741943438037415
"T144_TCATGCCGTCATAACC","D6","5",-0.0566133789517093,-0.499884894864237
"T144_TCATGCCGTTGCCATA","D6","8",-0.181645225990977,0.217048811282708
"T144_TCATGGAGTTGCATTG","D6","5",-0.173132689038001,-0.39843120001868
"T144_TCATTGTCAAATTAGG","D6","8",-0.074620692352007,0.212461071352952
"T144_TCATTTGCAACAAGAT","D6","8",-0.167860144454616,-0.0756602451387291
"T144_TCCATCGAGGTTGACG","D6","8",-0.133996300229046,0.218629715198621
"T144_TCCCAGTAGCTGAGCA","D6","8",-0.164976618210469,0.053284749684605
"T144_TCCCATGGTAGACGTG","D6","8",0.0620913616348853,0.149367256193319
"T144_TCCGAAATCGGTCTGG","D6","5",-0.163775838707802,-0.619381653809364
"T144_TCCGTGTGTGTATCCA","D6","8",-0.141207121254953,0.127463101270112
"T144_TCCTCCCAGATTTGCC","D6","5",-0.188678754529413,-0.626551360857977
"T144_TCCTCTTAGGAGACCT","D6","8",-0.0844138909542292,0.00598595803768367
"T144_TCCTGCATCTATCGCC","D6","8",0.00271946043629355,-0.176381073043638
"T144_TCGAACACATGTGGCC","D6","8",0.0579233690690646,0.124947191980796
"T144_TCGATTTGTAGACGGT","D6","8",0.0325409102396574,-0.130508871105576
"T144_TCGCACTCATATGCGT","D6","8",-0.174359275962576,0.246862178009986
"T144_TCGCAGGAGTGGTCAG","D6","3",-0.18465467754106,-0.215278366495568
"T144_TCGCTTGCACCGGAAA","D6","3",-0.131525193973527,-0.128516991035241
"T144_TCGCTTGTCGCCGAAC","D6","8",0.0729900614482238,0.0296701690497932
"T144_TCGGATATCTATGTGG","D6","5",-0.13190248026239,-0.345769148063113
"T144_TCGGGCATCCATCACC","D6","8",-0.164329312256698,-0.132143050989898
"T144_TCGGGTGTCTCTGCTG","D6","8",-0.163420071386671,-0.0953088537300022
"T144_TCGTAGATCTCGCCTA","D6","5",-0.177917094235515,-0.137901177187124
"T144_TCGTCCATCTACTGCC","D6","5",0.0181813933075304,-0.868805050584176
"T144_TCGTGCTCACGTAGAG","D6","0",-0.19176716491179,0.317646069304655
"T144_TCGTGCTTCTGGGCAC","D6","8",-0.13904132841432,-0.00736907087041611
"T144_TCGTGGGTCGCCAGAC","D6","8",-0.136372137541922,-0.333461003978652
"T144_TCTACATAGGCTTCCG","D6","5",-0.0166859494010599,-0.603758215848297
"T144_TCTACCGTCTGAGAAA","D6","8",-0.0207211805836796,0.0197479795643498
"T144_TCTATACCAGAGGGTT","D6","8",-0.138190403522399,-0.24120483468743
"T144_TCTATACGTGTTCAGT","D6","5",-0.182888997139739,-0.582892735703465
"T144_TCTGCCACACTGCATA","D6","8",-0.0780536081203253,-0.0581187853660156
"T144_TCTGGCTCACCCTTGT","D6","3",0.0870409763648947,-0.406687068898093
"T144_TCTGGCTCAGTCCGTG","D6","8",-0.0169209785607903,-0.0447992131386951
"T144_TCTGGCTGTTCGGTAT","D6","8",-0.176180246328422,-0.242194011312061
"T144_TCTTAGTAGTGTACCT","D6","5",-0.150570633465445,-0.446882998184764
"T144_TCTTCCTGTGACCTGC","D6","5",-0.0991679244379678,-0.600620257383061
"T144_TCTTCCTTCCGATCGG","D6","5",0.209060297764392,-0.669310448473632
"T144_TCTTGCGAGGCATTTC","D6","8",-0.0617060798387515,-0.0271130684438643
"T144_TCTTTGAAGGAACTAT","D6","9",1.62598041614063,0.0524545991416777
"T144_TGAATGCTCGGTATGT","D6","8",0.104353325461689,0.0256592685462555
"T144_TGACGCGTCCCGAGTG","D6","5",0.0394673083706788,-0.313100682467362
"T144_TGAGCGCTCTCATTAC","D6","8",-0.217626234919067,-0.18791682436671
"T144_TGAGCGCTCTTCGCTG","D6","5",-0.159007052725988,-0.539783871800656
"T144_TGAGGAGTCTCTGAGA","D6","5",-0.112154666493377,-0.268459822742766
"T144_TGATCAGGTACAGAAT","D6","5",-0.226877846467427,-0.233023147699992
"T144_TGATCTTCACTAACCA","D6","8",-0.11923410870127,0.175891201345677
"T144_TGATTCTAGTAGACCG","D6","8",-0.179089866709894,0.253872798590655
"T144_TGATTCTTCACCGGGT","D6","8",-0.101237738076207,0.188226915335035
"T144_TGATTTCGTCCACATA","D6","8",0.0541974155377812,-0.166831074658517
"T144_TGCACGGCAAAGGCAC","D6","8",-0.162186792166344,0.106419426767452
"T144_TGCACGGCACGGGCTT","D6","3",-0.0197514038692351,-0.373385695848704
"T144_TGCAGATAGGAAAGTG","D6","5",-0.0542103274573386,-0.36756188741035
"T144_TGCAGATTCGAGTACT","D6","8",-0.0474866505252061,-0.0384730491786091
"T144_TGCAGGCCAGGCTACC","D6","5",-0.137705819965131,-0.581714779053493
"T144_TGCAGTATCCACAGCG","D6","8",-0.167328913235129,0.148917538604251
"T144_TGCATCCGTTGCATCA","D6","3",-0.194896517440606,-0.379545865509727
"T144_TGCCGAGAGTTACGTC","D6","8",-0.145592620495764,-0.0415034310242686
"T144_TGCGGGTAGGGCTTCC","D6","8",-0.0305508282184453,-0.185449080962961
"T144_TGCGGGTGTATTCCGA","D6","8",0.129420777706766,0.268483264193258
"T144_TGCGGGTTCATCGCAA","D6","8",-0.146205820513328,-0.302090925597849
"T144_TGCTTCGAGTATGCAA","D6","8",-0.0954776139527042,-0.00249294436989862
"T144_TGCTTCGAGTCACAGG","D6","8",-0.0865130532945132,0.1099225833205
"T144_TGGAGAGCAAGCTGTT","D6","5",0.0625093236875165,-0.0282183426043059
"T144_TGGCGTGCAGTATGAA","D6","5",0.147748053660092,-0.292014024283344
"T144_TGGGAAGTCTGCATAG","D6","5",-0.160618859283263,-0.679522149911209
"T144_TGGGAGAAGCTATCTG","D6","8",-0.167332272188012,0.0379757248227854
"T144_TGGGATTAGAGGCTGT","D6","8",-0.195037332646231,0.036639423222588
"T144_TGGGCTGCAGTTGTTG","D6","8",-0.171983832496216,0.154911450976421
"T144_TGGTAGTCATCATCCC","D6","8",-0.147044879358318,-0.0181586236223946
"T144_TGGTGATGTTAAGTCC","D6","8",-0.145050533853969,0.281584707289275
"T144_TGGTTAGCATAATCCG","D6","8",-0.168241108204239,-0.180562593060423
"T144_TGTAACGGTCCCTCAT","D6","8",-0.17411823476001,0.0206924446756946
"T144_TGTAACGGTTGATGTC","D6","5",-0.151826604242257,-0.591946641621363
"T144_TGTAACGTCGGATAAA","D6","9",0.327865371083114,0.270538621862069
"T144_TGTAAGCTCTGGAGAG","D6","0",-0.162751459325056,-0.140110223574709
"T144_TGTACAGCATCCTTCG","D6","8",-0.173833536125217,0.203666126321024
"T144_TGTACAGGTTTACTTC","D6","5",-0.154047848631045,-0.636267737201538
"T144_TGTACAGTCCCAGTGG","D6","8",-0.173631001427409,-0.26812729300317
"T144_TGTAGACAGACCAAGC","D6","5",-0.134879274131249,-0.350475176809618
"T144_TGTCCTGAGACCATAA","D6","5",-0.142641555651916,-0.857860652693484
"T144_TGTGATGGTTTGAAAG","D6","8",-0.0612273361733146,0.125547224340667
"T144_TGTGTGAAGTTTCGAC","D6","8",-0.0996399438987841,-0.0273143475128924
"T144_TGTGTGACAGCTGTAT","D6","5",-0.181563630848411,-0.406465634105656
"T144_TGTTACTAGAATAGTC","D6","8",0.178710457423609,-0.173655876729969
"T144_TGTTACTAGGCCGCTT","D6","8",-0.124321042395513,-0.140631299121298
"T144_TGTTACTCACTAGGCC","D6","8",-0.183164379541705,-0.103049648823062
"T144_TGTTACTTCCACGTCT","D6","5",-0.0400967618936563,-0.452220799601966
"T144_TGTTCCGAGGTAGGCT","D6","8",-0.168735376395573,0.0159369648951217
"T144_TGTTGAGAGGTCGCCT","D6","8",-0.169292356206562,0.254271199927173
"T144_TTAATCCCAGACCGCT","D6","3",-0.120464121568373,-0.676003556018891
"T144_TTACAGGGTATGTCAC","D6","5",-0.15009863308278,-0.631359225677356
"T144_TTACCATTCGTTCTGC","D6","5",-0.185404314827876,-0.608179123543773
"T144_TTACCGCGTCGACGCT","D6","9",1.67401995405185,0.242687315072514
"T144_TTACGCCAGGTGCATG","D6","8",-0.160294636201728,-0.179190939203285
"T144_TTACTGTTCGCTGACG","D6","8",-0.160227540409767,-0.218168643672851
"T144_TTAGGCAAGCTGGAGT","D6","0",-0.183578119494296,0.512618976008776
"T144_TTAGGCAGTGTTGAGG","D6","5",-0.122606790895953,-0.352499346636401
"T144_TTAGGGTAGCTGGTGA","D6","5",-0.152550549993548,-0.487825031340177
"T144_TTAGGGTCACTTGGCG","D6","8",-0.0784423331784208,0.116655332736069
"T144_TTAGGGTCAGGGACTA","D6","5",0.05930982999036,-0.548000413103322
"T144_TTCAATCTCAAGTCTG","D6","8",-0.161867098090256,0.0881929873950027
"T144_TTCACGCAGATACAGT","D6","8",-0.0813487175732359,-0.0806870780573989
"T144_TTCATTGAGACTCTAC","D6","0",0.00626494077959259,0.226363397660509
"T144_TTCCACGCAGTAGTGG","D6","5",-0.143558151027879,-0.523704351712138
"T144_TTCCACGTCCTAACAG","D6","5",0.0279333074550751,-0.748651111438991
"T144_TTCCTAACAGGCTCTG","D6","5",-0.148662824586522,-0.453516209040018
"T144_TTCCTAAGTAAGTTGA","D6","0",-0.141738662366263,0.166359016450238
"T144_TTCCTAAGTACGAAAT","D6","8",-0.1982707912735,-0.00949747648356568
"T144_TTCGGTCCATGACAAA","D6","5",0.128339035633557,-0.788380523438952
"T144_TTCTAACTCCATCACC","D6","8",-0.0849784764221521,0.097113342436916
"T144_TTCTAGTAGATCGGTG","D6","8",-0.172463679956345,0.192945165571667
"T144_TTCTCTCAGGCTAAAT","D6","8",-0.0884409960918893,-0.22306749935032
"T144_TTCTTCCTCCTATGGA","D6","8",1.00603558578706,0.107231967540563
"T144_TTCTTGACACAATCTG","D6","5",0.0844015081289148,-0.350354645980316
"T144_TTGATGGCACTGGAAG","D6","8",-0.0579720754955279,0.0193710864253336
"T144_TTGATGGGTACCCAGC","D6","8",-0.179041740890073,-0.00951290926010283
"T144_TTGATGGTCCGCGATG","D6","5",-0.117978285622595,-0.737870190219794
"T144_TTGCATTAGACTTAAG","D6","8",-0.117819865228818,-0.088311152777926
"T144_TTGCATTAGACTTCGT","D6","8",-0.190275371268584,-0.172279752289131
"T144_TTGCATTGTATTCCGA","D6","0",0.0565859906234034,0.0491178103016537
"T144_TTGCCTGTCCACGAAT","D6","5",-0.17905504798901,-0.506334456099112
"T144_TTGCTGCAGGATGAGA","D6","8",-0.0562274444983503,-0.0708082795949942
"T144_TTGGATGGTGCGAACA","D6","8",-0.105694158021377,0.00263225606809449
"T144_TTGGATGGTGGACAGT","D6","5",-0.0800038865782517,-0.395507900999866
"T144_TTGGATGTCAAGCCGC","D6","8",-0.153064412549502,0.14545664362787
"T144_TTGGGATGTACCTAAC","D6","8",-0.162661044784576,-0.0348925046296794
"T144_TTGGGATTCGCATGAT","D6","8",-0.10622416648032,-0.277187071383787
"T144_TTGGGTAAGCTGTTAC","D6","8",-0.160436685016198,0.0310005042785462
"T144_TTGGGTACAACCACGC","D6","5",-0.145571552743881,-0.446104561782621
"T144_TTGGTTTGTACTGAGG","D6","3",-0.182890225782652,-0.555959365923317
"T144_TTGTGGACACAGCCTG","D6","5",-0.112285884227727,-0.502818809641408
"T144_TTGTGGACAGCTGTCG","D6","5",-0.0316353242659751,-0.257940663423288
"T144_TTGTGGACAGTTAAAG","D6","8",-0.110462667127652,-0.196357921384933
"T144_TTGTTCATCAGACTGT","D6","8",-0.11981403585805,-0.0592848300583829
"T144_TTGTTGTAGTCACTGT","D6","8",-0.222237822476616,0.386928361112536
"T144_TTGTTGTGTTTCCCAC","D6","8",-0.0217820477677862,-0.0731579450597175
"T144_TTGTTTGGTTTCACAG","D6","3",-0.0435310435287417,-0.643681759940288
"T144_TTGTTTGTCGCGGTAC","D6","8",0.27950868436238,0.276586864950216
"T144_TTTAGTCGTCCTGGTG","D6","5",0.0999194586672587,-0.390016109060513
"T144_TTTCACATCCATTGTT","D6","9",2.93751014522481,0.00103491534301729
"T144_TTTCAGTGTTGCCGAC","D6","5",-0.149585685678539,-0.552406021132858
"T144_TTTCAGTTCGTTAGTG","D6","8",0.149033824540923,-0.0182782577095106
"T144_TTTCGATCAAATGATG","D6","8",-0.197654221644275,0.112458366305422
"T144_TTTGACTCACACGCCA","D6","8",0.0237945806393852,-0.120746896399634
"T144_TTTGGTTAGAGGTGCT","D6","8",-0.205356125361452,0.224802908384617
"T216_AAACCCAAGCTTTCTT","D9","8",-0.171481183599425,-0.11381055381912
"T216_AAACGAACATATAGCC","D9","8",-0.139478827558921,0.037776336617757
"T216_AAACGAAGTACTCCCT","D9","8",-0.0217415392457456,-0.177673797019978
"T216_AAACGAAGTCCCACGA","D9","8",0.00533503636624977,0.0415532439746538
"T216_AAACGAAGTTGCCGAC","D9","8",0.00876688853125168,0.311796407276159
"T216_AAACGCTTCACTGGGC","D9","8",-0.151671181357107,0.129221159712521
"T216_AAACGCTTCGAGTGGA","D9","8",-0.178085084937882,0.139507646257476
"T216_AAAGGATAGCTGAGCA","D9","8",-0.170011864827557,0.232627882619335
"T216_AAAGGGCAGGGCTTCC","D9","8",-0.190815216531478,-0.0287552142112671
"T216_AAAGGGCCAGGTGACA","D9","8",-0.181874059140973,-0.0459525820028007
"T216_AAAGGTATCGGCCAAC","D9","8",-0.0836224920282406,0.19420004122459
"T216_AACAAAGGTTGTTTGG","D9","3",0.0664659523698163,-0.813897092969929
"T216_AACAACCCAGTCTCTC","D9","8",-0.0452605119976914,0.17972322603468
"T216_AACAACCCATACTGTG","D9","8",0.306652501399021,0.0163580433929235
"T216_AACAACCGTTGACGGA","D9","8",-0.0677387040927506,0.33101708357829
"T216_AACAGGGAGCTCATAC","D9","8",0.0930570574157851,0.0327138174159738
"T216_AACAGGGTCGAGGCAA","D9","8",-0.125515839363425,0.0497939458156694
"T216_AACCACAGTCTTGTCC","D9","8",-0.134587385497401,0.0330418448404685
"T216_AACCATGGTTCTCTAT","D9","8",-0.173685148296119,0.20270380302058
"T216_AACCCAAAGGGTAGCT","D9","8",-0.0643960895860967,0.0865268660515641
"T216_AACCCAACAAGCCCAC","D9","8",-0.0746157854252742,-0.0266381748159712
"T216_AACCTGACACATACTG","D9","8",-0.0770727188332727,0.0968013585388097
"T216_AACCTTTAGGTCTGGA","D9","3",-0.0969023167670271,-0.31731124035874
"T216_AACCTTTCATCTCAAG","D9","8",0.0362594424388073,-0.106792467050093
"T216_AACCTTTGTCACTCAA","D9","8",-0.127808391099673,-0.200457313751659
"T216_AACGAAAAGGTCTTTG","D9","8",0.099095329499653,-0.175469349679289
"T216_AACGAAAGTGAAAGTT","D9","8",-0.0788671549069212,-0.126033716824977
"T216_AACGAAATCCTTGACC","D9","5",-0.120362643116314,-0.513795605969154
"T216_AACGGGAAGGAAAGTG","D9","8",0.124800193029087,0.119691435333112
"T216_AACGGGATCGGAATGG","D9","8",0.0449686500308239,0.108850433641399
"T216_AACTTCTAGCGACTAG","D9","8",-0.111072623960815,-0.0916551428796216
"T216_AAGAACACAACGTATC","D9","8",-0.164380720130253,-0.0523646016115191
"T216_AAGACAACACCTGCAG","D9","8",-0.126293397474959,0.00521396623343536
"T216_AAGACTCGTCTCGCGA","D9","8",0.0402517692582779,-0.100018057345926
"T216_AAGACTCTCGGTCTAA","D9","8",-0.153647299861709,-0.13787041546976
"T216_AAGATAGTCGCTTTAT","D9","8",-0.182492884631121,0.171989675015431
"T216_AAGCATCGTTCTGAGT","D9","8",-0.0404326160256142,0.201806510285686
"T216_AAGCCATAGGTACTGG","D9","8",-0.107004274705925,0.144092226008677
"T216_AAGCCATGTTCGGTAT","D9","8",-0.142355706952108,-0.18187526593225
"T216_AAGCCATTCTACTGAG","D9","8",-0.191506859467788,-0.150458163523984
"T216_AAGCGAGGTCATCTAG","D9","8",-0.10505532292602,0.127639875441885
"T216_AAGTACCAGATAACAC","D9","5",-0.0874065276074548,-0.581031705845282
"T216_AAGTACCTCCAATCCC","D9","8",-0.0715363085880841,-0.0422946124062593
"T216_AAGTCGTCAAGAATGT","D9","8",-0.0337615520750005,0.207733560476613
"T216_AAGTGAAAGTTGCCCG","D9","8",-0.0464448919038385,0.194214011831148
"T216_AAGTTCGAGGTCACCC","D9","8",-0.171339302697235,-0.235622837617366
"T216_AATCGTGCAGCCATTA","D9","8",-0.190062407284038,-0.0618252834059331
"T216_AATCGTGCATTCAGCA","D9","8",0.134756833211874,-0.077421042552533
"T216_AATCGTGGTCAGCGTC","D9","8",-0.193181095999828,0.165601419879191
"T216_AATCGTGTCAATCAGC","D9","8",0.0267792977279514,-0.0340813341434618
"T216_AATGACCCACTATGTG","D9","0",-0.124887403221507,0.335109478839012
"T216_AATGGAAGTCCCACGA","D9","1",8.04530323520979,1.01981682631072
"T216_AATGGAATCCTGTAGA","D9","8",-0.158743172317339,0.0835803142327072
"T216_ACAAAGAGTTTATGCG","D9","8",-0.123339887692409,0.0226613566897583
"T216_ACACAGTAGAGCAGTC","D9","8",-0.152666907904969,0.208769184390656
"T216_ACACCAACAGACGGAT","D9","8",-0.131107344085363,0.0078087231557292
"T216_ACACCAAGTCCACACG","D9","8",-0.144312082914574,-0.158421448529648
"T216_ACACCAATCACTTGGA","D9","8",0.0445236676896449,-0.0925037853426431
"T216_ACACGCGAGTGAGTGC","D9","8",-0.129029476182237,0.0515513536681406
"T216_ACACGCGGTGGTCTAT","D9","8",-0.121670884712996,-0.0402302217405584
"T216_ACACGCGGTTAACCTG","D9","8",-0.120745561642291,0.0976993167881949
"T216_ACAGCCGAGGCGAACT","D9","8",-0.173322673764096,0.159456837182599
"T216_ACAGCCGGTCTACAAC","D9","3",-0.156606359198823,-0.39042133473162
"T216_ACAGGGACACATGACT","D9","8",-0.119442395146265,0.0279131222113095
"T216_ACAGGGATCCACTAGA","D9","3",-0.219589366774218,-0.655626696574408
"T216_ACATCCCCAAGTGACG","D9","8",0.123918082373411,-0.00949735053238916
"T216_ACATCCCCATCCAATG","D9","5",-0.00157281220467175,-0.410420102428667
"T216_ACATCCCGTATAGCTC","D9","8",-0.0781990642663176,0.0684108767766306
"T216_ACATGCAAGACGCCAA","D9","8",-0.196054224704567,-0.107802090792548
"T216_ACATGCATCTTGTGCC","D9","8",-0.146675255503995,-0.0323416470620733
"T216_ACCAAACCAGGTCAAG","D9","8",0.116167902354634,0.0803666254261393
"T216_ACCACAAGTCTACATG","D9","0",-0.163547818698375,0.181719263403124
"T216_ACCACAATCCACTAGA","D9","8",-0.0703615732429229,-0.279770121246831
"T216_ACCACAATCCCAAGCG","D9","5",0.218368975656091,-0.42789530060343
"T216_ACCACAATCCTGTAGA","D9","3",0.0900218878547791,-0.568056316599125
"T216_ACCATTTAGCATGTTC","D9","8",-0.145514259883233,0.182245148486656
"T216_ACCATTTAGGCCTAGA","D9","8",-0.0657190038766037,-0.0508249910945019
"T216_ACCATTTAGTCATGCT","D9","3",-0.134575823080348,-1.05752166687441
"T216_ACCCAAACAATTCTTC","D9","8",0.144148527644645,0.0256220262188158
"T216_ACCGTTCAGTTCGCAT","D9","8",-0.113657761020598,0.0567399994370638
"T216_ACCGTTCTCTCGGTCT","D9","5",-0.132398958009626,-0.432646427796343
"T216_ACCTGTCGTCGTTCAA","D9","8",-0.175440587973741,-0.0450558444450155
"T216_ACGATCACATGGGTTT","D9","8",-0.0690472259027824,0.174741475350997
"T216_ACGATCAGTAGTCGGA","D9","8",-0.0977195575595509,-0.134644811067689
"T216_ACGATCAGTGTACGCC","D9","8",-0.145332795646344,0.262276233205589
"T216_ACGATGTTCTACTATC","D9","8",-0.157226031268086,-0.11649473076595
"T216_ACGGAAGTCCAGTACA","D9","8",-0.0571980196304349,-0.158582151950698
"T216_ACGGTTAGTTAAGGAT","D9","8",-0.194740488677521,-0.128660604350503
"T216_ACGTAGTCAGGTGACA","D9","8",-0.0779995782160374,0.224923968376475
"T216_ACGTCCTGTTGTGCAT","D9","8",-0.123096225710349,0.138986202341339
"T216_ACTACGACAGGTTCAT","D9","8",-0.0363543152284606,-0.0213573059155574
"T216_ACTACGACATCGGATT","D9","8",-0.123691573447148,0.165679893841205
"T216_ACTACGATCTCTATAC","D9","8",-0.0162303541636248,-0.20920366664904
"T216_ACTATCTTCTCATGCC","D9","8",-0.157827808990015,-0.301847061970812
"T216_ACTATGGCAGGGATAC","D9","8",-0.16373669923226,0.0492217131148745
"T216_ACTGATGTCTAACACG","D9","8",-0.114885259798249,0.0986245757662059
"T216_ACTGTGAAGTCACTCA","D9","8",-0.117457784605824,0.0385356055912069
"T216_ACTGTGAGTTCAGGTT","D9","8",-0.113805055060089,-0.058631503571285
"T216_ACTGTGAGTTGTGGCC","D9","8",-0.201696482507869,0.25812145376668
"T216_ACTTATCCAGCATTGT","D9","8",0.175169240490609,-0.007225057138146
"T216_ACTTCCGAGCGCCCAT","D9","8",-0.0740389826912232,-0.0840831367004106
"T216_ACTTCGCAGAAGGGAT","D9","8",-0.133141466210064,-0.125500125101758
"T216_ACTTTGTCAATGAACA","D9","3",-0.226917257980813,-0.86481432753449
"T216_ACTTTGTCACTAGAGG","D9","8",-0.195032459251908,0.129049664692329
"T216_AGAAATGCAAGGCAAC","D9","8",0.293696647187023,0.0671325072385918
"T216_AGAAATGTCGAGTGGA","D9","8",-0.0914046644961303,0.0392280532335894
"T216_AGAACAAAGATACAGT","D9","8",-0.091441599136876,0.0383486992917689
"T216_AGAACAATCGTAATGC","D9","0",-0.171442277187541,-0.0488126159536188
"T216_AGAACCTAGGTAGGCT","D9","8",-0.181968950632126,0.00757505230009627
"T216_AGAACCTGTTCAAAGA","D9","8",-0.112760519632667,0.187872035311993
"T216_AGAAGCGCACGCTATA","D9","8",-0.119290141783942,0.0521262850335947
"T216_AGAAGCGCATAACGGG","D9","8",-0.12973533239151,-0.0589812584232711
"T216_AGAAGCGGTTAGGAGC","D9","8",-0.140110855328866,-0.0533462808576606
"T216_AGAAGTATCACTTGTT","D9","8",-0.143476531560355,0.122980044805372
"T216_AGACAAAGTAGGAAAG","D9","8",-0.0177404378159674,0.0770559014647674
"T216_AGACACTGTCTACAGT","D9","8",-0.118647729341594,-0.146463986911653
"T216_AGACCATGTTGGTAGG","D9","3",-0.153839446574957,-0.264288331577449
"T216_AGACTCACACCAGGTC","D9","9",0.999005446781497,0.0776807807637645
"T216_AGACTCATCCATTGCC","D9","9",1.9433219632117,-0.193344966727888
"T216_AGAGCCCAGGCTTTCA","D9","8",0.12469473590405,-0.0779499387595818
"T216_AGAGCCCGTGCGACAA","D9","8",0.241956354987587,0.286296061539252
"T216_AGAGCCCGTGTTGCCG","D9","8",-0.0268166885434133,0.13335358260046
"T216_AGATAGAAGGCCATAG","D9","7",7.05654143919003,-0.0425255852004167
"T216_AGATCCAGTGACGTCC","D9","8",0.0139297967333815,-0.0249939700744237
"T216_AGATGAAAGCAACCAG","D9","8",-0.132966680788228,0.309147333906683
"T216_AGATGAAAGTCCCAGC","D9","8",0.00429269372233805,0.121154181274365
"T216_AGCATCACACGAAAGC","D9","8",-0.0368967553617143,-0.0213322706923339
"T216_AGCCAATAGTTCATGC","D9","8",0.0215804290630284,-0.311841717325943
"T216_AGCCACGGTGCAATAA","D9","8",0.0218918738000874,-0.122824583243124
"T216_AGCCACGGTGTTTACG","D9","8",-0.0254227728712345,0.0533780354618497
"T216_AGCGCTGAGACAGCGT","D9","8",0.110067409682919,-0.0410761127848422
"T216_AGCGCTGAGTTGCGAG","D9","8",0.112157353146458,0.0797698774362519
"T216_AGCGTATAGAGTTGAT","D9","8",-0.156302052417781,-0.00581692527203712
"T216_AGCGTATCAAGGTCGA","D9","8",-0.0359257756756755,0.236802791432978
"T216_AGCTACACAAGAGGTC","D9","8",-0.0464665392264989,-0.157800358856539
"T216_AGCTACAGTGGATCAG","D9","8",-0.0939465110476823,0.150813427056652
"T216_AGGAAATGTAATTAGG","D9","3",-0.0371029455730877,-0.569495916292577
"T216_AGGAATATCTTCCACG","D9","8",-0.0472426168963153,0.00947549539469178
"T216_AGGACTTGTGCCTGCA","D9","8",-0.142860461248017,0.250531351263729
"T216_AGGAGGTAGTACCGGA","D9","8",-0.148629291273626,0.0942436966661222
"T216_AGGAGGTCATGCACTA","D9","8",-0.0877024721421111,-0.0813048783286242
"T216_AGGAGGTTCAGACCTA","D9","8",-0.086842124276766,-0.151617647710852
"T216_AGGATCTCATCGTTCC","D9","8",-0.182334889304299,0.0721385057925775
"T216_AGGATCTGTCGCTGCA","D9","8",-0.146751857594021,0.124434818789756
"T216_AGGATCTTCCAACCGG","D9","8",-0.212986041600841,0.0983811151405722
"T216_AGGCCACCATCGTTCC","D9","8",0.0662678139704966,-0.28488983792131
"T216_AGGCTGCTCCGTTTCG","D9","8",0.00775478316475696,-0.112629025784902
"T216_AGGGCTCCAGCGACAA","D9","8",-0.138499033275865,0.112438350494432
"T216_AGGGTCCTCCGCGATG","D9","8",-0.0688139952183514,0.268728805006895
"T216_AGGGTGAAGACAAGCC","D9","8",-0.11510081567767,-0.261993136654343
"T216_AGGGTGAGTATCCCTC","D9","8",-0.115077295873777,0.0945143351861376
"T216_AGGTCATTCGCCGTGA","D9","8",-0.138644638424746,0.283760881062753
"T216_AGGTTGTCACAAATGA","D9","8",-0.161398964208439,-0.0011944550760263
"T216_AGGTTGTGTTGCAACT","D9","8",0.0145238964947553,0.137034264753306
"T216_AGTAACCCAAGTACCT","D9","8",-0.190133677002328,0.160014853532258
"T216_AGTAACCCACCTGCGA","D9","8",-0.022680225291614,-0.265724324101347
"T216_AGTACTGTCCTAGAGT","D9","8",-0.152240444064283,0.457654384023369
"T216_AGTAGCTAGATGAATC","D9","8",0.0212806598584091,0.0309057262507092
"T216_AGTAGTCTCGTGCTCT","D9","8",-0.129037978634712,0.195492924919032
"T216_AGTAGTCTCTCGGTAA","D9","8",-0.0863784745746329,0.229635768021741
"T216_AGTCACACAACGGCTC","D9","8",-0.150599240959092,0.0128113024703349
"T216_AGTCACATCTGACCCT","D9","8",-0.15079941634019,-0.036672812003678
"T216_AGTCTCCTCGTAACTG","D9","8",-0.141834071484267,0.172016981119213
"T216_AGTGACTCAGCGTGAA","D9","8",-0.15055237765157,0.0511135042871201
"T216_AGTGACTGTTTGCAGT","D9","8",-0.180695734863271,0.120655493646156
"T216_AGTGCCGCAGCAGGAT","D9","8",-0.097194306060125,0.0769093198458956
"T216_AGTGCCGTCACTGTTT","D9","8",-0.142021795577287,-0.0263159673348798
"T216_AGTGTTGGTCCGTTTC","D9","8",-0.109991658129741,0.188488556378898
"T216_AGTTAGCTCGGCAGTC","D9","8",-0.153261860723469,0.0019338345799348
"T216_AGTTCCCAGTTCTACG","D9","8",-0.0408108501291421,0.0649153754930039
"T216_AGTTCCCTCGAAGCAG","D9","8",0.0388111038604967,-0.357827913898379
"T216_ATACCGAAGTCATGGG","D9","8",-0.107539229464332,-0.124931447466478
"T216_ATACCTTTCAGCGGAA","D9","8",0.0696177817252154,-0.0237609692905477
"T216_ATACTTCGTATCAGGG","D9","8",-0.157354500914189,0.168580699995826
"T216_ATAGACCAGAGTCGAC","D9","8",-0.198813771534305,-0.254348890100433
"T216_ATATCCTTCCATAAGC","D9","3",-0.154363912425943,-0.35626182787254
"T216_ATCACTTGTCACTGAT","D9","8",-0.111068152403052,-0.281473123381486
"T216_ATCACTTTCGCATGAT","D9","8",-0.169734702608838,0.00381424108219037
"T216_ATCAGGTTCGCTGATA","D9","8",-0.10706649765236,-0.273451838252239
"T216_ATCATTCGTACCGTGC","D9","8",-0.151434853670409,0.0616573680714641
"T216_ATCCACCGTACAAGTA","D9","8",-0.13785758339737,-0.188588394027579
"T216_ATCCATTAGATCGGTG","D9","8",-0.138458096742753,-0.080188433398972
"T216_ATCCGTCTCTGAGCAT","D9","8",-0.127800308087618,-0.193944758034337
"T216_ATCGATGAGAGGGTAA","D9","8",-0.167360703906524,0.0833363931021495
"T216_ATCGGATCACCAGCGT","D9","8",-0.180852506258467,0.137726182817519
"T216_ATCGGATTCCTAAGTG","D9","8",-0.0576210585377105,0.115748191667008
"T216_ATCGGCGGTCCGATCG","D9","8",-0.116046279892944,0.076598261747375
"T216_ATCGGCGGTCTTTCAT","D9","8",-0.0550071641574353,0.126512650070953
"T216_ATCGGCGGTTCATCGA","D9","8",-0.158131419256404,0.208453124884709
"T216_ATCGGCGTCGACACCG","D9","8",-0.140670814480331,0.16617034066127
"T216_ATCGTAGCAGGACATG","D9","8",-0.135625868932885,0.0984014058259374
"T216_ATCTTCAAGCGTTACT","D9","8",0.130064787884044,0.192925952311955
"T216_ATGACCACACAGTCCG","D9","8",-0.115056093512475,0.303462323191834
"T216_ATGACCAGTGCTATTG","D9","8",-0.189198121095163,0.308478321169091
"T216_ATGAGGGCACACCTGG","D9","8",-0.194159889684417,-0.255847576026021
"T216_ATGAGTCCACTGGAAG","D9","8",-0.0760891493320462,0.0207869677550911
"T216_ATGAGTCTCTGAGGTT","D9","4",3.13608761644665,0.797995508482349
"T216_ATGATCGTCCAGCAAT","D9","8",-0.147395237451375,-0.0542037945646217
"T216_ATGATCGTCGCTGCGA","D9","8",0.0541656963491542,-0.00378723617002892
"T216_ATGCATGAGTCTGGAG","D9","3",0.00974546257054523,-0.444389722887468
"T216_ATGCATGGTGTACGCC","D9","8",-0.133680707148729,-0.214930137878192
"T216_ATGGAGGTCTGGCCAG","D9","8",-0.0314199307773846,0.134184535345711
"T216_ATGGATCAGTCGAGGT","D9","0",0.468940483868385,0.258808634470231
"T216_ATGTCCCCATCAGCGC","D9","3",-0.102983255683739,-0.990362734785912
"T216_ATGTCCCTCGTACCTC","D9","8",-0.133783116535445,0.0554921883220179
"T216_ATGTCTTTCACTTGGA","D9","8",-0.15636222300363,-0.403688689914212
"T216_ATTATCCGTCCAGAAG","D9","8",-0.16593088547607,0.0613522974393063
"T216_ATTCACTCAAGAGGCT","D9","1",9.87757821369613,0.184948128150722
"T216_ATTCACTGTCTCGGGT","D9","8",-0.139948461590846,0.0114620092391221
"T216_ATTCACTTCTTAGCAG","D9","8",-0.125937150976287,0.245624752154259
"T216_ATTCAGGAGCGGCTCT","D9","8",-0.13694144190408,0.0801762832671226
"T216_ATTCATCCAACGACAG","D9","8",-0.154460960853156,-0.0719043460993552
"T216_ATTCCATAGCTCGAAG","D9","8",-0.158337728821734,-0.100387972444863
"T216_ATTCCATCATAGATGA","D9","8",-0.152688631275618,-0.190831181294004
"T216_ATTCCCGGTTATCTTC","D9","8",-0.00838180537577464,-0.0138859853350321
"T216_ATTCCTAGTCGCCACA","D9","8",-0.140305554555948,0.250865932088751
"T216_ATTCGTTGTAGTGATA","D9","8",-0.142281368340109,0.194195715375165
"T216_ATTCTACCAGGGTTGA","D9","5",-0.107283165753691,-0.578476008068113
"T216_ATTCTACTCGTTATCT","D9","8",-0.0310502351568916,-0.305549963120523
"T216_ATTCTTGCAAATGGAT","D9","8",-0.0206351999669664,0.168914641505137
"T216_ATTCTTGGTAGGAGTC","D9","8",-0.117202001840894,0.0298380475379035
"T216_ATTCTTGGTTTGACAC","D9","3",-0.167257472742779,-0.243051177379899
"T216_ATTCTTGTCCTTCACG","D9","3",-0.186644801194287,-0.9171342987621
"T216_ATTGGGTGTTAGAAAC","D9","8",-0.0042428000727984,0.30276810659929
"T216_ATTGTTCAGGCCTGCT","D9","8",-0.0199593798912304,-0.0316192209155062
"T216_ATTTACCAGAGTGTTA","D9","8",-0.133851221624235,-0.207755558396593
"T216_ATTTACCGTGCACGCT","D9","8",0.10821466035634,-0.199722088304556
"T216_ATTTCACCAAAGTGTA","D9","8",-0.133798811005904,-0.212823095415583
"T216_ATTTCTGCAATACCTG","D9","8",-0.141825413191077,0.378136033573752
"T216_ATTTCTGCACGCTTAA","D9","8",-0.0904721370045718,-0.153942193656351
"T216_ATTTCTGGTTCGGGTC","D9","8",-0.058186631168992,-0.00354008250359642
"T216_CAACAACCACGTTCGG","D9","8",0.0170796731457379,0.040499280745638
"T216_CAACCAAAGGTTACCT","D9","8",-0.174503754801701,0.0913465235797118
"T216_CAACCAATCCTACAAG","D9","8",-0.167124754482897,-0.0186524120964666
"T216_CAACCAATCTGTCTCG","D9","8",-0.0769590966177542,0.0801613260168123
"T216_CAACCTCCAGGTCCGT","D9","3",-0.156112174104728,-1.16912179862617
"T216_CAACCTCGTAACCCGC","D9","8",-0.134212122459973,-0.0605908664079786
"T216_CAACCTCGTCAGCTTA","D9","8",-0.117738288478501,-0.0414532408312962
"T216_CAACGATTCCACACCT","D9","3",-0.152528408849237,-0.333637435487498
"T216_CAAGAGGCAGAAATCA","D9","8",-0.015486663938953,0.0688540968259576
"T216_CAAGAGGGTCAGTCTA","D9","8",-0.174700198447016,0.0162095603413299
"T216_CAAGAGGTCGCAAGAG","D9","8",-0.159524008468918,-0.0971610852457387
"T216_CAAGCTATCCCGTTGT","D9","8",-0.176084056314693,0.112853924171271
"T216_CAAGGGAGTACTGTTG","D9","8",0.0522438393584092,-0.098234382682779
"T216_CAAGGGATCTTCCCAG","D9","8",-0.119573882901268,-0.138365584959522
"T216_CAATACGAGGGACTGT","D9","8",-0.141148037783889,0.234876137332135
"T216_CAATCGAAGTTAACAG","D9","8",-0.139141876966917,0.00800022396810156
"T216_CAATTTCAGACTTCAC","D9","3",-0.155354129187922,-0.835636507798929
"T216_CACAACAGTAGGAGTC","D9","8",0.0311413123374149,-0.118510318482559
"T216_CACAACATCCAATGCA","D9","8",-0.133692863495692,0.0513059536090603
"T216_CACAGATGTTGAGTCT","D9","8",-0.0816681233178538,-0.0567872769918735
"T216_CACAGGCGTAGGCAGT","D9","8",-0.0246900736956642,0.0151330995287941
"T216_CACGAATGTGCACATT","D9","8",-0.144527938117551,0.128093614570283
"T216_CACGGGTAGGAGTCTG","D9","8",-0.0216342874645619,0.0906527822090498
"T216_CACGGGTTCGTCTAAG","D9","8",-0.182958398733409,0.073548313455733
"T216_CACGTGGCAGCCCACA","D9","5",0.285604622809679,-1.04161353795588
"T216_CACGTGGGTCATCAGT","D9","8",-0.200808834435056,0.0066737441160204
"T216_CACTAAGAGACTTCAC","D9","0",-0.14432921258478,0.420096819627686
"T216_CACTAAGAGAGCCGTA","D9","8",-0.157197955753261,-0.161348515046181
"T216_CACTAAGCAGTGAGCA","D9","8",0.0541407641247827,-0.167262264341468
"T216_CACTAAGGTGAGTTTC","D9","8",-0.0863536345867782,0.0366001635418239
"T216_CACTGAAAGCAACAGC","D9","8",0.0257019417839197,0.00227307188772793
"T216_CACTGAACACGACGCT","D9","5",-0.0723424723765489,-0.664357521233671
"T216_CACTGAAGTCCAAATC","D9","8",-0.117331425771624,0.236994605845878
"T216_CACTGGGAGAGCAGTC","D9","8",0.0289438455347397,0.202834394023854
"T216_CACTTCGCACAATTCG","D9","8",-0.0901292541643651,-0.0233310030732569
"T216_CAGAGCCCAAGCGATG","D9","8",-0.0664461844484156,-0.0258914944242472
"T216_CAGATACCATTGGATC","D9","8",-0.105176372344891,0.102266763616343
"T216_CAGATACGTTGGACCC","D9","8",-0.185238486789548,0.295429561894997
"T216_CAGATCAGTACAGTTC","D9","8",-0.0709846573040188,-0.0348957942130835
"T216_CAGATTGAGGGCGAAG","D9","8",-0.126078008467473,0.0335625099447337
"T216_CAGATTGAGTCCCAAT","D9","8",0.256905716010515,0.128155734066443
"T216_CAGATTGCACACGCCA","D9","8",-0.21868337930678,0.218360367616209
"T216_CAGATTGGTTAAGAAC","D9","8",-0.1066083364304,0.187894484784242
"T216_CAGCAATGTCGATTAC","D9","8",-0.00581299642652186,0.0778631351533233
"T216_CAGCAATGTGATCGTT","D9","8",-0.163596387195783,0.106026357944844
"T216_CAGCACGCAGGTTCGC","D9","8",-0.112606484849401,0.162916096307286
"T216_CAGCCAGTCGGCGATC","D9","8",-0.134518481632593,-0.284742243512368
"T216_CAGCGTGAGCTGGCTC","D9","8",-0.132988927852491,0.154468609674566
"T216_CAGCGTGCAGATCACT","D9","8",-0.092680749612091,0.0848898620236394
"T216_CAGCGTGTCCATAGGT","D9","8",-0.0575108483288399,-0.0973095100907812
"T216_CAGGGCTCATTACTCT","D9","8",-0.0875482590882873,-0.102237991167209
"T216_CAGGGCTTCACTGTCC","D9","3",-0.11238782065075,-1.02360384551665
"T216_CAGGTATCACACGGAA","D9","8",-0.18552506480256,0.208232193940273
"T216_CAGTTAGTCTATGCCC","D9","8",-0.138352422965698,-0.099523344586568
"T216_CATAAGCCAATGGGTG","D9","8",-0.161675705936575,0.00271225267862042
"T216_CATACCCCAAGTTCGT","D9","8",0.0238012299786175,-0.135497652249176
"T216_CATACCCTCTACCAGA","D9","8",-0.166082895708906,0.192034640623943
"T216_CATCCACGTCCCAAAT","D9","8",0.0240232606121265,0.319704387652839
"T216_CATCCCAGTAACTGCT","D9","8",-0.0475774451065938,0.0432337842211974
"T216_CATCCCAGTCACATTG","D9","8",-0.167673188278732,0.254831640336006
"T216_CATCCGTCATTCCTAT","D9","8",0.0149669204353317,-0.0177060728082191
"T216_CATCGCTCACCACTGG","D9","8",-0.196553712253994,0.014731007933537
"T216_CATCGCTTCAACGTGT","D9","8",-0.00177149581396386,-0.192720110490079
"T216_CATCGCTTCATACGAC","D9","3",0.05531871450511,-0.924458888205904
"T216_CATGCAAAGTACTCGT","D9","8",-0.0458477576517759,0.31699826712472
"T216_CATGCAATCTCGGTCT","D9","4",5.88325104042343,0.148930409926342
"T216_CATGCCTAGTGATCGG","D9","8",-0.0234492194628232,-0.17706792722061
"T216_CATGCGGGTATCTTCT","D9","8",-0.0451509480540754,-0.204434948010699
"T216_CATGCGGGTGCGACAA","D9","8",-0.195609231596296,0.161821753558356
"T216_CATGCGGTCGAGTTGT","D9","8",-0.1599149259501,0.0939397513588906
"T216_CATGCTCGTGTTCAGT","D9","8",-0.139570329163178,0.282252678413951
"T216_CATGGTAGTCCTCCTA","D9","8",-0.15120839161945,-0.124797572727853
"T216_CATGGTAGTGAGTGAC","D9","9",2.62431658670292,0.0575885275658527
"T216_CATTCATTCACTACGA","D9","5",-0.0859641808808072,-1.39050687845483
"T216_CATTCTAGTAACGATA","D9","8",-0.141999115301058,0.0705325676357086
"T216_CATTGAGAGCAAGTCG","D9","8",-0.178928652704895,-0.0147930349893993
"T216_CATTGCCGTATACAGA","D9","8",-0.159260228779824,0.275737677883391
"T216_CATTGCCGTCAAAGCG","D9","8",-0.178150598290946,-0.0231791987582083
"T216_CATTGCCGTGCATGAG","D9","8",-0.167055106690033,0.100959079765561
"T216_CATTGCCTCGACATCA","D9","8",-0.151106215299884,-0.341444789835633
"T216_CATTGTTGTCCCACGA","D9","8",-0.0991609588956636,0.189464313901643
"T216_CCAAGCGCACCAGACC","D9","8",-0.196491389045312,-0.151151838057161
"T216_CCAAGCGCACTAACCA","D9","8",-0.136916365628016,-0.167042516224733
"T216_CCAATGATCAAATGAG","D9","8",-0.0212571845140506,0.0283245461884731
"T216_CCAATTTGTTATGACC","D9","5",-0.0511612040557637,-0.405466378760275
"T216_CCAATTTTCAGCTTCC","D9","3",-0.0394366401946025,-1.03121080759669
"T216_CCAATTTTCATCACTT","D9","8",-0.154655065519136,-0.1732149101316
"T216_CCAATTTTCTTAGCAG","D9","8",-0.0731564491558556,0.115262471878196
"T216_CCACACTCATGACGGA","D9","8",0.0362007599703209,-0.0337639250633964
"T216_CCACGTTTCACTCCGT","D9","8",0.0252501930525826,-0.177971216301392
"T216_CCACTTGTCTCATAGG","D9","8",-0.0748234185448632,-0.0787513601246272
"T216_CCATAAGCAAAGGAGA","D9","8",0.756449534823759,0.0783072224768465
"T216_CCATAAGGTCGCCACA","D9","8",-0.104407082854485,0.0122585591043584
"T216_CCATCACGTTGGGTAG","D9","8",-0.155820125831708,0.0912580962054925
"T216_CCCATTGCAACAGAGC","D9","8",-0.0994560578601655,0.0607890887976044
"T216_CCCATTGGTCTCAGAT","D9","8",-0.0786336557171981,-0.3608146191903
"T216_CCCGAAGAGACTTCAC","D9","8",0.215898367319347,0.173252945369021
"T216_CCCTAACAGCTTTCTT","D9","0",0.00810004213497641,0.158498012623099
"T216_CCCTCAATCTGTGCAA","D9","3",-0.165129773564224,-0.675512435818473
"T216_CCCTGATAGTAAACGT","D9","3",-0.127709557958422,-0.925872341796467
"T216_CCGAACGCAAGTAGTA","D9","8",-0.196410506871925,0.0888130127006237
"T216_CCGAACGCACCCTAAA","D9","8",0.0448928286889363,-0.0765071105208069
"T216_CCGAACGGTACAGTTC","D9","8",-0.0905343519774443,-0.163676934209949
"T216_CCGATCTCAATCGAAA","D9","8",-0.130049629551646,-0.132235770909075
"T216_CCGCAAGTCGTCTAAG","D9","8",0.0277014835831508,-0.184768532341461
"T216_CCGGACAGTACGTACT","D9","8",-0.0567481272729949,0.216134995232622
"T216_CCGGGTAAGTGCCCGT","D9","8",-0.130759313670796,-0.231961994753462
"T216_CCGGTAGGTACTCGCG","D9","8",-0.19056234122581,0.123889597065036
"T216_CCGGTAGTCCTTCAGC","D9","8",-0.081552719300795,-0.000864730144331157
"T216_CCGGTGAAGCGATCGA","D9","8",-0.108364448933593,0.111773669640978
"T216_CCGGTGACACTGTCCT","D9","8",-0.108923144283732,0.191984377888499
"T216_CCGTAGGCAAGACCGA","D9","8",-0.159662730271936,-0.0672861640596561
"T216_CCGTAGGCATGAAAGT","D9","9",2.73448011402254,0.24597142629285
"T216_CCGTGAGAGGTACATA","D9","8",0.145822998739087,-0.0174709691943243
"T216_CCGTTCAGTAGATTGA","D9","8",-0.170535992788613,-0.0537192658542501
"T216_CCTAACCAGAGCTGCA","D9","8",-0.0711621820014091,-0.0507238100283914
"T216_CCTAAGAGTTCCGTTC","D9","8",-0.0304005546673793,-0.216136721239239
"T216_CCTCAACAGGTAGCAC","D9","5",-0.108712366756013,-0.50081150760885
"T216_CCTCAACGTTGGGAAC","D9","8",0.0374386374001785,-0.144271407331009
"T216_CCTCATGTCATCGCCT","D9","8",-0.0804838751099996,-0.229464780961649
"T216_CCTCCTCGTACTCAAC","D9","8",-0.0810028193828569,-0.0340760923366155
"T216_CCTCCTCTCGTTACCC","D9","8",-0.154555918013937,-0.145090786654216
"T216_CCTCTAGGTATCCTCC","D9","8",-0.0308338962213127,0.136336734049363
"T216_CCTCTCCGTTGTATGC","D9","8",0.0525299185553026,-0.113313342774614
"T216_CCTGCATGTATTCCGA","D9","8",-0.163044248749927,-0.0569398492607663
"T216_CCTGCATTCGCAGATT","D9","5",-0.118772901593654,-0.57505385781465
"T216_CCTGTTGCATACATCG","D9","8",-0.0301754089792423,-0.125509560699396
"T216_CCTGTTGGTGCATTTG","D9","8",-0.147661734794927,0.312561922875468
"T216_CCTTCAGAGTGGAATT","D9","8",-0.227664510474569,0.320638872364043
"T216_CCTTGTGGTCTTGAAC","D9","4",4.55071206737556,0.179923438335022
"T216_CGAAGTTAGTTGCTGT","D9","8",-0.132757491450499,0.00373099005994174
"T216_CGAATTGAGGTACAAT","D9","5",-0.174129779745747,-0.51897285035742
"T216_CGAGAAGAGTGCGCTC","D9","8",-0.0662169939478787,-0.228632256131481
"T216_CGAGGAACAACCAACT","D9","8",-0.147232011904898,-0.473461058951273
"T216_CGAGGCTAGCGGGTTA","D9","8",0.00869717951458822,0.13451293352472
"T216_CGAGTGCGTGTCCATA","D9","8",-0.164471198368591,0.136067751191101
"T216_CGAGTTACAGGGTTGA","D9","8",-0.0998746354279068,0.0216981526186911
"T216_CGATCGGTCACCTGTC","D9","8",-0.195651270499432,0.10100272248588
"T216_CGATGCGAGAAGAACG","D9","8",0.0412643548790528,0.11050003545261
"T216_CGATGGCAGCATCCCG","D9","8",-0.0834651162157359,0.0459467649026623
"T216_CGCAGGTAGCGTTGTT","D9","8",-0.211119221818319,0.109912240470428
"T216_CGCAGGTGTGCAAGAC","D9","8",-0.194476409905828,0.0380313845323417
"T216_CGCCAGATCTACTGCC","D9","3",-0.178343508088849,-0.400250223740869
"T216_CGCCAGATCTAGATCG","D9","8",-0.19632121874943,0.298386207993361
"T216_CGCCATTGTCGAAACG","D9","8",-0.0469365705375279,0.0223939593119271
"T216_CGCCATTTCATTTCCA","D9","8",-0.162388464582285,-0.304881034706661
"T216_CGCGTGACAGTGGCTC","D9","3",0.0272104172046936,-0.804745655851775
"T216_CGGAATTAGTCTCTGA","D9","8",-0.151942833091612,-0.106173308325796
"T216_CGGACACAGTAACCTC","D9","8",0.14734043051164,-0.133649919896306
"T216_CGGACACCAATAGTGA","D9","8",-0.166542221076801,-0.235547406470984
"T216_CGGACACCAGCGACCT","D9","8",-0.196558727035082,-0.160149872504272
"T216_CGGAGAAAGACGGTCA","D9","8",-0.10256831987339,0.0814208892872792
"T216_CGGAGAAAGTCTGGAG","D9","8",-0.134388155428005,-0.105487559040587
"T216_CGGCAGTTCAGCGCGT","D9","8",-0.126965006983051,0.0403044500845961
"T216_CGGGACTTCACACGAT","D9","8",-0.0836229091036677,0.171455576490374
"T216_CGGGTGTGTAGTCCTA","D9","8",-0.166337955382975,0.124608378866886
"T216_CGGGTGTGTCAAAGAT","D9","8",-0.124550809185293,0.12811472623532
"T216_CGGGTGTGTTGGGTAG","D9","8",-0.122746591493062,0.0967178004203335
"T216_CGTAAGTAGCGATGAC","D9","5",-0.0789359728910946,-0.610681433205159
"T216_CGTCAAACAAGGGCAT","D9","8",-0.0944358751615299,0.0475734606788951
"T216_CGTCAAATCGCCGAGT","D9","8",0.00144212146418711,0.297789588791564
"T216_CGTCCATAGCAGTACG","D9","8",-0.0942133041611602,-0.0434206918817585
"T216_CGTCCATGTCCCAAAT","D9","8",-0.183135983911845,0.187934022385456
"T216_CGTCCATGTGTTAAAG","D9","8",-0.11046069909237,0.0158277201423766
"T216_CGTGATACACCTCAGG","D9","8",-0.143216379643319,-0.00382009210360986
"T216_CGTGTCTAGATTAGAC","D9","8",-0.169783682590998,0.133908763995808
"T216_CGTTCTGAGGTTATAG","D9","8",-0.0159833515842449,-0.0645733063830157
"T216_CGTTGGGCACCGTGGT","D9","8",-0.0395062560854655,-0.0610102878872171
"T216_CGTTGGGTCTAGCAAC","D9","8",-0.11896033578646,0.00202351402169726
"T216_CTAACCCCACAGACGA","D9","8",0.139932550938133,0.129378189685337
"T216_CTACAGAAGCCTGTGC","D9","8",-0.138153155800514,-0.0293905551017894
"T216_CTACCCAAGACTGAGC","D9","8",-0.13668228541895,-0.0378456122973077
"T216_CTACCTGCATAGAGGC","D9","8",-0.155038638817384,0.119696222361345
"T216_CTACCTGGTAGAGACC","D9","8",0.0910403453032293,-0.100675215005664
"T216_CTACGGGCAGAATCGG","D9","8",0.0168470373720034,-0.0737019852156622
"T216_CTACGGGTCCGAGATT","D9","8",-0.126923265806695,0.147035781675599
"T216_CTACTATCACGACGTC","D9","3",0.15229338479831,-0.6758641546488
"T216_CTACTATCAGAACGCA","D9","8",-0.102749316110908,0.154039456731532
"T216_CTATAGGCACATTACG","D9","8",0.0607352225429321,0.0733619045701573
"T216_CTATAGGGTTAGGCCC","D9","8",0.0289064861061687,0.165321141513833
"T216_CTATCCGAGCCTCGTG","D9","8",-0.12935110072115,0.00896655815142599
"T216_CTATCCGAGGTCCCTG","D9","8",-0.105527856812683,0.153724256515703
"T216_CTATCCGGTTCTGACA","D9","8",-0.101630418950361,-0.0438702204710345
"T216_CTATCCGGTTTCCAAG","D9","8",0.117886757133414,0.0439899226111352
"T216_CTATCTAAGTCATAGA","D9","8",-0.096830771676611,0.0955612031476177
"T216_CTATCTACAGAGTCAG","D9","5",-0.175641958052701,-0.395511263026514
"T216_CTATCTACATAGCTGT","D9","8",-0.0704662878138079,0.13574128478434
"T216_CTATCTAGTATCAGCT","D9","8",0.0365906169300945,0.0694508772445262
"T216_CTATCTAGTGACTATC","D9","8",-0.138609165754402,0.108697165179093
"T216_CTCAAGACACGGTGTC","D9","8",-0.148417651076113,-0.125599201625079
"T216_CTCAATTAGTGGTGAC","D9","8",-0.0215962644988747,-0.0272803566937077
"T216_CTCAGAAAGTGCACAG","D9","8",-0.155720643058913,0.285900135969256
"T216_CTCAGGGGTGTTCATG","D9","8",-0.0548931123476126,0.113783818374795
"T216_CTCAGTCCACAGTATC","D9","8",-0.154886330225692,-0.217246595070318
"T216_CTCATCGAGCTAGTTC","D9","8",-0.170180777049727,0.225526822589556
"T216_CTCATTAAGATAGGGA","D9","8",-0.0241958820540293,0.0258195959194383
"T216_CTCATTAAGTACCATC","D9","8",0.106315672818612,0.033449297859749
"T216_CTCATTACAAGCGAGT","D9","8",-0.10894461110261,-0.172180221291884
"T216_CTCCAACCAGGACAGT","D9","1",9.03440063249659,0.432265897594873
"T216_CTCCAACTCGGAAACG","D9","8",-0.164894536438154,-0.013519584157547
"T216_CTCCCAATCCTATTTG","D9","8",-0.108861377104893,-0.107256802194295
"T216_CTCCCAATCGGTCGAC","D9","8",0.000601579640045242,0.265441079687702
"T216_CTCCGATAGTCGAATA","D9","7",4.16010563158411,0.172154164290246
"T216_CTCCGATGTGCATTTG","D9","8",-0.142600976884744,0.131244995878691
"T216_CTCCTTTGTGACCGTC","D9","8",-0.148415470846328,-0.121589157542608
"T216_CTCCTTTTCTCGAACA","D9","8",0.0536673563336743,-0.298806336331442
"T216_CTCTCAGGTAGTTCCA","D9","8",-0.158445406622367,0.0152722346444223
"T216_CTCTCGACAGCGGATA","D9","8",-0.15569923169447,0.0507824253108086
"T216_CTGAATGTCAGACCCG","D9","8",-0.00411987902495162,-0.278311864217397
"T216_CTGAGCGTCAACACCA","D9","8",-0.187542185128269,0.236054864085221
"T216_CTGAGGCGTCGCCACA","D9","8",-0.169461376667378,0.27641089479275
"T216_CTGATCCAGAGAGAAC","D9","8",0.109470641027001,-0.138655674671646
"T216_CTGCAGGAGGCTGAAC","D9","8",-0.194839555963949,0.0895270814099837
"T216_CTGCAGGCAATGTCTG","D9","8",-0.204861264324571,-0.270583883488503
"T216_CTGCATCAGTTCCGGC","D9","8",-0.156493549366227,0.0777456420810098
"T216_CTGCCATAGTATCTGC","D9","8",0.0825077035511432,0.0979971754106417
"T216_CTGCCTAGTGTTAACC","D9","8",-0.174700427198338,-0.160067616341844
"T216_CTGCGAGAGTCACACT","D9","8",-0.0618242530046589,0.0830249867830343
"T216_CTGCTCACAACCCTCT","D9","8",-0.114648496195817,0.13673961446287
"T216_CTGCTCAGTCCTCATC","D9","3",-0.112945492362001,-0.379995826221609
"T216_CTGGACGGTAACTTCG","D9","8",-0.134297359607406,0.163713211493567
"T216_CTGGCAGCACAATGAA","D9","8",-0.105335152766833,0.029253262749302
"T216_CTGGCAGTCAGAGCGA","D9","8",-0.0429777334195389,0.285280557265242
"T216_CTGGCAGTCGAAGCAG","D9","8",-0.163532055663085,0.18299766633953
"T216_CTGTACCCACTGGAAG","D9","3",-0.0529534683501469,-0.384498442638436
"T216_CTGTGGGAGACGGTCA","D9","8",-0.0923298491652601,-0.0163811226875075
"T216_CTTAGGATCGATGCAT","D9","8",-0.162226527338305,0.0499704921233329
"T216_CTTCCGAAGGAGTCTG","D9","5",-0.126343855792082,-0.295296452764349
"T216_CTTCCTTAGATTGAGT","D9","8",-0.141345318123683,0.111819610826232
"T216_CTTCCTTCAAACCACT","D9","8",-0.0896106247287657,0.217468961425127
"T216_CTTCCTTCACGACGCT","D9","8",-0.129432111682365,-0.31447757841273
"T216_CTTCGGTCAAACAGGC","D9","8",-0.166273520184804,-0.0763956880263897
"T216_CTTCTAATCGCAGTCG","D9","8",-0.138091674298602,-0.227722058231149
"T216_CTTGAGAAGAGTGTTA","D9","3",-0.109462813440424,-0.952492292617962
"T216_CTTGAGACACAGCCTG","D9","5",1.88810933500896,-0.839568239404162
"T216_CTTGAGATCTATGTGG","D9","8",-0.142188211752905,-0.133949915673888
"T216_CTTGATTCACCTCTGT","D9","8",-0.15571832547276,0.296623459723386
"T216_CTTGATTTCAATCTCT","D9","8",0.038726968263211,0.125555129849074
"T216_CTTTCAATCACCATGA","D9","8",0.118973310019844,0.244363944217725
"T216_CTTTCGGGTGTAAACA","D9","8",-0.08128300250994,0.246995681290336
"T216_CTTTCGGGTTTCGTTT","D9","8",-0.181432048843597,0.24412829813091
"T216_GAAATGACACTATGTG","D9","8",-0.0203431104181121,-0.0317469511039001
"T216_GAAATGACATGTTCAG","D9","8",-0.173671154719659,0.118600420127993
"T216_GAACGTTAGTAGGAAG","D9","8",-0.0577701810777367,0.0250191828417322
"T216_GAACTGTGTCTGTTAG","D9","5",-0.100851688565989,-0.464573725834406
"T216_GAAGAATAGTTAGTGA","D9","8",-0.0958974523844328,0.00585665545437526
"T216_GAAGAATTCGACGCTG","D9","8",-0.144882388281667,0.130194582062378
"T216_GAAGCCCCACGCTGCA","D9","5",0.868660832073295,-0.370457074145283
"T216_GAAGCGAGTGCCCGTA","D9","8",0.0116073944709594,-0.00378363074444041
"T216_GAAGCGAGTTGCTAGT","D9","8",-0.152827635955529,-0.0546943961526225
"T216_GAAGGACTCTACGCAA","D9","8",-0.0579268304244617,-0.0339147396643166
"T216_GAAGTAAGTACAAGTA","D9","8",-0.165251774733619,0.0826367841720465
"T216_GAATCACCAGGCACAA","D9","8",-0.133034505553032,-0.0328312627623186
"T216_GAATCGTTCGGCAGTC","D9","8",-0.0521364653296819,-0.140564876903134
"T216_GACACGCCATCGATAC","D9","8",-0.0188045113859515,-0.268219886493301
"T216_GACAGCCCATCGCCTT","D9","8",-0.156221594484687,0.165083948439385
"T216_GACATCATCAGCGCGT","D9","8",-0.0740454600649823,0.240558599944729
"T216_GACCCAGGTGACTCTA","D9","8",-0.0676758998577679,-0.0251355600568645
"T216_GACCCTTGTACACGTT","D9","8",-0.140288337608892,0.191993486045436
"T216_GACCGTGCAAAGACTA","D9","8",0.0907078310342839,0.220092935326846
"T216_GACCGTGTCGTGGTAT","D9","8",-0.182389619138447,0.13241429410186
"T216_GACCTTCGTTTGGAGG","D9","8",-0.0770741397284987,0.00710623737311537
"T216_GACGTTAAGCTGAAGC","D9","8",-0.0209821561180714,0.363802872782854
"T216_GACGTTATCTGAGGCC","D9","3",-0.165462458813185,-0.2900271970224
"T216_GACTATGTCCTCTGCA","D9","9",0.983098552916937,-0.0768887187513817
"T216_GACTCAACATGTTCAG","D9","8",0.10749631431376,-0.317082582213739
"T216_GACTCAAGTCGCACGT","D9","8",-0.0522846871081962,0.194810883850654
"T216_GACTCAATCTGAACGT","D9","8",0.02645252321637,-0.0461717832921502
"T216_GACTCAATCTTCCCGA","D9","8",-0.116085526147112,-0.116969794223512
"T216_GACTCTCCATCGTGCG","D9","8",-0.134724692661671,-0.35461917676712
"T216_GACTCTCTCGTAGAGG","D9","8",0.0216557611226884,-0.151107582839329
"T216_GACTTCCAGCGTTAGG","D9","8",-0.127303737294465,0.0628923039298523
"T216_GAGAAATAGATGTTGA","D9","8",-0.046208895065199,0.0945578151903416
"T216_GAGACCCGTAAGTAGT","D9","8",-0.173174302801734,0.0450431116610086
"T216_GAGACCCGTCGATGCC","D9","8",0.0276305615385881,-0.055894571414119
"T216_GAGACTTTCTCTGGTC","D9","8",-0.122155353610866,0.097218115604973
"T216_GAGAGGTCATAGGAGC","D9","8",-0.195620115350125,-0.0819059121948601
"T216_GAGATGGAGATCCTAC","D9","8",-0.137199018944208,0.063525218466687
"T216_GAGATGGAGCTAGCCC","D9","8",-0.197869737352526,0.0201843874420349
"T216_GAGCCTGAGGCCTTCG","D9","8",-0.0858143631367713,0.0720097144351565
"T216_GAGCCTGGTCGTGGAA","D9","8",-0.0767363524327975,-0.298581981957475
"T216_GAGCCTGGTTTAAGGA","D9","8",-0.18815478156619,-0.0641655118997143
"T216_GAGCTGCGTACAGCGA","D9","8",0.0611219500377232,0.221221147880317
"T216_GAGCTGCTCATCCTGC","D9","8",-0.0636581776555802,-0.0766306813705579
"T216_GAGCTGCTCATGCAGT","D9","8",-0.136892971365629,0.264629378271068
"T216_GAGGCCTGTCAAGCCC","D9","8",-0.0448988423562444,-0.324189720975133
"T216_GAGGGATGTACGGTTT","D9","8",0.223434607920906,0.144473658788475
"T216_GAGGGTACAAGTGGCA","D9","8",-0.0205580167349018,0.0762676479810331
"T216_GAGGGTATCCAGGACC","D9","8",0.045806426624992,-0.0435285096636777
"T216_GAGTCATAGAGAGCAA","D9","0",-0.152270532521697,0.443907936284361
"T216_GAGTCATGTAATGATG","D9","3",-0.123422120491102,-0.12667038863655
"T216_GAGTCTAAGTACCGGA","D9","8",-0.17077996613156,-0.0576874568788946
"T216_GAGTCTATCCCATTCG","D9","8",-0.167128313548494,0.366562494732792
"T216_GAGTGTTAGGATAATC","D9","8",-0.184567889259803,-0.206249065903758
"T216_GAGTGTTTCCAGGACC","D9","8",-0.176520874865338,0.0147119640147292
"T216_GAGTTGTGTGTTCGTA","D9","8",-0.186359814586692,0.199002620172836
"T216_GATCACACATCGCCTT","D9","8",-0.170684132732517,0.301708495432267
"T216_GATCGTACAGATTAAG","D9","8",-0.0037513364239753,0.156484981610226
"T216_GATCGTAGTGGCCTCA","D9","8",-0.108627322863169,0.204203760965682
"T216_GATGACTAGATTAGCA","D9","8",-0.148500111432942,-0.179720882243877
"T216_GATGATCTCATAGAGA","D9","3",0.08411563191766,-0.175805031490395
"T216_GATGTTGCATCGGCCA","D9","8",-0.129333865600436,0.143499458025678
"T216_GATTCGACACTGTTCC","D9","8",-0.172073738632406,0.208997726332847
"T216_GATTTCTCAGAATTCC","D9","5",-0.105887955034327,-0.174203859109784
"T216_GATTTCTCAGAGTCAG","D9","8",-0.160418437780778,0.0289712623178369
"T216_GATTTCTCATGGTACT","D9","8",-0.0348993458023219,0.261343634949843
"T216_GCAACATAGCGTGCCT","D9","5",-0.162160424627925,-0.73730662114196
"T216_GCACATAGTTTCGACA","D9","8",0.179556536986261,-0.0351879701631817
"T216_GCAGCCACAGACATCT","D9","8",-0.0914670608182463,0.0120805254809884
"T216_GCAGCCAGTAGGTAGC","D9","4",4.55452319601406,0.241535934511187
"T216_GCAGGCTCACGTATAC","D9","8",-0.191550754405256,-0.247522894346177
"T216_GCAGGCTCACTCTGCT","D9","8",-0.15236888901973,0.0151592754598186
"T216_GCAGTTACACATTGTG","D9","8",-0.0890153739357656,-0.284627984418782
"T216_GCAGTTATCGGTGTAT","D9","8",-0.16722733814486,0.0644897936403271
"T216_GCATTAGAGTTGGGAC","D9","8",-0.193227709521258,0.118115660039263
"T216_GCATTAGGTTAACCTG","D9","8",-0.158521542633999,0.0356069742977813
"T216_GCATTAGTCATGCCAA","D9","8",-0.111866091611155,-0.428803310811699
"T216_GCCAACGCAGGCTCTG","D9","8",-0.00346979002264318,0.188938350511437
"T216_GCCATGGAGTAGCATA","D9","8",-0.165778222276485,0.0860620150053902
"T216_GCCATGGCAGGTTCCG","D9","8",-0.0924452416087004,0.176603717360422
"T216_GCCCAGAAGGTCACAG","D9","8",-0.149994040093084,0.235504102850309
"T216_GCCCAGAGTTAGAGTA","D9","8",-0.172924698773421,0.114649585402466
"T216_GCCCAGAGTTGGATCT","D9","8",-0.171604823765654,-0.110504971053366
"T216_GCCCGAACACTGCACG","D9","8",-0.156054691550723,0.19627644266532
"T216_GCCCGAAGTCTCGGAC","D9","8",0.0226376302315219,-0.0553670321513202
"T216_GCCCGAAGTGCGCTCA","D9","3",-0.151192868023198,-0.424039158369724
"T216_GCCGTGAGTTACCCAA","D9","8",-0.0753591514857289,-0.0267059307676885
"T216_GCCTGTTCAATCGCCG","D9","8",-0.172363253756674,0.0558952204992642
"T216_GCGAGAAAGCCTCTGG","D9","8",-0.158867326902206,-0.0311064665838751
"T216_GCGAGAAAGGTCACAG","D9","8",0.0673980225739555,-0.139490343192551
"T216_GCGAGAACATCGGAGA","D9","8",-0.0190731550572824,-0.0116380423506994
"T216_GCGATCGAGCATGATA","D9","8",-0.130261621573327,0.0853907558169512
"T216_GCGGATCCAGTTTCGA","D9","8",-0.0370048290235274,0.106197945742455
"T216_GCGTGCATCTTGATTC","D9","8",-0.178879605406172,0.37563634320198
"T216_GCTACCTCAGGACGAT","D9","8",-0.152154008184285,-0.103913523356637
"T216_GCTACCTGTCACAGAG","D9","8",-0.06211979864282,0.0836609544453455
"T216_GCTCAAAAGCCAACCC","D9","8",-0.167450759431354,0.143812225921151
"T216_GCTCAAAAGGCACTAG","D9","8",-0.146324570546015,-0.0459087538436907
"T216_GCTGAATGTAGACGTG","D9","8",-0.135905518103869,-0.182769700829939
"T216_GCTGAATTCAAGCGTT","D9","8",-0.179382101226209,0.233114438827642
"T216_GCTGAATTCCCTTCCC","D9","8",0.0231414971105849,-0.464787449173853
"T216_GCTGCAGCAAGCACCC","D9","8",-0.157264830178193,-0.106861927891284
"T216_GCTTCACAGCAGGCTA","D9","8",-0.0945771712165129,-0.243945807087439
"T216_GCTTCACGTACTGCGC","D9","8",-0.159559055987893,0.0861227453173959
"T216_GCTTCACGTATCGCTA","D9","8",-0.131195212405703,0.0212255793877165
"T216_GCTTGGGAGGTTGCCC","D9","8",-0.0237126838363834,-0.00292009554381174
"T216_GCTTTCGGTGTGGTCC","D9","8",-0.0746081096241501,-0.104262649979776
"T216_GGAAGTGGTCGAAACG","D9","8",-0.151374224529259,-0.0915815948745011
"T216_GGAAGTGGTTAGTTCG","D9","8",-0.116304418240573,0.274268723772188
"T216_GGAATGGAGATGCCGA","D9","8",-0.159263953243385,-0.0153514947179234
"T216_GGACGTCCAACGGCTC","D9","8",-0.172585522211005,0.0154259631901598
"T216_GGACGTCGTACTCGCG","D9","8",-0.152590046240995,-0.0601006820295258
"T216_GGAGAACAGCTGCCTG","D9","5",-0.0411867963607331,-0.627839088808524
"T216_GGAGAACCACTGTGAT","D9","5",-0.0347158704034341,-0.889805300101103
"T216_GGAGAACGTAGCGCTC","D9","8",-0.0526836634462589,-0.148121096169266
"T216_GGAGAACTCTCCGATC","D9","8",-0.0933781073087935,0.249770508563295
"T216_GGAGATGAGTATGAGT","D9","8",-0.108911617752647,0.247650010681931
"T216_GGAGATGGTGGGCTTC","D9","8",0.0768514853765132,0.280006913592862
"T216_GGAGGTAGTCGTGGTC","D9","8",-0.0329228629486205,-0.200888806422475
"T216_GGATCTAAGTTAGAAC","D9","8",-0.147187052252468,0.0466991999564592
"T216_GGATCTATCAACTTTC","D9","5",-0.12454846224631,-0.0691941571393579
"T216_GGATCTATCAGCTTCC","D9","8",-0.159775069405852,0.102022391242514
"T216_GGCGTCAAGACTGGGT","D9","8",-0.167438997261213,0.0910253548279782
"T216_GGCGTCACAGAGGCTA","D9","8",-0.173229097551431,0.208420359585769
"T216_GGCTGTGCACCAATTG","D9","0",-0.184302679826207,0.197377930550266
"T216_GGCTTGGCAGCCGTTG","D9","8",-0.0652811396260788,-0.0266571154812608
"T216_GGCTTGGGTCCTGTCT","D9","8",-0.115246355311989,0.0111009342722117
"T216_GGCTTTCTCTGAACGT","D9","8",-0.172409109047465,-0.110270246032078
"T216_GGGAAGTCAACGACTT","D9","8",-0.045735714832692,0.185864185382758
"T216_GGGAAGTGTGCGAACA","D9","5",-0.147977409257972,-0.409159920047429
"T216_GGGACAAGTTGACGGA","D9","8",-0.176743170022263,0.284635562516738
"T216_GGGACAATCATTTCGT","D9","8",-0.170535557625103,0.10789656246762
"T216_GGGACCTAGACTCTAC","D9","8",0.10370036835509,-0.21512267692103
"T216_GGGAGTAAGGATTACA","D9","8",-0.109067117154634,-0.0359835466704282
"T216_GGGAGTACACATAACC","D9","8",-0.175086220635812,0.0354149878461299
"T216_GGGCTACCAGCGGTTC","D9","8",-0.145768223033261,-0.0584616259316322
"T216_GGGCTACTCCACCCTA","D9","8",-0.152210046939561,-0.0258668212413352
"T216_GGGCTCAGTGCTCTCT","D9","8",-0.17406426988421,0.230812277394957
"T216_GGGTAGAGTAGCCAGA","D9","8",-0.131503597634012,0.211003464659652
"T216_GGGTAGATCCCATAAG","D9","8",-0.0417255762594953,-0.0340769257158517
"T216_GGGTCTGGTTGCATGT","D9","8",-0.201912840067489,0.144281213565368
"T216_GGGTGTCAGTCTTCGA","D9","8",-0.0605982523099253,-0.201028660896339
"T216_GGTAATCGTGAATAAC","D9","8",-0.113278850796118,-0.120377023615524
"T216_GGTAGAGGTCTCAAGT","D9","0",-0.0505360783713954,0.279505685568253
"T216_GGTAGAGTCCGTACGG","D9","8",-0.0245998575132523,0.171144505056906
"T216_GGTGAAGAGAGGTATT","D9","8",-0.0266205348059832,0.228611895139758
"T216_GGTGAAGTCATTACTC","D9","5",-0.152207589935437,-0.532213127795155
"T216_GGTGGCTCAGGCTACC","D9","8",0.112008645528337,0.0141330052552342
"T216_GGTGGCTGTTAAGTCC","D9","8",-0.116913528063921,-0.00523745575083537
"T216_GGTTAACAGCTGGAGT","D9","8",0.0397419997493872,0.0446810284839827
"T216_GGTTAACGTACCATAC","D9","8",-0.182758626296749,0.162403575292435
"T216_GGTTAACGTTAAAGTG","D9","3",0.372272689292893,-0.659680437668114
"T216_GGTTCTCAGCGAATGC","D9","8",0.0209274398759098,0.0506346946877779
"T216_GGTTCTCCACGCGCAT","D9","8",-0.128448212458944,0.128765789308263
"T216_GTAACCAAGAGGGTAA","D9","8",-0.156313692187047,0.18334238491687
"T216_GTAACCAAGAGTGAAG","D9","8",-0.118917201489586,0.161679796741574
"T216_GTAAGTCTCAGGGTAG","D9","8",0.051609237669047,0.0661564603299108
"T216_GTACAACGTTCCGCTT","D9","7",3.32073315621368,0.296735276242089
"T216_GTACAGTTCAATCAGC","D9","8",0.0289232907313493,0.019799058961182
"T216_GTAGATCAGGCACCAA","D9","8",-0.149581263780912,-0.108258804685542
"T216_GTAGCTACATTCACCC","D9","8",-0.159941495054636,0.0727369400415163
"T216_GTAGCTATCATTTGCT","D9","8",-0.164769277081942,0.0410447355189392
"T216_GTAGGTTCAAGGGTCA","D9","8",0.00938905496112205,0.233769480387422
"T216_GTAGGTTGTCCAGCGT","D9","8",-0.0954508587428661,-0.169617245494291
"T216_GTAGTACCACACCTGG","D9","8",-0.187985922347701,0.204896093761982
"T216_GTATTGGGTAGATGTA","D9","8",-0.119877055712019,0.245982481398337
"T216_GTATTGGGTGCTCGTG","D9","8",-0.149947902199739,0.0123599046616285
"T216_GTCAAACAGTGCAAAT","D9","8",-0.13012862397383,-0.102957203169041
"T216_GTCAAGTGTAGTCTGT","D9","8",-0.0221798423156483,0.00262833510473943
"T216_GTCACGGAGGGACTGT","D9","8",-0.148054059077975,0.026958065108398
"T216_GTCACTCTCGAACTCA","D9","4",5.51160318239998,0.0537804287803381
"T216_GTCATCCCAGGGTCTC","D9","5",-0.181910318521548,-0.373027740725347
"T216_GTCATGAAGGAACGAA","D9","8",-0.135952320455129,-0.0675173542358368
"T216_GTCATGAAGGTCCGAA","D9","8",-0.138458267881495,0.091022852235038
"T216_GTCATTTGTGATTGGG","D9","8",-0.129948077964202,0.177006595796113
"T216_GTCATTTTCCCAGCGA","D9","8",-0.141516897522401,-0.0780547649400523
"T216_GTCCACTTCGCTCCTA","D9","8",-0.197169046049641,0.18538036862032
"T216_GTCCCATGTCTCGACG","D9","8",-0.194663793211565,0.283244839460999
"T216_GTCCCATTCCCTCTAG","D9","5",-0.132747159545828,-0.666636604934626
"T216_GTCCTCACAATGCTCA","D9","8",-0.0486632188235667,-0.074490710219908
"T216_GTCGAATAGTTTGAGA","D9","8",-0.0779252439275919,-0.0503827856521003
"T216_GTCGAATCATGTGGCC","D9","8",-0.130590681859219,0.260299816091362
"T216_GTCGTTCTCAAGCTTG","D9","8",-0.179126514480062,0.174704591066321
"T216_GTCTACCAGCCAGTAG","D9","8",-0.0885707901436956,0.0877007091515043
"T216_GTCTGTCGTCCACTTC","D9","5",-0.18234922845959,-0.986065052422013
"T216_GTCTGTCGTCGTCGGT","D9","8",-0.166097441725943,0.269188503139852
"T216_GTGACGCGTACGTTCA","D9","8",-0.18719455973521,-0.0444086195951383
"T216_GTGACGCTCCGTGGCA","D9","5",-0.153850392900686,-0.753732201836912
"T216_GTGAGGATCGTGTCAA","D9","8",-0.141461446675228,-0.157648431629379
"T216_GTGAGTTAGCGACTGA","D9","4",3.82484642285555,0.314539362962599
"T216_GTGAGTTTCGGCGATC","D9","1",8.96872167956196,0.212358931850667
"T216_GTGATGTGTACTTCCC","D9","8",-0.14145778908303,0.157945014592486
"T216_GTGCACGAGACTTAAG","D9","8",-0.115204934646599,-0.0714286607776669
"T216_GTGCACGCACACACGC","D9","8",-0.145090163027585,-0.0559232204378161
"T216_GTGCAGCCACAGACGA","D9","4",3.56877642302445,0.639297923485317
"T216_GTGCTGGAGGAAACGA","D9","8",-0.0632096772474934,-0.0579934415139369
"T216_GTGCTGGGTACGTAGG","D9","8",-0.121248519200544,-0.249024094145341
"T216_GTGGAAGAGTAACGAT","D9","5",-0.176296861876178,-0.527959086664858
"T216_GTGGAGATCTCGGGAC","D9","8",-0.0458825066039176,-0.0167969849465112
"T216_GTGGCGTTCCATGATG","D9","8",0.106645071890345,-0.0766273189021274
"T216_GTGGGAATCCATTTCA","D9","8",-0.176850267196003,0.0455171774851836
"T216_GTGTAACAGACTTCCA","D9","8",-0.0861361327986221,0.0443255023867723
"T216_GTGTAACAGAGCAGAA","D9","8",-0.0756003468682532,-0.0476207491031371
"T216_GTGTAACGTATCGCAT","D9","8",-0.124719064563076,-0.0542884848918058
"T216_GTGTCCTGTAACTAAG","D9","8",-0.214764982771706,0.206322900916712
"T216_GTGTGATCACGTCATA","D9","8",-0.169165506185933,0.048832696007915
"T216_GTGTGATTCATAAGGA","D9","8",-0.0580390298029856,0.0517559368315082
"T216_GTGTTAGCAACCTATG","D9","8",0.0523694739599451,-0.0276784094075738
"T216_GTGTTCCAGTACCGGA","D9","8",-0.183371655091896,0.290648649940144
"T216_GTTACAGGTCCAATCA","D9","8",-0.0164004718307308,0.175161851542873
"T216_GTTACCCAGTGAGTGC","D9","8",-0.140145584421552,-0.405082656455022
"T216_GTTACCCCAAATCAGA","D9","8",-0.0837635769250345,0.108604787889302
"T216_GTTACCCCAAGAGGTC","D9","8",-0.147484877902377,0.162677279044044
"T216_GTTACCCCAGCTCCTT","D9","8",-0.104475683798866,0.0189455058401013
"T216_GTTACCCTCGCCTTTG","D9","8",-0.134347411404152,-0.198984966071296
"T216_GTTACGACATACATCG","D9","8",-0.0697507054210617,-0.0144854379534947
"T216_GTTACGATCGAGAACG","D9","3",-0.158699020120646,-0.604671004207213
"T216_GTTACGATCGTCAACA","D9","8",-0.112605690053036,-0.122775333441934
"T216_GTTAGACGTCCTGTTC","D9","8",-0.153113307042092,0.0302571852544567
"T216_GTTAGACTCACTGAAC","D9","8",-0.0803556740191813,-0.26307656271697
"T216_GTTAGTGAGGTCCCGT","D9","8",-0.0129937891799324,0.330913167871754
"T216_GTTAGTGCACTGTTCC","D9","8",-0.128952843057523,0.22079979474236
"T216_GTTAGTGGTAGGCTCC","D9","8",-0.141200906007691,0.1428523646567
"T216_GTTATGGAGTAAGGGA","D9","8",0.00914027915279397,-0.00590321784640618
"T216_GTTCATTCAGCTCTGG","D9","8",-0.118622132520418,0.00431698994315907
"T216_GTTCCGTAGGGTAATT","D9","8",-0.126642665102007,-0.0476273451836187
"T216_GTTCGCTGTATGGAAT","D9","8",-0.114583200004847,0.101251036247676
"T216_GTTCGCTGTTGAGTCT","D9","9",1.49843997708229,0.162080200076441
"T216_GTTGCGGTCTATCCAT","D9","3",-0.109381538593414,-0.457887740084604
"T216_GTTGTAGCACTCCACT","D9","8",-0.196260844252792,0.0329238896953932
"T216_GTTGTAGGTACATTGC","D9","8",-0.0898770934627803,-0.229273758221527
"T216_GTTGTAGTCTAAGCCA","D9","8",-0.140894433425284,0.0506904187774197
"T216_GTTGTCCCACTTCAGA","D9","8",0.0621570165018699,0.0236537366308404
"T216_GTTGTGACAGTCAGCC","D9","8",-0.14109808910016,-0.121731078185633
"T216_GTTGTGAGTTGGGATG","D9","8",-0.181615819159072,0.144230422316572
"T216_GTTTACTAGAAGTCCG","D9","8",-0.200598890641956,-0.319941019181152
"T216_GTTTACTGTACTCCGG","D9","8",-0.0831099699366517,-0.33650016882895
"T216_GTTTGGAGTACAGTTC","D9","8",-0.13660553507396,-0.199578854735349
"T216_TAACACGAGCTAGTTC","D9","8",-0.170825963123537,0.172268372095413
"T216_TAACACGTCGTCGGGT","D9","8",-0.0672669829915333,-0.227777327778891
"T216_TAACCAGAGAAACACT","D9","8",-0.133217788568141,-0.17851043471611
"T216_TAACCAGCAGCCGTCA","D9","8",-0.115337289461104,-0.103107926878579
"T216_TAACGACGTTGTTGAC","D9","8",-0.108654119637949,-0.0434682099091935
"T216_TAACTTCAGGCAGGTT","D9","8",-0.153943425770442,0.0461367717394336
"T216_TAAGCCAAGAATAACC","D9","8",-0.0487190941715153,0.0210030905688049
"T216_TAAGTCGTCGACGACC","D9","8",-0.160785304073585,0.15342842181838
"T216_TAATCTCCACGACGTC","D9","8",-0.151658503814851,0.316598677496867
"T216_TAATCTCGTTGGCTAT","D9","8",-0.150657526465665,0.081693917430601
"T216_TAATCTCTCCTACCGT","D9","8",0.121463005085321,0.0363941621799786
"T216_TAATTCCAGCATCCCG","D9","8",-0.0580113556201242,0.230976146313145
"T216_TAATTCCCATTGGCAT","D9","8",-0.0228197010276699,0.0517458037815872
"T216_TACAACGTCTATTCGT","D9","8",-0.146334507641058,-0.287787635383202
"T216_TACAGGTAGAAGCCAC","D9","8",-0.144603790527476,-0.260984798797212
"T216_TACCCACAGGAAAGTG","D9","8",0.00339054051729037,0.186750592646498
"T216_TACCCACGTGTCGATT","D9","8",-0.122084988965946,-0.0860863435215212
"T216_TACCCGTAGATACGAT","D9","8",0.0548529047016013,-0.111397901247697
"T216_TACCGAACAAACACCT","D9","1",5.5072681931451,-1.16470764463965
"T216_TACCGGGCAGAAACCG","D9","8",-0.179638072327301,-0.0391198577910361
"T216_TACCTCGGTTCAAAGA","D9","9",2.44774969297101,0.146496298840234
"T216_TACCTGCTCCCGAGGT","D9","3",-0.176508671652287,-0.437565561649544
"T216_TACGCTCAGCTCACTA","D9","8",-0.139119727041042,-0.109172346075732
"T216_TACGGTACAGCACGAA","D9","1",8.42355944483808,0.342735315858379
"T216_TACGTCCTCCCGAACG","D9","8",-0.165430049016972,-0.0104071866130184
"T216_TACTGCCGTGCCCGTA","D9","8",-0.165600041429136,0.0243957004794888
"T216_TACTTACGTAATGATG","D9","8",-0.172113730803994,0.104751045303837
"T216_TACTTGTTCACTCGAA","D9","3",-0.105924707343324,-0.92370804238058
"T216_TAGACCAAGTTGGAGC","D9","8",-0.0929423417064619,-0.137266050355929
"T216_TAGACCATCCGGACTG","D9","8",-0.152223250330407,-0.228581283366035
"T216_TAGAGTCCAAATCAGA","D9","8",-0.0785027877964745,0.0998099842888109
"T216_TAGATCGCAAGCAATA","D9","8",-0.13038058396004,-0.0450143327826044
"T216_TAGATCGCAATTGCTG","D9","8",-0.107171985381353,-0.104086468084394
"T216_TAGATCGGTCGCAGTC","D9","9",1.55439018446033,0.429664506020249
"T216_TAGCACACAGTCGCTG","D9","8",0.0909982176029874,0.154420872677008
"T216_TAGGAGGAGGCGTCCT","D9","8",-0.0685568743196318,0.136622051396052
"T216_TAGGGTTGTTAGGGAC","D9","8",-0.143791121864641,0.412653804037988
"T216_TAGGGTTTCAGGCGAA","D9","8",-0.157163294394413,-0.0320535870104815
"T216_TAGGTACAGAGAGAAC","D9","8",-0.183249945365971,0.167961236590506
"T216_TAGTGCATCTCGTCGT","D9","8",-0.109005700168933,0.0431396358802131
"T216_TATACCTCACTAACCA","D9","8",-0.105117696451418,-0.334166947207312
"T216_TATATCCAGAAATTCG","D9","8",-0.138682786459645,0.108124705213197
"T216_TATATCCCAACAGAGC","D9","8",-0.0512385654373428,-0.145111904192448
"T216_TATATCCCATCTCGTC","D9","8",-0.127325509413794,-0.0731736095851724
"T216_TATATCCGTCGTGGAA","D9","8",-0.0148980325059305,0.299815918912328
"T216_TATATCCTCCCGATCT","D9","8",-0.14003182609818,0.00665959859955481
"T216_TATCCTAAGGTTACCT","D9","8",-0.0321569434523745,-0.0106789699037354
"T216_TATCCTACATCGATGT","D9","8",-0.0930902723023036,-0.0542022357426064
"T216_TATCCTATCAGGAGAC","D9","8",-0.18914995183557,0.138144604144141
"T216_TATCTGTTCACCGGGT","D9","3",0.125063880681147,-1.05955986995863
"T216_TATGTTCCAAGAGTAT","D9","8",-0.167566356091762,0.0489494365503676
"T216_TATGTTCCACACGTGC","D9","8",-0.167530552397248,-0.0023421177015946
"T216_TATTCCATCCGACGGT","D9","8",-0.0282006553738342,-0.046858511014286
"T216_TATTGCTAGCACTCCG","D9","3",-0.0099718675562904,-0.675450708359968
"T216_TATTGCTTCAACGAGG","D9","8",-0.158723873578137,0.00490781602006173
"T216_TATTGGGAGGGTGGGA","D9","8",-0.222050973160418,0.134336585752413
"T216_TATTGGGCACATTCTT","D9","8",-0.181791216900197,0.0625101101852368
"T216_TATTGGGCACTCTAGA","D9","8",-0.142973659098407,-0.0639374699083274
"T216_TCAAGCAGTGCTCTTC","D9","8",-0.0240085006677253,0.172576946780976
"T216_TCAAGCATCTTCCCAG","D9","8",-0.178337097117269,-0.22629694809314
"T216_TCAAGTGGTACGAAAT","D9","3",-0.186594720699333,-0.550204051418494
"T216_TCAAGTGTCACTGCTC","D9","8",-0.154698284948089,0.177486221007171
"T216_TCAAGTGTCATAGAGA","D9","8",-0.115936557138322,-0.248256951421372
"T216_TCAATCTCACTGAGTT","D9","8",-0.114727049251778,-0.10770540632468
"T216_TCAATCTCACTGCTTC","D9","8",0.320295237308777,0.0630400419570293
"T216_TCAATTCCAATGAAAC","D9","8",-0.104918487698131,-0.233588089120667
"T216_TCAATTCGTAGGTAGC","D9","8",-0.162968778175114,0.00050966811449202
"T216_TCAATTCTCGATCCCT","D9","8",-0.0317183557025314,0.21238849411242
"T216_TCACACCCAACGTAAA","D9","3",-0.138004956264565,-0.297559411531955
"T216_TCACACCTCTTTCAGT","D9","8",-0.175959777638901,0.256058040360412
"T216_TCACATTCATAGACTC","D9","8",-0.12668241922998,-0.0621851802731843
"T216_TCACATTGTCGCTTAA","D9","8",-0.183784271141196,0.0372012109263544
"T216_TCACATTTCGTGCTCT","D9","5",-0.177163486807608,-0.461743764691775
"T216_TCACGCTTCTGTCCGT","D9","8",-0.154225817180077,-0.257345895721256
"T216_TCACGGGAGTGAGTGC","D9","8",-0.0635372458855558,-0.0263384686937401
"T216_TCACGGGCACCTAAAC","D9","0",-0.0929481614847816,0.082664294977601
"T216_TCACTATCACGCTGCA","D9","8",-0.101873044395552,-0.0632118062386674
"T216_TCACTCGGTTAGGCTT","D9","8",-0.0968913046712527,-0.167994250554089
"T216_TCAGCAACACACCGAC","D9","5",-0.0829870635287038,-0.969270887828193
"T216_TCAGGGCAGATAACAC","D9","8",-0.0696051923386437,-0.0679108464114939
"T216_TCAGGGCCACAGGATG","D9","8",-0.0757175595465759,-0.072719045447269
"T216_TCAGGGCTCATGCAGT","D9","8",-0.115325786397807,0.110873257488859
"T216_TCAGTCCCACTCCGGA","D9","8",-0.0462788904516126,-0.169724270603144
"T216_TCAGTCCTCACTCGAA","D9","8",-0.184493832632432,0.461254807651381
"T216_TCAGTTTTCCTCTCTT","D9","3",-0.104641389084951,-0.403282818150345
"T216_TCATACTGTCAATCTG","D9","8",-0.109843632385299,0.0190405494111712
"T216_TCATATCGTGCATGTT","D9","8",0.0453321650066341,0.113089538255273
"T216_TCATATCTCGAATGCT","D9","8",-0.0734652245966767,0.398658966687465
"T216_TCATCATGTGCATGTT","D9","8",-0.131160774346075,0.0183485988462919
"T216_TCATGAGCACTCACTC","D9","8",-0.0841692954756168,0.25655164739539
"T216_TCATGAGGTATGAGAT","D9","3",0.0691912002082554,-1.08285629022364
"T216_TCATGAGGTATTCCGA","D9","8",-0.115367582671006,-0.0828402293737051
"T216_TCATGAGTCCGATTAG","D9","8",-0.0458069107015798,-0.17133827131935
"T216_TCATTCACATAGCACT","D9","8",-0.0892811346685709,-0.161970298097086
"T216_TCATTCAGTGCTGCAC","D9","5",-0.0234326827857041,-0.366787178072801
"T216_TCATTGTAGCAGAAAG","D9","8",-0.124834436333243,0.0782334549099971
"T216_TCATTGTGTTTCGATG","D9","8",-0.0814588896991401,0.0576816815118531
"T216_TCATTTGAGCAGATAT","D9","8",-0.0724130635766522,0.107282089948615
"T216_TCCACCACACCTGCAG","D9","8",-0.137978290194099,-0.0195346883733808
"T216_TCCACCAGTTGACTGT","D9","8",-0.0222156380477553,-0.0713404070471782
"T216_TCCACGTAGTGGACGT","D9","8",-0.145650588879433,0.0845318890862985
"T216_TCCACGTCAGCGAGTA","D9","8",-0.0527506554393686,-0.100781813920898
"T216_TCCACGTGTGTTCCTC","D9","8",-0.0306821290081222,0.260683852785131
"T216_TCCACGTTCTTACACT","D9","5",-0.225507296077102,-0.489802265105552
"T216_TCCAGAACACTAACGT","D9","8",-0.111274614937951,0.174928963002989
"T216_TCCAGAATCAGTGTGT","D9","8",-0.107307668189153,-0.109882244548905
"T216_TCCATCGCAGTTAAAG","D9","8",-0.193699816919961,0.249992513725923
"T216_TCCATGCGTTGGTAGG","D9","8",-0.163531747891181,0.211269579138567
"T216_TCCCACATCAAGTGTC","D9","8",-0.087201842526714,-0.0495793344833872
"T216_TCCGAAATCCATCACC","D9","8",-0.15719016678375,-0.182662544243931
"T216_TCCGGGAGTACGACTT","D9","8",-0.0856083382369308,0.0419368703454375
"T216_TCCGGGAGTGCATACT","D9","8",-0.152545137154107,0.0907469749188582
"T216_TCCGGGATCTAGGAAA","D9","8",-0.173864939883926,0.221308135850648
"T216_TCCTCCCAGGAGTCTG","D9","9",0.872185214480763,0.0550945187245907
"T216_TCCTCCCGTCTCGGGT","D9","8",-0.130827310403488,0.144082331963119
"T216_TCCTCGATCATTGGTG","D9","4",3.28692099601936,0.349871804419542
"T216_TCCTGCATCCCAGTGG","D9","8",-0.0657616546147836,-0.0158426476007901
"T216_TCCTTTCCATCTTAGG","D9","8",-0.048153866293719,0.169127393309337
"T216_TCGAAGTCAAAGGATT","D9","8",-0.0502093766186336,-0.0701692377823818
"T216_TCGAAGTCAACTTGGT","D9","8",-0.0256128038134018,0.112817375400709
"T216_TCGAAGTTCATCCTGC","D9","8",-0.128565240854007,-0.100513041583933
"T216_TCGAAGTTCCATTGTT","D9","8",-0.116272980676819,-0.247110875814625
"T216_TCGACCTCAGGACGAT","D9","0",-0.150209034083551,0.498933533238508
"T216_TCGACCTTCCTGTTGC","D9","8",-0.132707785458429,0.0693480504832691
"T216_TCGACGGAGCGATGAC","D9","8",-0.157878060485933,0.256819949204918
"T216_TCGATTTGTTGAGAGC","D9","8",0.0125982567840712,0.112283749124865
"T216_TCGCACTCAATCGTCA","D9","8",-0.0934564640650782,-0.0631660360087038
"T216_TCGCACTTCGCTGATA","D9","8",0.0143400958708152,0.181576933050791
"T216_TCGCAGGAGCTTCATG","D9","8",-0.212824246770641,-0.346547801781903
"T216_TCGCAGGGTCAAGGCA","D9","8",-0.218767370246962,0.274148904934748
"T216_TCGCTCACAAGCGGAT","D9","8",-0.131444697223775,0.227055446878418
"T216_TCGGATATCAGACCGC","D9","8",-0.0234695913485359,-0.331664315096572
"T216_TCGGGACAGTGGTTCT","D9","8",-0.0793037938505721,-0.000481763091914024
"T216_TCGGGACCACGGGTAA","D9","8",0.00819235306514441,0.0264651169124294
"T216_TCGGGTGGTCCACTTC","D9","8",-0.000271310984155922,-0.00433044273370292
"T216_TCGGGTGTCCATTTGT","D9","8",-0.151041340189997,0.0501104064475189
"T216_TCGTAGACAGCTTTCC","D9","8",-0.162569028044279,-0.0167751818838174
"T216_TCGTAGAGTTTCCCAC","D9","8",-0.177221246374158,0.123549511989757
"T216_TCGTGCTCATGGCCAC","D9","8",-0.190296700157982,0.101818483295588
"T216_TCGTGGGCAGTCGCAC","D9","8",-0.195613203876113,0.134431111142851
"T216_TCTAACTAGATCCGAG","D9","8",-0.15961773864831,0.434543456815827
"T216_TCTAACTCAAGAATGT","D9","8",-0.133200640953108,0.15251749206953
"T216_TCTAACTGTTAAGTCC","D9","8",-0.0761521148425681,0.083605971934491
"T216_TCTACATCAAACACCT","D9","8",-0.137347673151415,-0.16491944939871
"T216_TCTACATGTAGCTTTG","D9","8",-0.103687836255616,0.0377406176760135
"T216_TCTACCGAGATACTGA","D9","8",-0.119266174061402,-0.0897357577938173
"T216_TCTACCGGTTGGGTTT","D9","8",-0.195188288747537,0.151670553674325
"T216_TCTCACGGTCTCTCCA","D9","8",-0.0528224740623609,-0.143032967852771
"T216_TCTCAGCTCCACGTCT","D9","3",-0.160323382693052,-0.872317295558496
"T216_TCTCTGGAGTCAGCCC","D9","8",-0.164396673246014,-0.266875740055665
"T216_TCTCTGGCAAACTGCT","D9","8",0.173149540545451,0.439843135535263
"T216_TCTCTGGGTTGGACCC","D9","8",-0.161693333924133,0.0438937932234114
"T216_TCTGCCATCAAGTGTC","D9","8",-0.17289401428125,-0.106681044178755
"T216_TCTGTCGTCTTGGGCG","D9","8",-0.110308606070932,0.203306325315823
"T216_TCTTAGTGTCTGTAAC","D9","8",-0.194299937037304,0.144035698406675
"T216_TCTTAGTTCAGGACAG","D9","8",-0.159331592551802,-0.162170133262787
"T216_TCTTCCTCAGTCGTTA","D9","8",0.00944060283309008,0.011974196431406
"T216_TCTTCCTGTCGTAATC","D9","4",3.93875956589756,0.468768326069985
"T216_TCTTGCGAGACCATAA","D9","8",0.173530403447281,0.0187247882332142
"T216_TCTTGCGCAGAGGGTT","D9","8",-0.105113260115237,0.0362255545005298
"T216_TCTTTGACAGGCGATA","D9","8",-0.13160260650668,-0.022141617759751
"T216_TGAACGTAGACGCAGT","D9","8",-0.0818066946065851,0.0653710716843875
"T216_TGAACGTCATCCGTTC","D9","5",-0.175816431243602,-0.529369796291495
"T216_TGAACGTTCACCCTTG","D9","8",-0.161141609550883,0.058905687047266
"T216_TGACAGTAGGCAGGGA","D9","3",-0.138594823314689,-0.774378490453452
"T216_TGACAGTGTACGCTAT","D9","8",0.137366623345289,0.0786537801881193
"T216_TGACCCTTCAGGAAAT","D9","3",0.0180256964916683,-0.586193772047052
"T216_TGACCCTTCGTAGAGG","D9","8",-0.169167872614215,0.0188699072222252
"T216_TGACGCGGTGACACAG","D9","8",-0.0660066744175449,0.234244936083726
"T216_TGACTCCAGAGTCTTC","D9","8",-0.188138289736524,0.1159217820597
"T216_TGACTCCAGGATAATC","D9","8",-0.0565803872097909,-0.383008032388856
"T216_TGACTCCAGGCAGTCA","D9","8",-0.00715035953869,0.0962053259643082
"T216_TGACTCCCACTCCACT","D9","5",-0.163015893018051,-0.571332897695561
"T216_TGAGCATTCATGCTAG","D9","8",-0.138717701652867,-0.125256339517288
"T216_TGAGCATTCTGCGGGT","D9","8",-0.146544343146969,0.321833867715894
"T216_TGAGCGCAGGTCATAA","D9","8",-0.157077463662543,0.160617650815544
"T216_TGAGCGCAGTCGGCAA","D9","8",0.144723749129459,0.114944122915362
"T216_TGAGCGCCACACCTTC","D9","8",-0.189501486789607,0.265769565191283
"T216_TGAGGAGCAGCGTACC","D9","7",3.49730219962831,0.133951589294884
"T216_TGAGGGATCGTTCCTG","D9","4",3.08177279634836,0.871050974637588
"T216_TGAGTCATCGAAGAAT","D9","8",-0.109847255483754,0.0703372623274263
"T216_TGATGCAAGAGGATCC","D9","8",-0.170181037612744,0.13005804270587
"T216_TGATGGTTCACCCTTG","D9","8",-0.128632017475002,-0.219767630255524
"T216_TGATTTCAGGCATCGA","D9","8",-0.0806879283945953,0.0111442036723931
"T216_TGATTTCCACGACGAA","D9","8",-0.120533752821631,-0.0218501735162483
"T216_TGATTTCTCCGGTTCT","D9","8",-0.044445510355204,0.124121906846292
"T216_TGCACGGTCGCAGTCG","D9","8",-0.159421228480061,0.0284231365587064
"T216_TGCAGATTCCCAAGCG","D9","8",-0.0959907901595037,0.331449790840137
"T216_TGCAGTAAGGCAGGTT","D9","1",8.72963335800888,0.147910550420914
"T216_TGCAGTATCCGTGTAA","D9","8",0.100473689993908,0.2435343862524
"T216_TGCATGACAAGGAGTC","D9","8",0.478148640483078,-0.200041605747485
"T216_TGCATGACACTAACGT","D9","8",-0.128438557931543,0.166899794548785
"T216_TGCCGAGGTCATCCGG","D9","8",-0.138138893443656,-0.279782465941166
"T216_TGCGACGGTATCACCA","D9","8",-0.11451012392556,-0.0781165418990029
"T216_TGCGATACAGTGGTGA","D9","8",-0.108488643901681,-0.0208605511776366
"T216_TGCGGGTAGCTCAGAG","D9","8",-0.0754970306774983,0.18042910228715
"T216_TGCGGGTCATAATGAG","D9","8",-0.0699155691964663,-0.0586257504654996
"T216_TGCTCCACATGAAAGT","D9","3",-0.150330538234226,-0.881452363998697
"T216_TGCTTCGCATCCTAAG","D9","0",-0.0886171615857814,0.252687321735568
"T216_TGCTTCGGTGTATTCG","D9","8",-0.0850239288429638,-0.0822377248711595
"T216_TGCTTGCCATGTCTAG","D9","8",-0.133587578937488,0.0625404469704461
"T216_TGCTTGCTCTACCAGA","D9","9",0.951521392966625,0.348314453069219
"T216_TGGAACTAGCTCGTGC","D9","8",-0.166879106127986,0.0540176931920979
"T216_TGGAACTGTATAGCTC","D9","8",0.0242681015491615,0.152007295315379
"T216_TGGAACTTCACTGTCC","D9","8",0.000170837373498529,0.147252304958987
"T216_TGGAACTTCAGATTGC","D9","8",-0.114280695892086,-0.295315840814022
"T216_TGGAGAGTCAATCTCT","D9","5",-0.0674813547214469,-0.369057845063678
"T216_TGGATGTAGTTCACTG","D9","0",-0.225864407767729,0.0611757507342498
"T216_TGGCGTGGTGCCTGAC","D9","8",-0.130093328429691,-0.126078011323578
"T216_TGGGAAGAGAGTTGTA","D9","8",0.313389028783713,0.0429329930387289
"T216_TGGGAAGAGTGGTCAG","D9","8",-0.143519103557889,0.143254306875045
"T216_TGGGAAGCACAGTCCG","D9","9",1.48148083719644,-0.891450341567659
"T216_TGGGAAGCACGCGTCA","D9","8",0.0729111930285348,0.039627551333611
"T216_TGGGAGAAGTAAGAGG","D9","8",0.150350650905236,0.230527117092948
"T216_TGGGAGAGTTGTGGCC","D9","8",-0.112372565620011,0.0895430017957762
"T216_TGGTACATCGGTCTAA","D9","8",-0.13154033642947,-0.0718345909303421
"T216_TGGTACATCTGTAAGC","D9","8",-0.114922685561523,0.218661559326147
"T216_TGGTGATAGTCCCTAA","D9","8",-0.0589471792003433,0.0279812180020621
"T216_TGGTTAGGTCTTCAAG","D9","8",-0.135348023967177,0.0877055027573012
"T216_TGTAACGGTCAAGCCC","D9","8",-0.0916723125269894,-0.0721502329123636
"T216_TGTAAGCAGTAAACAC","D9","8",-0.17189743117708,0.104534483909512
"T216_TGTAAGCTCAACCTCC","D9","8",-0.16556244705223,0.0377192747805087
"T216_TGTAAGCTCACTTGGA","D9","8",-0.159883816061181,0.218412710344465
"T216_TGTACAGAGAGCATAT","D9","5",-0.164169115323457,-0.269716039220106
"T216_TGTAGACAGCGCTGCT","D9","8",-0.138308616770733,0.0632946549986221
"T216_TGTCAGATCATTCACT","D9","8",0.0741197601362593,-0.0312215131361441
"T216_TGTCAGATCCTCTAGC","D9","8",-0.152309937260641,0.0836963289198249
"T216_TGTCCACCAGACCAGA","D9","8",-0.175964218104693,-0.0327313302401978
"T216_TGTCCCACATAGGCGA","D9","8",-0.113007049984635,0.352566560900031
"T216_TGTCCCATCATTGCGA","D9","8",-0.115999125977984,0.0414243959589181
"T216_TGTCCTGAGGATTCCT","D9","3",0.00431651434190982,-0.650806740040816
"T216_TGTGAGTGTATGCGTT","D9","8",-0.213448255578145,0.338692254880528
"T216_TGTGCGGCAGATCCAT","D9","8",-0.046878382034418,0.0714630365279105
"T216_TGTGGCGCAAACTGCT","D9","8",-0.119993976421278,0.207689895445018
"T216_TGTTACTGTATTTCGG","D9","8",0.159082742377023,0.0374559028500962
"T216_TGTTACTTCATTACGG","D9","5",-0.15766569603727,-0.0695374333538534
"T216_TGTTCATAGAACTCCT","D9","3",-0.151706374031068,-0.516796094803369
"T216_TGTTCATGTGTCCGTG","D9","8",-0.18464868440539,0.132361981964766
"T216_TGTTCCGAGTTGCATC","D9","8",-0.0663772118479281,0.293431950305709
"T216_TGTTCTATCACCTCGT","D9","8",0.00902928523050039,-0.00100111136193042
"T216_TGTTGAGGTACTGCCG","D9","8",-0.00687993188019179,-0.0198315339397889
"T216_TGTTGGAAGAGCATAT","D9","8",-0.0180674351937567,0.02198054615855
"T216_TGTTGGATCCGAGTGC","D9","8",-0.135450671244246,0.345688103586396
"T216_TTACCATCAAGACTGG","D9","8",-0.14686857271256,0.0462385060875206
"T216_TTACCATTCGTGTCAA","D9","8",-0.157904288165124,-0.026612937004641
"T216_TTACCGCCAAATTAGG","D9","8",-0.116425713757582,0.130453982601533
"T216_TTACCGCCAACGGTAG","D9","8",-0.129583963993115,0.114852639430636
"T216_TTACGCCAGAGATTCA","D9","8",-0.116849758265303,-0.135248764217756
"T216_TTACGCCTCATTGCTT","D9","3",-0.0860670091783243,-0.951431696320124
"T216_TTACGCCTCGTCAAAC","D9","8",0.00749380949562623,0.0444023075247208
"T216_TTAGGGTAGCTGACTT","D9","8",-0.035854718120249,0.00665813521133077
"T216_TTAGGGTGTACTCGTA","D9","8",-0.0900347586142204,0.0469068584015827
"T216_TTAGGGTTCTACGCGG","D9","8",-0.178390286919602,0.0648139162780471
"T216_TTAGTCTCACCGTCTT","D9","8",-0.0932349451329737,0.255921213789863
"T216_TTATTGCAGTTTGAGA","D9","8",-0.0237233015157192,0.0168607666589345
"T216_TTCAGGACACGACGAA","D9","8",-0.105021410212109,-0.107103239335575
"T216_TTCAGGACATCCGTTC","D9","8",-0.0832451762750451,-0.0830371083185431
"T216_TTCAGGAGTACCTATG","D9","8",-0.144747942732837,-0.123021554444986
"T216_TTCAGGATCGCATGAT","D9","8",0.036281710866401,0.0531033315634663
"T216_TTCATGTCAGACTGCC","D9","8",-0.0689298922083594,-0.0157239604442657
"T216_TTCATTGGTAGTTAGA","D9","9",0.819929751433413,0.245895812666518
"T216_TTCCAATAGCTGTACT","D9","8",-0.113146961676088,0.0494276011696618
"T216_TTCCGGTTCCGGTAAT","D9","8",-0.103339734721138,0.0804013251378524
"T216_TTCCTAAAGCCTAACT","D9","8",-0.0659433913186018,-0.0308852338564723
"T216_TTCCTCTCAAACTCTG","D9","8",-0.0690596935482832,0.0543291153782073
"T216_TTCCTTCAGTTGCATC","D9","3",0.139537607538317,-1.08854182712757
"T216_TTCCTTCTCGTGGCTG","D9","8",-0.122941686056952,-0.0271834259237439
"T216_TTCGCTGAGGTCCGAA","D9","8",-0.0770507328458289,-0.0682844335344091
"T216_TTCGCTGCACTAACCA","D9","8",-0.0253330705569894,-0.307774366495675
"T216_TTCGGTCAGTGCACCC","D9","8",-0.0141914516163681,0.00491680935246394
"T216_TTCGGTCCAATAGGAT","D9","8",0.0539292247286665,0.195560469337859
"T216_TTCTAACGTTCGGCCA","D9","8",-0.0884538730912636,0.180675670881643
"T216_TTCTCTCAGTAGTCTC","D9","8",-0.16131481701565,-0.184009194328845
"T216_TTCTGTAAGCCGATTT","D9","8",-0.116970914722046,-0.122297899903525
"T216_TTCTGTACATGATGCT","D9","8",-0.0810225198637744,0.0654197169900545
"T216_TTCTGTAGTCTTAGTG","D9","5",0.00612585610205447,-0.518647709711969
"T216_TTCTTCCAGACTAGAT","D9","8",-0.184012949478738,0.143369542683813
"T216_TTCTTGACACATGTTG","D9","0",-0.054274162017851,0.28954573749204
"T216_TTGAGTGAGACAACTA","D9","8",-0.16322170248295,-0.0529085573747857
"T216_TTGAGTGCAGTTACCA","D9","3",-0.183532261558509,-0.633862124789784
"T216_TTGATGGGTAGCTTGT","D9","8",0.109084576931974,0.141900820756967
"T216_TTGCATTCAAGTATCC","D9","8",-0.0357375886431122,-0.0135640381007389
"T216_TTGCATTCACATATGC","D9","8",-0.162775707618942,-0.0509590754737031
"T216_TTGCCTGAGGCTATCT","D9","4",2.91046375926301,-0.665607807932371
"T216_TTGCGTCGTCGACTTA","D9","8",0.15757302376457,0.46069103374025
"T216_TTGCTGCAGCAACAGC","D9","8",-0.143871735129338,0.0706566186416981
"T216_TTGCTGCGTGAGAGGG","D9","8",0.172456921189735,-0.0394570690342934
"T216_TTGGATGGTCTGGTTA","D9","8",-0.195949064448518,-0.113158381497493
"T216_TTGGTTTTCCAGTACA","D9","8",-0.0976726596188569,-0.358608872032141
"T216_TTGTGGAAGAGACAAG","D9","8",-0.0607871560468345,0.0736240913563481
"T216_TTGTGGAGTCACTCTC","D9","8",0.118247217617218,0.264792670313346
"T216_TTGTGGAGTTTACCAG","D9","8",-0.164323855585498,0.00314274699455993
"T216_TTGTTCATCTAGACAC","D9","8",-0.0935839756471178,0.00250150104499777
"T216_TTGTTGTAGCTTTCCC","D9","8",-0.140180057275712,0.0214179375394376
"T216_TTGTTGTAGGAGCTGT","D9","8",-0.0941670291250773,-0.0638664365712364
"T216_TTGTTGTGTATTCCTT","D9","8",-0.126770472075253,0.0679897406353731
"T216_TTGTTGTGTTGGGAAC","D9","8",-0.190222144810004,0.00562949514176263
"T216_TTTACCAGTGATAGTA","D9","3",-0.117233510994863,-0.82618183424856
"T216_TTTACGTTCGTAACAC","D9","5",-0.131423364992464,-0.559424496562537
"T216_TTTACTGGTCTCGGAC","D9","8",0.0584484150259082,-0.0699595861857571
"T216_TTTACTGGTGCGAACA","D9","8",0.0384798699746049,0.349782924586237
"T216_TTTATGCAGCTGTTAC","D9","8",-0.163524538383321,-0.255240559671203
"T216_TTTATGCCATACAGAA","D9","8",-0.154416025273805,0.0801897610416278
"T216_TTTATGCTCCCTAGGG","D9","8",-0.122896411580122,-0.0251547495099102
"T216_TTTATGCTCGGAATGG","D9","8",-0.135836454268537,0.0903515225064574
"T216_TTTCAGTGTTCCCAAA","D9","8",-0.116168311070688,-0.0946492207756346
"T216_TTTCATGGTCTCGACG","D9","3",-0.197449875623359,-0.942139734514919
"T216_TTTCCTCCAAGCGCTC","D9","5",0.0656287239454804,-0.751016409269492
"T216_TTTCCTCCAATTCTTC","D9","3",-0.0873487442452746,-0.986165147364761
"T216_TTTGATCTCGGAATTC","D9","8",-0.131159201243858,0.231552206550839
"T216_TTTGGTTAGTCAAGCG","D9","8",-0.0920716040596817,0.0846557092790326
"T216_TTTGGTTCAATCTGCA","D9","8",-0.0554766276376687,-0.0230122816822522
"T216_TTTGGTTCATATTCGG","D9","8",0.0340823877370358,0.0926751195404814
"T216_TTTGTTGCAGAACCGA","D9","8",-0.157970946957556,0.0269627198930947
