dataset,panel,condition,time_days,method,seed,artifact,status,returncode,runtime_seconds,failure_reason,truth,cross_entropy,sinkhorn_divergence,top1_accuracy,multiclass_brier,predicted_confidence,observed_probability_of_predicted_class
GSE239651_expt2,gse239651_dmso_day3,DMSO,3,source-carry-forward,20260916,results/B3_prospective_composition/external_dynamics/source-carry-forward/gse239651_dmso_day3_seed20260916.npz,success,0,0.1561231999994561,,data/derived/b3/evaluation_truth/gse239651_dmso_day3.npz,0.9453034735830608,0.0057580065874268,1.0,0.0011126460665103,0.4926808866583019,0.4988059136035543
GSE239651_expt2,gse239651_dmso_day3,DMSO,3,development-target-transfer,20260916,results/B3_prospective_composition/external_dynamics/development-target-transfer/gse239651_dmso_day3_seed20260916.npz,success,0,0.1614518000005773,,data/derived/b3/evaluation_truth/gse239651_dmso_day3.npz,0.9513839598786596,0.0147489786815011,0.0,0.0054947247353515,0.4816428460633097,0.4261546744573385
GSE239651_expt2,gse239651_dmso_day3,DMSO,3,prescient,20260916,results/B3_prospective_composition/external_dynamics/prescient/gse239651_dmso_day3_seed20260916.npz,success,0,16.968943099999706,,data/derived/b3/evaluation_truth/gse239651_dmso_day3.npz,0.988116830378835,0.0484359552541962,1.0,0.002259532277463,0.4724089421155231,0.4988059136035543
GSE239651_expt2,gse239651_dmso_day3,DMSO,3,prescient,20260917,results/B3_prospective_composition/external_dynamics/prescient/gse239651_dmso_day3_seed20260917.npz,success,0,16.857099100000596,,data/derived/b3/evaluation_truth/gse239651_dmso_day3.npz,0.989816494885139,0.0498232219979004,1.0,0.0025637870877154,0.4687732618303143,0.4988059136035543
GSE239651_expt2,gse239651_dmso_day3,DMSO,3,prescient,20260918,results/B3_prospective_composition/external_dynamics/prescient/gse239651_dmso_day3_seed20260918.npz,success,0,17.230403200000183,,data/derived/b3/evaluation_truth/gse239651_dmso_day3.npz,0.9870363226600358,0.0473019104429932,1.0,0.0023029091613764,0.4708839190772702,0.4988059136035543
GSE239651_expt2,gse239651_dmso_day3,DMSO,3,prescient,20260919,results/B3_prospective_composition/external_dynamics/prescient/gse239651_dmso_day3_seed20260919.npz,success,0,17.66758740000023,,data/derived/b3/evaluation_truth/gse239651_dmso_day3.npz,0.9881711142543196,0.0494100277006611,1.0,0.0025739836546477,0.4670185949681439,0.4988059136035543
GSE239651_expt2,gse239651_dmso_day3,DMSO,3,prescient,20260920,results/B3_prospective_composition/external_dynamics/prescient/gse239651_dmso_day3_seed20260920.npz,success,0,18.999660499999663,,data/derived/b3/evaluation_truth/gse239651_dmso_day3.npz,0.9892621542786588,0.0506210759415023,1.0,0.0025929635205282,0.466795195598927,0.4988059136035543
GSE239651_expt2,gse239651_dmso_day3,DMSO,3,tigon,20260916,results/B3_prospective_composition/external_dynamics/tigon/gse239651_dmso_day3_seed20260916.npz,success,0,115.63007089999974,,data/derived/b3/evaluation_truth/gse239651_dmso_day3.npz,0.9521334769425784,0.0133843641894747,1.0,0.0009111063496398,0.4878957221360244,0.4988059136035543
GSE239651_expt2,gse239651_dmso_day3,DMSO,3,tigon,20260917,results/B3_prospective_composition/external_dynamics/tigon/gse239651_dmso_day3_seed20260917.npz,success,0,115.80890920000002,,data/derived/b3/evaluation_truth/gse239651_dmso_day3.npz,0.9474000160733492,0.0073169499488512,1.0,0.0009260749834626,0.4926599034907111,0.4988059136035543
GSE239651_expt2,gse239651_dmso_day3,DMSO,3,tigon,20260918,results/B3_prospective_composition/external_dynamics/tigon/gse239651_dmso_day3_seed20260918.npz,success,0,117.5844432999993,,data/derived/b3/evaluation_truth/gse239651_dmso_day3.npz,0.9451291075523968,0.0055338298552435,1.0,0.0008980462270904,0.4920881470974,0.4988059136035543
GSE239651_expt2,gse239651_dmso_day3,DMSO,3,tigon,20260919,results/B3_prospective_composition/external_dynamics/tigon/gse239651_dmso_day3_seed20260919.npz,success,0,120.40731559999948,,data/derived/b3/evaluation_truth/gse239651_dmso_day3.npz,0.9530187402299086,0.0125342684506611,1.0,0.000844339914709,0.4887744256472024,0.4988059136035543
GSE239651_expt2,gse239651_dmso_day3,DMSO,3,tigon,20260920,results/B3_prospective_composition/external_dynamics/tigon/gse239651_dmso_day3_seed20260920.npz,success,0,117.94565039999998,,data/derived/b3/evaluation_truth/gse239651_dmso_day3.npz,0.9507245634793974,0.0109625506650411,1.0,0.0009432315189906,0.4902440732365118,0.4988059136035543
GSE239651_expt2,gse239651_dmso_day3,DMSO,3,mioflow,20260916,results/B3_prospective_composition/external_dynamics/mioflow/gse239651_dmso_day3_seed20260916.npz,success,0,14.598558699999558,,data/derived/b3/evaluation_truth/gse239651_dmso_day3.npz,0.9962334672608402,0.0221656330970374,1.0,0.0035618650299663,0.5324678517898098,0.4988059136035543
GSE239651_expt2,gse239651_dmso_day3,DMSO,3,mioflow,20260917,results/B3_prospective_composition/external_dynamics/mioflow/gse239651_dmso_day3_seed20260917.npz,success,0,13.951207300000531,,data/derived/b3/evaluation_truth/gse239651_dmso_day3.npz,1.0050423152604069,0.0307861149677218,1.0,0.0036466455617465,0.4948169892103535,0.4988059136035543
GSE239651_expt2,gse239651_dmso_day3,DMSO,3,mioflow,20260918,results/B3_prospective_composition/external_dynamics/mioflow/gse239651_dmso_day3_seed20260918.npz,success,0,12.65088199999991,,data/derived/b3/evaluation_truth/gse239651_dmso_day3.npz,0.9906237654754012,0.0221783146710876,1.0,0.0030228590675321,0.5098755355330548,0.4988059136035543
GSE239651_expt2,gse239651_dmso_day3,DMSO,3,mioflow,20260919,results/B3_prospective_composition/external_dynamics/mioflow/gse239651_dmso_day3_seed20260919.npz,success,0,13.814521600000262,,data/derived/b3/evaluation_truth/gse239651_dmso_day3.npz,0.9550429379275278,0.0119957933934749,1.0,0.0028224297216845,0.4823166601434933,0.4988059136035543
GSE239651_expt2,gse239651_dmso_day3,DMSO,3,mioflow,20260920,results/B3_prospective_composition/external_dynamics/mioflow/gse239651_dmso_day3_seed20260920.npz,success,0,12.666965100000198,,data/derived/b3/evaluation_truth/gse239651_dmso_day3.npz,0.989576019497666,0.0371476887226505,1.0,0.0026561374181277,0.4949083387025383,0.4988059136035543
GSE239651_expt2,gse239651_dmso_day6,DMSO,6,source-carry-forward,20260916,results/B3_prospective_composition/external_dynamics/source-carry-forward/gse239651_dmso_day6_seed20260916.npz,success,0,0.1849554000000353,,data/derived/b3/evaluation_truth/gse239651_dmso_day6.npz,1.0432801252777673,0.0422153065329133,1.0,0.0541439647402735,0.4926808866583019,0.6176214376594862
GSE239651_expt2,gse239651_dmso_day6,DMSO,6,development-target-transfer,20260916,results/B3_prospective_composition/external_dynamics/development-target-transfer/gse239651_dmso_day6_seed20260916.npz,success,0,0.1975183000004108,,data/derived/b3/evaluation_truth/gse239651_dmso_day6.npz,0.964639344856504,0.0132550046481408,1.0,0.0054901443327234,0.6582079680142631,0.6176214376594862
GSE239651_expt2,gse239651_dmso_day6,DMSO,6,prescient,20260916,results/B3_prospective_composition/external_dynamics/prescient/gse239651_dmso_day6_seed20260916.npz,success,0,18.23375170000054,,data/derived/b3/evaluation_truth/gse239651_dmso_day6.npz,1.021477522156026,0.0600155910432542,1.0,0.0236788267797141,0.510575181489289,0.6176214376594862
GSE239651_expt2,gse239651_dmso_day6,DMSO,6,prescient,20260917,results/B3_prospective_composition/external_dynamics/prescient/gse239651_dmso_day6_seed20260917.npz,success,0,17.320406599999842,,data/derived/b3/evaluation_truth/gse239651_dmso_day6.npz,1.0223202622410534,0.0605280658686593,1.0,0.0234920286573976,0.5118253580002352,0.6176214376594862
GSE239651_expt2,gse239651_dmso_day6,DMSO,6,prescient,20260918,results/B3_prospective_composition/external_dynamics/prescient/gse239651_dmso_day6_seed20260918.npz,success,0,17.21284259999993,,data/derived/b3/evaluation_truth/gse239651_dmso_day6.npz,1.0223459302433011,0.0599071013628854,1.0,0.0239262161997716,0.5110586706256468,0.6176214376594862
GSE239651_expt2,gse239651_dmso_day6,DMSO,6,prescient,20260919,results/B3_prospective_composition/external_dynamics/prescient/gse239651_dmso_day6_seed20260919.npz,success,0,17.633608499999355,,data/derived/b3/evaluation_truth/gse239651_dmso_day6.npz,1.019392034281461,0.0585772074998889,1.0,0.0225947070426399,0.5135040569046084,0.6176214376594862
GSE239651_expt2,gse239651_dmso_day6,DMSO,6,prescient,20260920,results/B3_prospective_composition/external_dynamics/prescient/gse239651_dmso_day6_seed20260920.npz,success,0,17.563787300000513,,data/derived/b3/evaluation_truth/gse239651_dmso_day6.npz,1.0209650708717106,0.060448827634423,1.0,0.0232885959366488,0.5100479382843922,0.6176214376594862
GSE239651_expt2,gse239651_dmso_day6,DMSO,6,tigon,20260916,results/B3_prospective_composition/external_dynamics/tigon/gse239651_dmso_day6_seed20260916.npz,success,0,121.35117600000012,,data/derived/b3/evaluation_truth/gse239651_dmso_day6.npz,1.0457180002094923,0.0480520131433918,1.0,0.0531086120818408,0.4876494949733294,0.6176214376594862
GSE239651_expt2,gse239651_dmso_day6,DMSO,6,tigon,20260917,results/B3_prospective_composition/external_dynamics/tigon/gse239651_dmso_day6_seed20260917.npz,success,0,116.50757129999964,,data/derived/b3/evaluation_truth/gse239651_dmso_day6.npz,1.0443281132316218,0.0437239352823244,1.0,0.0529785973105019,0.4919053813817278,0.6176214376594862
GSE239651_expt2,gse239651_dmso_day6,DMSO,6,tigon,20260918,results/B3_prospective_composition/external_dynamics/tigon/gse239651_dmso_day6_seed20260918.npz,success,0,107.0824107999997,,data/derived/b3/evaluation_truth/gse239651_dmso_day6.npz,1.0400927214989828,0.0415113746514258,1.0,0.0529438574794169,0.4920759780713918,0.6176214376594862
GSE239651_expt2,gse239651_dmso_day6,DMSO,6,tigon,20260919,results/B3_prospective_composition/external_dynamics/tigon/gse239651_dmso_day6_seed20260919.npz,success,0,106.08582360000035,,data/derived/b3/evaluation_truth/gse239651_dmso_day6.npz,1.0421299204079324,0.0434164596500704,1.0,0.0522938501118152,0.4930823606107981,0.6176214376594862
GSE239651_expt2,gse239651_dmso_day6,DMSO,6,tigon,20260920,results/B3_prospective_composition/external_dynamics/tigon/gse239651_dmso_day6_seed20260920.npz,success,0,110.6642585999998,,data/derived/b3/evaluation_truth/gse239651_dmso_day6.npz,1.0455438105838946,0.0455950233058628,1.0,0.0535257944262386,0.4889331995752559,0.6176214376594862
GSE239651_expt2,gse239651_dmso_day6,DMSO,6,mioflow,20260916,results/B3_prospective_composition/external_dynamics/mioflow/gse239651_dmso_day6_seed20260916.npz,success,0,14.926148600000488,,data/derived/b3/evaluation_truth/gse239651_dmso_day6.npz,0.9867712479737538,0.0294825697651997,1.0,0.0096100424902748,0.6966248769335501,0.6176214376594862
GSE239651_expt2,gse239651_dmso_day6,DMSO,6,mioflow,20260917,results/B3_prospective_composition/external_dynamics/mioflow/gse239651_dmso_day6_seed20260917.npz,success,0,14.69445739999992,,data/derived/b3/evaluation_truth/gse239651_dmso_day6.npz,0.9761577795254678,0.0231087803502442,1.0,0.0018909468706494,0.6143396372529065,0.6176214376594862
GSE239651_expt2,gse239651_dmso_day6,DMSO,6,mioflow,20260918,results/B3_prospective_composition/external_dynamics/mioflow/gse239651_dmso_day6_seed20260918.npz,success,0,13.91017599999941,,data/derived/b3/evaluation_truth/gse239651_dmso_day6.npz,0.9924476010080994,0.0278741835829767,1.0,0.0070663822641806,0.6826069279900315,0.6176214376594862
GSE239651_expt2,gse239651_dmso_day6,DMSO,6,mioflow,20260919,results/B3_prospective_composition/external_dynamics/mioflow/gse239651_dmso_day6_seed20260919.npz,success,0,14.022097099999884,,data/derived/b3/evaluation_truth/gse239651_dmso_day6.npz,0.968150597485614,0.0125342033566239,1.0,0.0026068460292203,0.6289428350698956,0.6176214376594862
GSE239651_expt2,gse239651_dmso_day6,DMSO,6,mioflow,20260920,results/B3_prospective_composition/external_dynamics/mioflow/gse239651_dmso_day6_seed20260920.npz,success,0,13.102705799999969,,data/derived/b3/evaluation_truth/gse239651_dmso_day6.npz,0.9999722640493784,0.0470771822545301,1.0,0.0073075947151736,0.5747050156005142,0.6176214376594862
GSE239651_expt2,gse239651_dmso_day69,DMSO,69,source-carry-forward,20260916,results/B3_prospective_composition/external_dynamics/source-carry-forward/gse239651_dmso_day69_seed20260916.npz,success,0,0.2196296000001893,,data/derived/b3/evaluation_truth/gse239651_dmso_day69.npz,0.905026595273441,0.0720306082192917,1.0,0.204327930688437,0.4926808866583019,0.8021281364766628
GSE239651_expt2,gse239651_dmso_day69,DMSO,69,development-target-transfer,20260916,results/B3_prospective_composition/external_dynamics/development-target-transfer/gse239651_dmso_day69_seed20260916.npz,success,0,0.1586776000003738,,data/derived/b3/evaluation_truth/gse239651_dmso_day69.npz,0.7632222554906667,0.0693790297893027,1.0,0.0511871607876314,0.6064397700106587,0.8021281364766628
GSE239651_expt2,gse239651_dmso_day69,DMSO,69,prescient,20260916,results/B3_prospective_composition/external_dynamics/prescient/gse239651_dmso_day69_seed20260916.npz,success,0,17.763366000000133,,data/derived/b3/evaluation_truth/gse239651_dmso_day69.npz,0.9067866721940832,0.1155175354670177,1.0,0.1581866743059591,0.4850253825976808,0.8021281364766628
GSE239651_expt2,gse239651_dmso_day69,DMSO,69,prescient,20260917,results/B3_prospective_composition/external_dynamics/prescient/gse239651_dmso_day69_seed20260917.npz,success,0,17.281015699999443,,data/derived/b3/evaluation_truth/gse239651_dmso_day69.npz,0.9035112164362826,0.1148593617033118,1.0,0.1563726637811303,0.4868666898477572,0.8021281364766628
GSE239651_expt2,gse239651_dmso_day69,DMSO,69,prescient,20260918,results/B3_prospective_composition/external_dynamics/prescient/gse239651_dmso_day69_seed20260918.npz,success,0,16.85154969999985,,data/derived/b3/evaluation_truth/gse239651_dmso_day69.npz,0.9040541804832004,0.113137478804419,1.0,0.158810373192059,0.4858750746876506,0.8021281364766628
GSE239651_expt2,gse239651_dmso_day69,DMSO,69,prescient,20260919,results/B3_prospective_composition/external_dynamics/prescient/gse239651_dmso_day69_seed20260919.npz,success,0,17.224731799999972,,data/derived/b3/evaluation_truth/gse239651_dmso_day69.npz,0.901981319722351,0.1138840999224217,1.0,0.1561260197453837,0.4877805967397692,0.8021281364766628
GSE239651_expt2,gse239651_dmso_day69,DMSO,69,prescient,20260920,results/B3_prospective_composition/external_dynamics/prescient/gse239651_dmso_day69_seed20260920.npz,success,0,16.87041489999956,,data/derived/b3/evaluation_truth/gse239651_dmso_day69.npz,0.9022455285621018,0.1148544099874131,1.0,0.1551669661087373,0.4866110606416382,0.8021281364766628
GSE239651_expt2,gse239651_dmso_day69,DMSO,69,tigon,20260916,results/B3_prospective_composition/external_dynamics/tigon/gse239651_dmso_day69_seed20260916.npz,success,0,105.98453539999991,,data/derived/b3/evaluation_truth/gse239651_dmso_day69.npz,0.9096970106701734,0.0794703314092915,1.0,0.2037178663332163,0.4877346395953086,0.8021281364766628
GSE239651_expt2,gse239651_dmso_day69,DMSO,69,tigon,20260917,results/B3_prospective_composition/external_dynamics/tigon/gse239651_dmso_day69_seed20260917.npz,success,0,103.9811552000001,,data/derived/b3/evaluation_truth/gse239651_dmso_day69.npz,0.9060121931522171,0.0749670902847424,1.0,0.2022733186015859,0.4922389470481609,0.8021281364766628
GSE239651_expt2,gse239651_dmso_day69,DMSO,69,tigon,20260918,results/B3_prospective_composition/external_dynamics/tigon/gse239651_dmso_day69_seed20260918.npz,success,0,105.9265863999999,,data/derived/b3/evaluation_truth/gse239651_dmso_day69.npz,0.9028858670419416,0.0723898902514691,1.0,0.2023411864973956,0.4925225324865365,0.8021281364766628
GSE239651_expt2,gse239651_dmso_day69,DMSO,69,tigon,20260919,results/B3_prospective_composition/external_dynamics/tigon/gse239651_dmso_day69_seed20260919.npz,success,0,101.50770660000036,,data/derived/b3/evaluation_truth/gse239651_dmso_day69.npz,0.9042311439382232,0.074638090652598,1.0,0.2012983182587824,0.4925440840751736,0.8021281364766628
GSE239651_expt2,gse239651_dmso_day69,DMSO,69,tigon,20260920,results/B3_prospective_composition/external_dynamics/tigon/gse239651_dmso_day69_seed20260920.npz,success,0,104.91881490000014,,data/derived/b3/evaluation_truth/gse239651_dmso_day69.npz,0.9085035893131652,0.0766434869472568,1.0,0.2038049525123659,0.4894688660847203,0.8021281364766628
GSE239651_expt2,gse239651_dmso_day69,DMSO,69,mioflow,20260916,results/B3_prospective_composition/external_dynamics/mioflow/gse239651_dmso_day69_seed20260916.npz,success,0,14.52330400000028,,data/derived/b3/evaluation_truth/gse239651_dmso_day69.npz,0.7872586211634485,0.0907233147857463,1.0,0.0524870644686214,0.6109203265955916,0.8021281364766628
GSE239651_expt2,gse239651_dmso_day69,DMSO,69,mioflow,20260917,results/B3_prospective_composition/external_dynamics/mioflow/gse239651_dmso_day69_seed20260917.npz,success,0,14.84278539999923,,data/derived/b3/evaluation_truth/gse239651_dmso_day69.npz,0.8394467595871631,0.0967490948339089,1.0,0.1043293802992651,0.5354172852577387,0.8021281364766628
GSE239651_expt2,gse239651_dmso_day69,DMSO,69,mioflow,20260918,results/B3_prospective_composition/external_dynamics/mioflow/gse239651_dmso_day69_seed20260918.npz,success,0,13.503484500000011,,data/derived/b3/evaluation_truth/gse239651_dmso_day69.npz,0.7918003016581237,0.0911644217815995,1.0,0.0621905161892407,0.5960795075904457,0.8021281364766628
GSE239651_expt2,gse239651_dmso_day69,DMSO,69,mioflow,20260919,results/B3_prospective_composition/external_dynamics/mioflow/gse239651_dmso_day69_seed20260919.npz,success,0,14.792220300000736,,data/derived/b3/evaluation_truth/gse239651_dmso_day69.npz,0.7843198586891725,0.0678850865180176,1.0,0.0783023425354155,0.5780105851966212,0.8021281364766628
GSE239651_expt2,gse239651_dmso_day69,DMSO,69,mioflow,20260920,results/B3_prospective_composition/external_dynamics/mioflow/gse239651_dmso_day69_seed20260920.npz,success,0,13.586769199999251,,data/derived/b3/evaluation_truth/gse239651_dmso_day69.npz,0.8123924618593176,0.084435427565002,1.0,0.0921960856769879,0.5585920208262981,0.8021281364766628
GSE239651_expt2,gse239651_dmso_day98,DMSO,98,source-carry-forward,20260916,results/B3_prospective_composition/external_dynamics/source-carry-forward/gse239651_dmso_day98_seed20260916.npz,success,0,0.2158336000002236,,data/derived/b3/evaluation_truth/gse239651_dmso_day98.npz,0.994094655963954,0.033227232366992,1.0,0.0368181356973505,0.4926808866583019,0.5987536866494686
GSE239651_expt2,gse239651_dmso_day98,DMSO,98,development-target-transfer,20260916,results/B3_prospective_composition/external_dynamics/development-target-transfer/gse239651_dmso_day98_seed20260916.npz,success,0,0.1661822000005486,,data/derived/b3/evaluation_truth/gse239651_dmso_day98.npz,1.0183799358048429,0.0626060625227409,1.0,0.0171207989199834,0.5181380795350384,0.5987536866494686
GSE239651_expt2,gse239651_dmso_day98,DMSO,98,prescient,20260916,results/B3_prospective_composition/external_dynamics/prescient/gse239651_dmso_day98_seed20260916.npz,success,0,18.396034000000327,,data/derived/b3/evaluation_truth/gse239651_dmso_day98.npz,1.0361537987184122,0.0833812886536702,1.0,0.0315977588730373,0.4613177348043422,0.5987536866494686
GSE239651_expt2,gse239651_dmso_day98,DMSO,98,prescient,20260917,results/B3_prospective_composition/external_dynamics/prescient/gse239651_dmso_day98_seed20260917.npz,success,0,17.86212599999999,,data/derived/b3/evaluation_truth/gse239651_dmso_day98.npz,1.0366309020954825,0.0838291069229871,1.0,0.0312851102595558,0.462554433715145,0.5987536866494686
GSE239651_expt2,gse239651_dmso_day98,DMSO,98,prescient,20260918,results/B3_prospective_composition/external_dynamics/prescient/gse239651_dmso_day98_seed20260918.npz,success,0,17.750324900000123,,data/derived/b3/evaluation_truth/gse239651_dmso_day98.npz,1.0355081935653916,0.0832024685785667,1.0,0.0314164566454223,0.462018745957656,0.5987536866494686
GSE239651_expt2,gse239651_dmso_day98,DMSO,98,prescient,20260919,results/B3_prospective_composition/external_dynamics/prescient/gse239651_dmso_day98_seed20260919.npz,success,0,17.46751789999962,,data/derived/b3/evaluation_truth/gse239651_dmso_day98.npz,1.0345819205947353,0.0839688516455,1.0,0.03004070313915,0.4640391966272524,0.5987536866494686
GSE239651_expt2,gse239651_dmso_day98,DMSO,98,prescient,20260920,results/B3_prospective_composition/external_dynamics/prescient/gse239651_dmso_day98_seed20260920.npz,success,0,17.304312700000082,,data/derived/b3/evaluation_truth/gse239651_dmso_day98.npz,1.0367795670619897,0.0856431908998516,1.0,0.0304758743485865,0.4619093279272103,0.5987536866494686
GSE239651_expt2,gse239651_dmso_day98,DMSO,98,tigon,20260916,results/B3_prospective_composition/external_dynamics/tigon/gse239651_dmso_day98_seed20260916.npz,success,0,122.23007440000038,,data/derived/b3/evaluation_truth/gse239651_dmso_day98.npz,0.9961311493271858,0.0395211441503247,1.0,0.0353309034699373,0.4893518500291517,0.5987536866494686
GSE239651_expt2,gse239651_dmso_day98,DMSO,98,tigon,20260917,results/B3_prospective_composition/external_dynamics/tigon/gse239651_dmso_day98_seed20260917.npz,success,0,133.0048740000002,,data/derived/b3/evaluation_truth/gse239651_dmso_day98.npz,0.9942793669235644,0.0343718009671043,1.0,0.0357923499122602,0.4933163184860195,0.5987536866494686
GSE239651_expt2,gse239651_dmso_day98,DMSO,98,tigon,20260918,results/B3_prospective_composition/external_dynamics/tigon/gse239651_dmso_day98_seed20260918.npz,success,0,133.1269975999994,,data/derived/b3/evaluation_truth/gse239651_dmso_day98.npz,0.9916083647675102,0.0340663667713531,1.0,0.0360235961008311,0.4906971715410719,0.5987536866494686
GSE239651_expt2,gse239651_dmso_day98,DMSO,98,tigon,20260919,results/B3_prospective_composition/external_dynamics/tigon/gse239651_dmso_day98_seed20260919.npz,success,0,133.16438820000076,,data/derived/b3/evaluation_truth/gse239651_dmso_day98.npz,0.9986215270093676,0.0393284965205327,1.0,0.0358262459225888,0.489683784444572,0.5987536866494686
GSE239651_expt2,gse239651_dmso_day98,DMSO,98,tigon,20260920,results/B3_prospective_composition/external_dynamics/tigon/gse239651_dmso_day98_seed20260920.npz,success,0,134.2977045000007,,data/derived/b3/evaluation_truth/gse239651_dmso_day98.npz,0.9955591024797272,0.0365010158598626,1.0,0.0362147925663268,0.4901004721492327,0.5987536866494686
GSE239651_expt2,gse239651_dmso_day98,DMSO,98,mioflow,20260916,results/B3_prospective_composition/external_dynamics/mioflow/gse239651_dmso_day98_seed20260916.npz,success,0,13.158562699999491,,data/derived/b3/evaluation_truth/gse239651_dmso_day98.npz,1.0224475921410483,0.065388434698078,1.0,0.0069152953159737,0.5870589676829496,0.5987536866494686
GSE239651_expt2,gse239651_dmso_day98,DMSO,98,mioflow,20260917,results/B3_prospective_composition/external_dynamics/mioflow/gse239651_dmso_day98_seed20260917.npz,success,0,14.319500599999628,,data/derived/b3/evaluation_truth/gse239651_dmso_day98.npz,1.0295030076015743,0.0638156009877749,1.0,0.0117659649590919,0.5449879273785067,0.5987536866494686
GSE239651_expt2,gse239651_dmso_day98,DMSO,98,mioflow,20260918,results/B3_prospective_composition/external_dynamics/mioflow/gse239651_dmso_day98_seed20260918.npz,success,0,13.963670500000262,,data/derived/b3/evaluation_truth/gse239651_dmso_day98.npz,1.0223521663431203,0.0507339761611228,1.0,0.0074036866807733,0.5818199040003333,0.5987536866494686
GSE239651_expt2,gse239651_dmso_day98,DMSO,98,mioflow,20260919,results/B3_prospective_composition/external_dynamics/mioflow/gse239651_dmso_day98_seed20260919.npz,success,0,14.330297299999984,,data/derived/b3/evaluation_truth/gse239651_dmso_day98.npz,0.998135221842274,0.0453966291815568,1.0,0.012077768709125,0.5387357246210989,0.5987536866494686
GSE239651_expt2,gse239651_dmso_day98,DMSO,98,mioflow,20260920,results/B3_prospective_composition/external_dynamics/mioflow/gse239651_dmso_day98_seed20260920.npz,success,0,13.118254199999685,,data/derived/b3/evaluation_truth/gse239651_dmso_day98.npz,1.0043230942894543,0.057461030769125,1.0,0.0121024439555332,0.5329693532674215,0.5987536866494686
GSE239651_expt2,gse239651_ispinesib_day3,ispinesib,3,source-carry-forward,20260916,results/B3_prospective_composition/external_dynamics/source-carry-forward/gse239651_ispinesib_day3_seed20260916.npz,success,0,0.2572759000004225,,data/derived/b3/evaluation_truth/gse239651_ispinesib_day3.npz,0.8354442804489903,0.0694115623419238,1.0,0.2276792778685996,0.4926808866583019,0.8364693276245101
GSE239651_expt2,gse239651_ispinesib_day3,ispinesib,3,development-target-transfer,20260916,results/B3_prospective_composition/external_dynamics/development-target-transfer/gse239651_ispinesib_day3_seed20260916.npz,success,0,0.1867031000001588,,data/derived/b3/evaluation_truth/gse239651_ispinesib_day3.npz,0.636907795064926,0.0292859573852665,1.0,0.0119143028967951,0.8055622474979138,0.8364693276245101
GSE239651_expt2,gse239651_ispinesib_day3,ispinesib,3,prescient,20260916,results/B3_prospective_composition/external_dynamics/prescient/gse239651_ispinesib_day3_seed20260916.npz,success,0,22.08064430000013,,data/derived/b3/evaluation_truth/gse239651_ispinesib_day3.npz,0.7472219863409492,0.0892693436432935,1.0,0.1142115091429974,0.5620359599650084,0.8364693276245101
GSE239651_expt2,gse239651_ispinesib_day3,ispinesib,3,prescient,20260917,results/B3_prospective_composition/external_dynamics/prescient/gse239651_ispinesib_day3_seed20260917.npz,success,0,20.677488299999823,,data/derived/b3/evaluation_truth/gse239651_ispinesib_day3.npz,0.7504327558235545,0.0920792760515613,1.0,0.1153732353946578,0.5599088707175622,0.8364693276245101
GSE239651_expt2,gse239651_ispinesib_day3,ispinesib,3,prescient,20260918,results/B3_prospective_composition/external_dynamics/prescient/gse239651_ispinesib_day3_seed20260918.npz,success,0,20.723336900000504,,data/derived/b3/evaluation_truth/gse239651_ispinesib_day3.npz,0.7559797446459916,0.0918704183403168,1.0,0.1207365137813238,0.5548681035241007,0.8364693276245101
GSE239651_expt2,gse239651_ispinesib_day3,ispinesib,3,prescient,20260919,results/B3_prospective_composition/external_dynamics/prescient/gse239651_ispinesib_day3_seed20260919.npz,success,0,21.28973709999991,,data/derived/b3/evaluation_truth/gse239651_ispinesib_day3.npz,0.751555563905548,0.0910900945278862,1.0,0.1177723787320185,0.5582706125189687,0.8364693276245101
GSE239651_expt2,gse239651_ispinesib_day3,ispinesib,3,prescient,20260920,results/B3_prospective_composition/external_dynamics/prescient/gse239651_ispinesib_day3_seed20260920.npz,success,0,21.415869599999496,,data/derived/b3/evaluation_truth/gse239651_ispinesib_day3.npz,0.7524161703598998,0.0926773926224235,1.0,0.1161076948481532,0.5580376564187502,0.8364693276245101
GSE239651_expt2,gse239651_ispinesib_day3,ispinesib,3,tigon,20260916,results/B3_prospective_composition/external_dynamics/tigon/gse239651_ispinesib_day3_seed20260916.npz,success,0,132.31578749999971,,data/derived/b3/evaluation_truth/gse239651_ispinesib_day3.npz,0.8427814256732556,0.0765983546210553,1.0,0.2283620194775748,0.4881882484552207,0.8364693276245101
GSE239651_expt2,gse239651_ispinesib_day3,ispinesib,3,tigon,20260917,results/B3_prospective_composition/external_dynamics/tigon/gse239651_ispinesib_day3_seed20260917.npz,success,0,130.98438579999856,,data/derived/b3/evaluation_truth/gse239651_ispinesib_day3.npz,0.8379110997507561,0.0727085874338132,1.0,0.2273348367522623,0.491026565914162,0.8364693276245101
GSE239651_expt2,gse239651_ispinesib_day3,ispinesib,3,tigon,20260918,results/B3_prospective_composition/external_dynamics/tigon/gse239651_ispinesib_day3_seed20260918.npz,success,0,118.62514700000064,,data/derived/b3/evaluation_truth/gse239651_ispinesib_day3.npz,0.8356117987830278,0.0705535387627701,1.0,0.226674613483055,0.4913475678352953,0.8364693276245101
GSE239651_expt2,gse239651_ispinesib_day3,ispinesib,3,tigon,20260919,results/B3_prospective_composition/external_dynamics/tigon/gse239651_ispinesib_day3_seed20260919.npz,success,0,111.87683459999973,,data/derived/b3/evaluation_truth/gse239651_ispinesib_day3.npz,0.8383913317752819,0.0745785059447318,1.0,0.2255436710835624,0.4917451428758538,0.8364693276245101
GSE239651_expt2,gse239651_ispinesib_day3,ispinesib,3,tigon,20260920,results/B3_prospective_composition/external_dynamics/tigon/gse239651_ispinesib_day3_seed20260920.npz,success,0,112.4667773000001,,data/derived/b3/evaluation_truth/gse239651_ispinesib_day3.npz,0.8375538378855529,0.0717339419772254,1.0,0.2267839093546517,0.4915247666951771,0.8364693276245101
GSE239651_expt2,gse239651_ispinesib_day3,ispinesib,3,mioflow,20260916,results/B3_prospective_composition/external_dynamics/mioflow/gse239651_ispinesib_day3_seed20260916.npz,success,0,12.298813100000189,,data/derived/b3/evaluation_truth/gse239651_ispinesib_day3.npz,0.6135368584097628,0.0577872033080676,1.0,0.0075947681013464,0.764756751043316,0.8364693276245101
GSE239651_expt2,gse239651_ispinesib_day3,ispinesib,3,mioflow,20260917,results/B3_prospective_composition/external_dynamics/mioflow/gse239651_ispinesib_day3_seed20260917.npz,success,0,13.309447600000569,,data/derived/b3/evaluation_truth/gse239651_ispinesib_day3.npz,0.6760299544141531,0.0580318663088776,1.0,0.0701236964656074,0.6273609825669831,0.8364693276245101
GSE239651_expt2,gse239651_ispinesib_day3,ispinesib,3,mioflow,20260918,results/B3_prospective_composition/external_dynamics/mioflow/gse239651_ispinesib_day3_seed20260918.npz,success,0,10.8384786000006,,data/derived/b3/evaluation_truth/gse239651_ispinesib_day3.npz,0.59428046462675,0.0310650785804466,1.0,0.0082475853419296,0.7655873601107576,0.8364693276245101
GSE239651_expt2,gse239651_ispinesib_day3,ispinesib,3,mioflow,20260919,results/B3_prospective_composition/external_dynamics/mioflow/gse239651_ispinesib_day3_seed20260919.npz,success,0,12.781641300000048,,data/derived/b3/evaluation_truth/gse239651_ispinesib_day3.npz,0.6356671528615768,0.0340272649837307,1.0,0.0476370069849326,0.6730586569339904,0.8364693276245101
GSE239651_expt2,gse239651_ispinesib_day3,ispinesib,3,mioflow,20260920,results/B3_prospective_composition/external_dynamics/mioflow/gse239651_ispinesib_day3_seed20260920.npz,success,0,13.663610400000834,,data/derived/b3/evaluation_truth/gse239651_ispinesib_day3.npz,0.7098456439461713,0.0660910687459542,1.0,0.096945366375192,0.5967243858874939,0.8364693276245101
GSE239651_expt2,gse239651_ispinesib_day6,ispinesib,6,source-carry-forward,20260916,results/B3_prospective_composition/external_dynamics/source-carry-forward/gse239651_ispinesib_day6_seed20260916.npz,success,0,0.2187656999994942,,data/derived/b3/evaluation_truth/gse239651_ispinesib_day6.npz,1.0450354764491314,0.0738155793871123,1.0,0.1832575668179687,0.4926808866583019,0.7575823922117442
GSE239651_expt2,gse239651_ispinesib_day6,ispinesib,6,development-target-transfer,20260916,results/B3_prospective_composition/external_dynamics/development-target-transfer/gse239651_ispinesib_day6_seed20260916.npz,success,0,0.1451276000007055,,data/derived/b3/evaluation_truth/gse239651_ispinesib_day6.npz,0.8110292202747693,0.0208356901415962,1.0,0.0121673024362299,0.8493215114601088,0.7575823922117442
GSE239651_expt2,gse239651_ispinesib_day6,ispinesib,6,prescient,20260916,results/B3_prospective_composition/external_dynamics/prescient/gse239651_ispinesib_day6_seed20260916.npz,success,0,17.542980799998986,,data/derived/b3/evaluation_truth/gse239651_ispinesib_day6.npz,0.8697304394507896,0.058186910530651,1.0,0.0322746577400538,0.637788576864028,0.7575823922117442
GSE239651_expt2,gse239651_ispinesib_day6,ispinesib,6,prescient,20260917,results/B3_prospective_composition/external_dynamics/prescient/gse239651_ispinesib_day6_seed20260917.npz,success,0,16.59724190000088,,data/derived/b3/evaluation_truth/gse239651_ispinesib_day6.npz,0.8722063018856927,0.0606091250093585,1.0,0.0330876395291671,0.6344796888319948,0.7575823922117442
GSE239651_expt2,gse239651_ispinesib_day6,ispinesib,6,prescient,20260918,results/B3_prospective_composition/external_dynamics/prescient/gse239651_ispinesib_day6_seed20260918.npz,success,0,17.076539499999853,,data/derived/b3/evaluation_truth/gse239651_ispinesib_day6.npz,0.8785745348663916,0.0620267674229096,1.0,0.0372840890555846,0.6272442370829399,0.7575823922117442
GSE239651_expt2,gse239651_ispinesib_day6,ispinesib,6,prescient,20260919,results/B3_prospective_composition/external_dynamics/prescient/gse239651_ispinesib_day6_seed20260919.npz,success,0,16.597240299999612,,data/derived/b3/evaluation_truth/gse239651_ispinesib_day6.npz,0.8750376200076058,0.0609685109908412,1.0,0.0345374304861293,0.6331050936135696,0.7575823922117442
GSE239651_expt2,gse239651_ispinesib_day6,ispinesib,6,prescient,20260920,results/B3_prospective_composition/external_dynamics/prescient/gse239651_ispinesib_day6_seed20260920.npz,success,0,17.31988039999851,,data/derived/b3/evaluation_truth/gse239651_ispinesib_day6.npz,0.8674423409671306,0.0595712318732289,1.0,0.0311386536751697,0.6350294805604207,0.7575823922117442
GSE239651_expt2,gse239651_ispinesib_day6,ispinesib,6,tigon,20260916,results/B3_prospective_composition/external_dynamics/tigon/gse239651_ispinesib_day6_seed20260916.npz,success,0,115.93260999999984,,data/derived/b3/evaluation_truth/gse239651_ispinesib_day6.npz,1.0498956096662082,0.0797668048590401,1.0,0.182396281366485,0.4885568523389696,0.7575823922117442
GSE239651_expt2,gse239651_ispinesib_day6,ispinesib,6,tigon,20260917,results/B3_prospective_composition/external_dynamics/tigon/gse239651_ispinesib_day6_seed20260917.npz,success,0,112.2782141000007,,data/derived/b3/evaluation_truth/gse239651_ispinesib_day6.npz,1.045320488718252,0.0755305479914991,1.0,0.1809077940640159,0.4928129168562506,0.7575823922117442
GSE239651_expt2,gse239651_ispinesib_day6,ispinesib,6,tigon,20260918,results/B3_prospective_composition/external_dynamics/tigon/gse239651_ispinesib_day6_seed20260918.npz,success,0,110.78718130000016,,data/derived/b3/evaluation_truth/gse239651_ispinesib_day6.npz,1.039842537217211,0.0731410218030623,1.0,0.1813708677561772,0.4919001736880414,0.7575823922117442
GSE239651_expt2,gse239651_ispinesib_day6,ispinesib,6,tigon,20260919,results/B3_prospective_composition/external_dynamics/tigon/gse239651_ispinesib_day6_seed20260919.npz,success,0,112.84757480000007,,data/derived/b3/evaluation_truth/gse239651_ispinesib_day6.npz,1.044393810896549,0.075131142795574,1.0,0.1807549237304095,0.4931793002427228,0.7575823922117442
GSE239651_expt2,gse239651_ispinesib_day6,ispinesib,6,tigon,20260920,results/B3_prospective_composition/external_dynamics/tigon/gse239651_ispinesib_day6_seed20260920.npz,success,0,113.0381097999998,,data/derived/b3/evaluation_truth/gse239651_ispinesib_day6.npz,1.045580012201369,0.0767511460326792,1.0,0.181845240028914,0.490837356746021,0.7575823922117442
GSE239651_expt2,gse239651_ispinesib_day6,ispinesib,6,mioflow,20260916,results/B3_prospective_composition/external_dynamics/mioflow/gse239651_ispinesib_day6_seed20260916.npz,success,0,11.874877599999309,,data/derived/b3/evaluation_truth/gse239651_ispinesib_day6.npz,0.9127383824819372,0.0828642046126163,1.0,0.0091723678281701,0.7752744377140296,0.7575823922117442
GSE239651_expt2,gse239651_ispinesib_day6,ispinesib,6,mioflow,20260917,results/B3_prospective_composition/external_dynamics/mioflow/gse239651_ispinesib_day6_seed20260917.npz,success,0,12.621181499998784,,data/derived/b3/evaluation_truth/gse239651_ispinesib_day6.npz,0.8986029602813538,0.0534203593088263,1.0,0.0497540484850227,0.63281931835027,0.7575823922117442
GSE239651_expt2,gse239651_ispinesib_day6,ispinesib,6,mioflow,20260918,results/B3_prospective_composition/external_dynamics/mioflow/gse239651_ispinesib_day6_seed20260918.npz,success,0,12.361971999998786,,data/derived/b3/evaluation_truth/gse239651_ispinesib_day6.npz,0.9141133660625064,0.0627562619767706,1.0,0.0090627826090539,0.7784454422430089,0.7575823922117442
GSE239651_expt2,gse239651_ispinesib_day6,ispinesib,6,mioflow,20260919,results/B3_prospective_composition/external_dynamics/mioflow/gse239651_ispinesib_day6_seed20260919.npz,success,0,13.0319528,,data/derived/b3/evaluation_truth/gse239651_ispinesib_day6.npz,0.8676519747342687,0.0361933870431288,1.0,0.0258024275076997,0.6940336183171284,0.7575823922117442
GSE239651_expt2,gse239651_ispinesib_day6,ispinesib,6,mioflow,20260920,results/B3_prospective_composition/external_dynamics/mioflow/gse239651_ispinesib_day6_seed20260920.npz,success,0,12.743641600000046,,data/derived/b3/evaluation_truth/gse239651_ispinesib_day6.npz,0.929472761588232,0.0585354150437482,1.0,0.0730777422116582,0.601125595871579,0.7575823922117442
GSE239651_expt2,gse239651_ispinesib_day69,ispinesib,69,source-carry-forward,20260916,results/B3_prospective_composition/external_dynamics/source-carry-forward/gse239651_ispinesib_day69_seed20260916.npz,success,0,0.2187080000003334,,data/derived/b3/evaluation_truth/gse239651_ispinesib_day69.npz,0.9997951524140428,0.0661734460421103,1.0,0.1658227600582185,0.4926808866583019,0.749785994339945
GSE239651_expt2,gse239651_ispinesib_day69,ispinesib,69,development-target-transfer,20260916,results/B3_prospective_composition/external_dynamics/development-target-transfer/gse239651_ispinesib_day69_seed20260916.npz,success,0,0.167641399999411,,data/derived/b3/evaluation_truth/gse239651_ispinesib_day69.npz,0.818458460421515,0.0321664019287899,1.0,0.0312449371789714,0.6147450034960118,0.749785994339945
GSE239651_expt2,gse239651_ispinesib_day69,ispinesib,69,prescient,20260916,results/B3_prospective_composition/external_dynamics/prescient/gse239651_ispinesib_day69_seed20260916.npz,success,0,18.12783660000059,,data/derived/b3/evaluation_truth/gse239651_ispinesib_day69.npz,0.9546607390302708,0.0947951486549829,1.0,0.1026108735479904,0.5185333930776246,0.749785994339945
GSE239651_expt2,gse239651_ispinesib_day69,ispinesib,69,prescient,20260917,results/B3_prospective_composition/external_dynamics/prescient/gse239651_ispinesib_day69_seed20260917.npz,success,0,17.08631940000123,,data/derived/b3/evaluation_truth/gse239651_ispinesib_day69.npz,0.9554981033373392,0.095459924641461,1.0,0.1027363287824218,0.518676922772479,0.749785994339945
GSE239651_expt2,gse239651_ispinesib_day69,ispinesib,69,prescient,20260918,results/B3_prospective_composition/external_dynamics/prescient/gse239651_ispinesib_day69_seed20260918.npz,success,0,17.45098550000148,,data/derived/b3/evaluation_truth/gse239651_ispinesib_day69.npz,0.9565598731468228,0.0945470135483168,1.0,0.1040987694361634,0.5182535671150538,0.749785994339945
GSE239651_expt2,gse239651_ispinesib_day69,ispinesib,69,prescient,20260919,results/B3_prospective_composition/external_dynamics/prescient/gse239651_ispinesib_day69_seed20260919.npz,success,0,17.094880399999965,,data/derived/b3/evaluation_truth/gse239651_ispinesib_day69.npz,0.9553990554379824,0.0949192565135455,1.0,0.1036513048308584,0.5176346210969333,0.749785994339945
GSE239651_expt2,gse239651_ispinesib_day69,ispinesib,69,prescient,20260920,results/B3_prospective_composition/external_dynamics/prescient/gse239651_ispinesib_day69_seed20260920.npz,success,0,17.22556960000111,,data/derived/b3/evaluation_truth/gse239651_ispinesib_day69.npz,0.9531725951236174,0.0955417858721151,1.0,0.1020899895367715,0.5169665114708953,0.749785994339945
GSE239651_expt2,gse239651_ispinesib_day69,ispinesib,69,tigon,20260916,results/B3_prospective_composition/external_dynamics/tigon/gse239651_ispinesib_day69_seed20260916.npz,success,0,113.43000900000152,,data/derived/b3/evaluation_truth/gse239651_ispinesib_day69.npz,1.0020514767410678,0.0737489034307971,1.0,0.1645149216598599,0.4877065704944688,0.749785994339945
GSE239651_expt2,gse239651_ispinesib_day69,ispinesib,69,tigon,20260917,results/B3_prospective_composition/external_dynamics/tigon/gse239651_ispinesib_day69_seed20260917.npz,success,0,114.5526747999993,,data/derived/b3/evaluation_truth/gse239651_ispinesib_day69.npz,1.000600370242782,0.0693213787322065,1.0,0.1638850120326528,0.4919769143243444,0.749785994339945
GSE239651_expt2,gse239651_ispinesib_day69,ispinesib,69,tigon,20260918,results/B3_prospective_composition/external_dynamics/tigon/gse239651_ispinesib_day69_seed20260918.npz,success,0,116.72172610000052,,data/derived/b3/evaluation_truth/gse239651_ispinesib_day69.npz,0.9966490280047926,0.0668244705015984,1.0,0.1640311230983581,0.4920883702863542,0.749785994339945
GSE239651_expt2,gse239651_ispinesib_day69,ispinesib,69,tigon,20260919,results/B3_prospective_composition/external_dynamics/tigon/gse239651_ispinesib_day69_seed20260919.npz,success,0,112.28214730000036,,data/derived/b3/evaluation_truth/gse239651_ispinesib_day69.npz,0.9970005690914938,0.068172468337015,1.0,0.1625920562310538,0.4928029267728158,0.749785994339945
GSE239651_expt2,gse239651_ispinesib_day69,ispinesib,69,tigon,20260920,results/B3_prospective_composition/external_dynamics/tigon/gse239651_ispinesib_day69_seed20260920.npz,success,0,112.40618619999988,,data/derived/b3/evaluation_truth/gse239651_ispinesib_day69.npz,1.0025436591175714,0.0711422741318041,1.0,0.1652601018868799,0.4889622013020879,0.749785994339945
GSE239651_expt2,gse239651_ispinesib_day69,ispinesib,69,mioflow,20260916,results/B3_prospective_composition/external_dynamics/mioflow/gse239651_ispinesib_day69_seed20260916.npz,success,0,13.13460490000034,,data/derived/b3/evaluation_truth/gse239651_ispinesib_day69.npz,0.8197224200014208,0.0321955795492395,1.0,0.0169674009205449,0.6841991101941924,0.749785994339945
GSE239651_expt2,gse239651_ispinesib_day69,ispinesib,69,mioflow,20260917,results/B3_prospective_composition/external_dynamics/mioflow/gse239651_ispinesib_day69_seed20260917.npz,success,0,13.319859400000496,,data/derived/b3/evaluation_truth/gse239651_ispinesib_day69.npz,0.8631950699125395,0.0533456031221731,1.0,0.0472351380357399,0.6093870091712732,0.749785994339945
GSE239651_expt2,gse239651_ispinesib_day69,ispinesib,69,mioflow,20260918,results/B3_prospective_composition/external_dynamics/mioflow/gse239651_ispinesib_day69_seed20260918.npz,success,0,13.1839473,,data/derived/b3/evaluation_truth/gse239651_ispinesib_day69.npz,0.8473716259338324,0.0403382038133384,1.0,0.025625616000506,0.6718043482822567,0.749785994339945
GSE239651_expt2,gse239651_ispinesib_day69,ispinesib,69,mioflow,20260919,results/B3_prospective_composition/external_dynamics/mioflow/gse239651_ispinesib_day69_seed20260919.npz,success,0,12.159537500001534,,data/derived/b3/evaluation_truth/gse239651_ispinesib_day69.npz,0.8586908016994187,0.0396773714203108,1.0,0.0488561383080453,0.618133165014314,0.749785994339945
GSE239651_expt2,gse239651_ispinesib_day69,ispinesib,69,mioflow,20260920,results/B3_prospective_composition/external_dynamics/mioflow/gse239651_ispinesib_day69_seed20260920.npz,success,0,12.749141899999811,,data/derived/b3/evaluation_truth/gse239651_ispinesib_day69.npz,0.8993052003934544,0.0677769474137668,1.0,0.0712923154599093,0.5715275337425406,0.749785994339945
GSE239651_expt2,gse239651_ispinesib_day98,ispinesib,98,source-carry-forward,20260916,results/B3_prospective_composition/external_dynamics/source-carry-forward/gse239651_ispinesib_day98_seed20260916.npz,success,0,0.2183641999999963,,data/derived/b3/evaluation_truth/gse239651_ispinesib_day98.npz,0.9712333308951135,0.066458495815634,1.0,0.1450375981627853,0.4926808866583019,0.7462737042465507
GSE239651_expt2,gse239651_ispinesib_day98,ispinesib,98,development-target-transfer,20260916,results/B3_prospective_composition/external_dynamics/development-target-transfer/gse239651_ispinesib_day98_seed20260916.npz,success,0,0.1554246000014245,,data/derived/b3/evaluation_truth/gse239651_ispinesib_day98.npz,0.9127610849878,0.039882955974131,1.0,0.0241215259705728,0.7822265437089502,0.7462737042465507
GSE239651_expt2,gse239651_ispinesib_day98,ispinesib,98,prescient,20260916,results/B3_prospective_composition/external_dynamics/prescient/gse239651_ispinesib_day98_seed20260916.npz,success,0,17.698182500000257,,data/derived/b3/evaluation_truth/gse239651_ispinesib_day98.npz,0.8740512551101787,0.0635666522975798,1.0,0.0434028132899428,0.5762803092971345,0.7462737042465507
GSE239651_expt2,gse239651_ispinesib_day98,ispinesib,98,prescient,20260917,results/B3_prospective_composition/external_dynamics/prescient/gse239651_ispinesib_day98_seed20260917.npz,success,0,16.309630499999912,,data/derived/b3/evaluation_truth/gse239651_ispinesib_day98.npz,0.8749556806784632,0.0657766401830957,1.0,0.0431312357660619,0.5765296428488693,0.7462737042465507
GSE239651_expt2,gse239651_ispinesib_day98,ispinesib,98,prescient,20260918,results/B3_prospective_composition/external_dynamics/prescient/gse239651_ispinesib_day98_seed20260918.npz,success,0,16.448863300000085,,data/derived/b3/evaluation_truth/gse239651_ispinesib_day98.npz,0.8809506503156996,0.0668271868668956,1.0,0.047951070502577,0.5683740063341471,0.7462737042465507
GSE239651_expt2,gse239651_ispinesib_day98,ispinesib,98,prescient,20260919,results/B3_prospective_composition/external_dynamics/prescient/gse239651_ispinesib_day98_seed20260919.npz,success,0,16.350034600000072,,data/derived/b3/evaluation_truth/gse239651_ispinesib_day98.npz,0.8752058461695048,0.0643794898128316,1.0,0.0452041200981334,0.5734918951886714,0.7462737042465507
GSE239651_expt2,gse239651_ispinesib_day98,ispinesib,98,prescient,20260920,results/B3_prospective_composition/external_dynamics/prescient/gse239651_ispinesib_day98_seed20260920.npz,success,0,16.955900299999485,,data/derived/b3/evaluation_truth/gse239651_ispinesib_day98.npz,0.8773505330478346,0.0665345336532973,1.0,0.043781827979546,0.5733135146453793,0.7462737042465507
GSE239651_expt2,gse239651_ispinesib_day98,ispinesib,98,tigon,20260916,results/B3_prospective_composition/external_dynamics/tigon/gse239651_ispinesib_day98_seed20260916.npz,success,0,111.89460319999851,,data/derived/b3/evaluation_truth/gse239651_ispinesib_day98.npz,0.9775043339666536,0.072231080085733,1.0,0.1444986425106006,0.4886779425940166,0.7462737042465507
GSE239651_expt2,gse239651_ispinesib_day98,ispinesib,98,tigon,20260917,results/B3_prospective_composition/external_dynamics/tigon/gse239651_ispinesib_day98_seed20260917.npz,success,0,109.15929640000104,,data/derived/b3/evaluation_truth/gse239651_ispinesib_day98.npz,0.97242346967758,0.0678937898953271,1.0,0.1443123823243783,0.4916421014713381,0.7462737042465507
GSE239651_expt2,gse239651_ispinesib_day98,ispinesib,98,tigon,20260918,results/B3_prospective_composition/external_dynamics/tigon/gse239651_ispinesib_day98_seed20260918.npz,success,0,109.93124539999916,,data/derived/b3/evaluation_truth/gse239651_ispinesib_day98.npz,0.968583240548352,0.0659319265777596,1.0,0.1437487858262217,0.4915973271666388,0.7462737042465507
GSE239651_expt2,gse239651_ispinesib_day98,ispinesib,98,tigon,20260919,results/B3_prospective_composition/external_dynamics/tigon/gse239651_ispinesib_day98_seed20260919.npz,success,0,112.23595419999948,,data/derived/b3/evaluation_truth/gse239651_ispinesib_day98.npz,0.9771744646011356,0.0720296256200508,1.0,0.1432918214418461,0.4903470484699213,0.7462737042465507
GSE239651_expt2,gse239651_ispinesib_day98,ispinesib,98,tigon,20260920,results/B3_prospective_composition/external_dynamics/tigon/gse239651_ispinesib_day98_seed20260920.npz,success,0,113.44597980000071,,data/derived/b3/evaluation_truth/gse239651_ispinesib_day98.npz,0.976948216949525,0.0703773458988668,1.0,0.1441465188108963,0.4899983210213238,0.7462737042465507
GSE239651_expt2,gse239651_ispinesib_day98,ispinesib,98,mioflow,20260916,results/B3_prospective_composition/external_dynamics/mioflow/gse239651_ispinesib_day98_seed20260916.npz,success,0,12.829244099999414,,data/derived/b3/evaluation_truth/gse239651_ispinesib_day98.npz,0.8560450287219907,0.0515636024423813,1.0,0.0030622820592636,0.7606352567800064,0.7462737042465507
GSE239651_expt2,gse239651_ispinesib_day98,ispinesib,98,mioflow,20260917,results/B3_prospective_composition/external_dynamics/mioflow/gse239651_ispinesib_day98_seed20260917.npz,success,0,11.73789880000004,,data/derived/b3/evaluation_truth/gse239651_ispinesib_day98.npz,0.8557644344027052,0.0487125327841218,1.0,0.0348994289724153,0.6040511749590355,0.7462737042465507
GSE239651_expt2,gse239651_ispinesib_day98,ispinesib,98,mioflow,20260918,results/B3_prospective_composition/external_dynamics/mioflow/gse239651_ispinesib_day98_seed20260918.npz,success,0,11.17984780000006,,data/derived/b3/evaluation_truth/gse239651_ispinesib_day98.npz,0.8539252257084766,0.0448081893918791,1.0,0.0023426782198596,0.7646396209017468,0.7462737042465507
GSE239651_expt2,gse239651_ispinesib_day98,ispinesib,98,mioflow,20260919,results/B3_prospective_composition/external_dynamics/mioflow/gse239651_ispinesib_day98_seed20260919.npz,success,0,12.00023929999952,,data/derived/b3/evaluation_truth/gse239651_ispinesib_day98.npz,0.8156429348520877,0.0263658895497084,1.0,0.011081090837405,0.6802577692877175,0.7462737042465507
GSE239651_expt2,gse239651_ispinesib_day98,ispinesib,98,mioflow,20260920,results/B3_prospective_composition/external_dynamics/mioflow/gse239651_ispinesib_day98_seed20260920.npz,success,0,10.802229799999624,,data/derived/b3/evaluation_truth/gse239651_ispinesib_day98.npz,0.8916816750049608,0.0628905096442678,1.0,0.0517477243466723,0.5827395648754237,0.7462737042465507
GSE140802,gse140802_t2_t16_holdout_A4,heldout_animal_A4,16,source-carry-forward,20260916,results/B3_prospective_composition/external_dynamics/source-carry-forward/gse140802_t2_t16_holdout_A4_seed20260916.npz,success,0,0.1700598000006721,,data/derived/b3/evaluation_truth/gse140802_t2_t16_holdout_A4.npz,26.2988111692677,1.903571428571428,0.0,1.2991581632653062,1.0,0.0482142857142857
GSE140802,gse140802_t2_t16_holdout_A4,heldout_animal_A4,16,development-target-transfer,20260916,results/B3_prospective_composition/external_dynamics/development-target-transfer/gse140802_t2_t16_holdout_A4_seed20260916.npz,success,0,0.1493849999988015,,data/derived/b3/evaluation_truth/gse140802_t2_t16_holdout_A4.npz,1.3406626155650965,0.4709372392694909,1.0,0.0547309358368039,0.3374432186891629,0.5357142857142857
GSE140802,gse140802_t2_t16_holdout_A4,heldout_animal_A4,16,prescient,20260916,results/B3_prospective_composition/external_dynamics/prescient/gse140802_t2_t16_holdout_A4_seed20260916.npz,success,0,4.053417700000864,,data/derived/b3/evaluation_truth/gse140802_t2_t16_holdout_A4.npz,1.316015191179251,0.4292880408367738,1.0,0.0383831452381602,0.3915338771769339,0.5357142857142857
GSE140802,gse140802_t2_t16_holdout_A4,heldout_animal_A4,16,prescient,20260917,results/B3_prospective_composition/external_dynamics/prescient/gse140802_t2_t16_holdout_A4_seed20260917.npz,success,0,3.204100699998889,,data/derived/b3/evaluation_truth/gse140802_t2_t16_holdout_A4.npz,1.2911359334589805,0.3870266507952893,1.0,0.0303203135893136,0.4053172097937358,0.5357142857142857
GSE140802,gse140802_t2_t16_holdout_A4,heldout_animal_A4,16,prescient,20260918,results/B3_prospective_composition/external_dynamics/prescient/gse140802_t2_t16_holdout_A4_seed20260918.npz,success,0,3.3533478999997897,,data/derived/b3/evaluation_truth/gse140802_t2_t16_holdout_A4.npz,1.301474474685988,0.4063325339791563,1.0,0.0315470392442751,0.4059924590568418,0.5357142857142857
GSE140802,gse140802_t2_t16_holdout_A4,heldout_animal_A4,16,prescient,20260919,results/B3_prospective_composition/external_dynamics/prescient/gse140802_t2_t16_holdout_A4_seed20260919.npz,success,0,3.1164227000008395,,data/derived/b3/evaluation_truth/gse140802_t2_t16_holdout_A4.npz,1.3044740913172468,0.4116172884058466,1.0,0.0305767092120795,0.4186956841888968,0.5357142857142857
GSE140802,gse140802_t2_t16_holdout_A4,heldout_animal_A4,16,prescient,20260920,results/B3_prospective_composition/external_dynamics/prescient/gse140802_t2_t16_holdout_A4_seed20260920.npz,success,0,3.0896375000011176,,data/derived/b3/evaluation_truth/gse140802_t2_t16_holdout_A4.npz,1.2653430367385092,0.2963445626711744,1.0,0.0167419548518687,0.468280339444435,0.5357142857142857
GSE140802,gse140802_t2_t16_holdout_A4,heldout_animal_A4,16,tigon,20260916,results/B3_prospective_composition/external_dynamics/tigon/gse140802_t2_t16_holdout_A4_seed20260916.npz,success,0,18.7477760999991,,data/derived/b3/evaluation_truth/gse140802_t2_t16_holdout_A4.npz,6.628638523555659,1.8876476762866727,0.0,1.2808333056011716,0.992038123857622,0.0482142857142857
GSE140802,gse140802_t2_t16_holdout_A4,heldout_animal_A4,16,tigon,20260917,results/B3_prospective_composition/external_dynamics/tigon/gse140802_t2_t16_holdout_A4_seed20260917.npz,success,0,18.90845099999933,,data/derived/b3/evaluation_truth/gse140802_t2_t16_holdout_A4.npz,13.314192209732484,1.8906593147187487,0.0,1.2838265922052985,0.9935439430736608,0.0482142857142857
GSE140802,gse140802_t2_t16_holdout_A4,heldout_animal_A4,16,tigon,20260918,results/B3_prospective_composition/external_dynamics/tigon/gse140802_t2_t16_holdout_A4_seed20260918.npz,success,0,18.86250409999957,,data/derived/b3/evaluation_truth/gse140802_t2_t16_holdout_A4.npz,18.38754204812657,1.8890994994059929,0.0,1.2843719309230923,0.9927640354172824,0.0482142857142857
GSE140802,gse140802_t2_t16_holdout_A4,heldout_animal_A4,16,tigon,20260919,results/B3_prospective_composition/external_dynamics/tigon/gse140802_t2_t16_holdout_A4_seed20260919.npz,success,0,18.556916100000308,,data/derived/b3/evaluation_truth/gse140802_t2_t16_holdout_A4.npz,6.703480033200709,1.886470957709537,0.0,1.2788856820869523,0.9914497645690544,0.0482142857142857
GSE140802,gse140802_t2_t16_holdout_A4,heldout_animal_A4,16,tigon,20260920,results/B3_prospective_composition/external_dynamics/tigon/gse140802_t2_t16_holdout_A4_seed20260920.npz,success,0,19.21572930000002,,data/derived/b3/evaluation_truth/gse140802_t2_t16_holdout_A4.npz,6.569138974450974,1.8754559988159087,0.0,1.267319207826361,0.9859422851222406,0.0482142857142857
GSE140802,gse140802_t2_t16_holdout_A4,heldout_animal_A4,16,mioflow,20260916,results/B3_prospective_composition/external_dynamics/mioflow/gse140802_t2_t16_holdout_A4_seed20260916.npz,success,0,11.381618999999771,,data/derived/b3/evaluation_truth/gse140802_t2_t16_holdout_A4.npz,1.8612552698122504,0.980810657358308,0.0,0.2879224097313449,0.4545971290757958,0.0482142857142857
GSE140802,gse140802_t2_t16_holdout_A4,heldout_animal_A4,16,mioflow,20260917,results/B3_prospective_composition/external_dynamics/mioflow/gse140802_t2_t16_holdout_A4_seed20260917.npz,success,0,10.828887900001064,,data/derived/b3/evaluation_truth/gse140802_t2_t16_holdout_A4.npz,1.9238425283562672,1.0899683885903255,0.0,0.418700539950658,0.5457681894862279,0.0482142857142857
GSE140802,gse140802_t2_t16_holdout_A4,heldout_animal_A4,16,mioflow,20260918,results/B3_prospective_composition/external_dynamics/mioflow/gse140802_t2_t16_holdout_A4_seed20260918.npz,success,0,9.209258099999715,,data/derived/b3/evaluation_truth/gse140802_t2_t16_holdout_A4.npz,1.7218107118444663,0.9390669766006344,0.0,0.2889041136511321,0.4605881850497027,0.0482142857142857
GSE140802,gse140802_t2_t16_holdout_A4,heldout_animal_A4,16,mioflow,20260919,results/B3_prospective_composition/external_dynamics/mioflow/gse140802_t2_t16_holdout_A4_seed20260919.npz,success,0,8.240687600000456,,data/derived/b3/evaluation_truth/gse140802_t2_t16_holdout_A4.npz,2.108926086745366,0.8986607127135735,0.0,0.2480139344874812,0.4412993392228038,0.0482142857142857
GSE140802,gse140802_t2_t16_holdout_A4,heldout_animal_A4,16,mioflow,20260920,results/B3_prospective_composition/external_dynamics/mioflow/gse140802_t2_t16_holdout_A4_seed20260920.npz,success,0,9.692493900000043,,data/derived/b3/evaluation_truth/gse140802_t2_t16_holdout_A4.npz,1.8945537015130285,1.0766710466680358,0.0,0.4146974029246018,0.5525075768282823,0.0482142857142857
GSE140802,gse140802_t2_t16_holdout_A5,heldout_animal_A5,16,source-carry-forward,20260916,results/B3_prospective_composition/external_dynamics/source-carry-forward/gse140802_t2_t16_holdout_A5_seed20260916.npz,success,0,0.2426227999985712,,data/derived/b3/evaluation_truth/gse140802_t2_t16_holdout_A5.npz,24.15077799827343,1.7480916030534353,0.0,0.971213798729678,1.0,0.1259541984732824
GSE140802,gse140802_t2_t16_holdout_A5,heldout_animal_A5,16,development-target-transfer,20260916,results/B3_prospective_composition/external_dynamics/development-target-transfer/gse140802_t2_t16_holdout_A5_seed20260916.npz,success,0,0.1738934000004519,,data/derived/b3/evaluation_truth/gse140802_t2_t16_holdout_A5.npz,1.7254243067129305,0.2903516606513632,0.0,0.0266684416305751,0.4083741163675911,0.2633587786259542
GSE140802,gse140802_t2_t16_holdout_A5,heldout_animal_A5,16,prescient,20260916,results/B3_prospective_composition/external_dynamics/prescient/gse140802_t2_t16_holdout_A5_seed20260916.npz,success,0,4.5700616000012815,,data/derived/b3/evaluation_truth/gse140802_t2_t16_holdout_A5.npz,1.705692479022567,0.2416498629086157,0.0,0.0168559776073227,0.3709413975913361,0.2633587786259542
GSE140802,gse140802_t2_t16_holdout_A5,heldout_animal_A5,16,prescient,20260917,results/B3_prospective_composition/external_dynamics/prescient/gse140802_t2_t16_holdout_A5_seed20260917.npz,success,0,3.3212940000012168,,data/derived/b3/evaluation_truth/gse140802_t2_t16_holdout_A5.npz,1.7235413237278043,0.300790082491526,0.0,0.0284128069395085,0.4016699362668431,0.2633587786259542
GSE140802,gse140802_t2_t16_holdout_A5,heldout_animal_A5,16,prescient,20260918,results/B3_prospective_composition/external_dynamics/prescient/gse140802_t2_t16_holdout_A5_seed20260918.npz,success,0,3.447330699998929,,data/derived/b3/evaluation_truth/gse140802_t2_t16_holdout_A5.npz,1.7321177416848992,0.3088636084451347,0.0,0.0286041844955103,0.3796081376689339,0.2633587786259542
GSE140802,gse140802_t2_t16_holdout_A5,heldout_animal_A5,16,prescient,20260919,results/B3_prospective_composition/external_dynamics/prescient/gse140802_t2_t16_holdout_A5_seed20260919.npz,success,0,3.5357979999989766,,data/derived/b3/evaluation_truth/gse140802_t2_t16_holdout_A5.npz,1.7291872278391411,0.313750070028142,0.0,0.0199434764044091,0.3683648486252409,0.2633587786259542
GSE140802,gse140802_t2_t16_holdout_A5,heldout_animal_A5,16,prescient,20260920,results/B3_prospective_composition/external_dynamics/prescient/gse140802_t2_t16_holdout_A5_seed20260920.npz,success,0,3.3114573000002565,,data/derived/b3/evaluation_truth/gse140802_t2_t16_holdout_A5.npz,1.7189957132729614,0.2797978959747897,0.0,0.0229204037625375,0.3788078634732346,0.2633587786259542
GSE140802,gse140802_t2_t16_holdout_A5,heldout_animal_A5,16,tigon,20260916,results/B3_prospective_composition/external_dynamics/tigon/gse140802_t2_t16_holdout_A5_seed20260916.npz,success,0,18.083980899999005,,data/derived/b3/evaluation_truth/gse140802_t2_t16_holdout_A5.npz,17.816609851391302,1.7477817057986065,0.0,0.9708388947257688,0.9998450513725858,0.1259541984732824
GSE140802,gse140802_t2_t16_holdout_A5,heldout_animal_A5,16,tigon,20260917,results/B3_prospective_composition/external_dynamics/tigon/gse140802_t2_t16_holdout_A5_seed20260917.npz,success,0,17.243624500000806,,data/derived/b3/evaluation_truth/gse140802_t2_t16_holdout_A5.npz,15.97052592143594,1.7107065672090835,0.0,0.93274252495029,0.9813074820778244,0.1259541984732824
GSE140802,gse140802_t2_t16_holdout_A5,heldout_animal_A5,16,tigon,20260918,results/B3_prospective_composition/external_dynamics/tigon/gse140802_t2_t16_holdout_A5_seed20260918.npz,success,0,16.70138820000102,,data/derived/b3/evaluation_truth/gse140802_t2_t16_holdout_A5.npz,19.4803984521054,1.7245590673389035,0.0,0.948322448250163,0.9882337321427342,0.1259541984732824
GSE140802,gse140802_t2_t16_holdout_A5,heldout_animal_A5,16,tigon,20260919,results/B3_prospective_composition/external_dynamics/tigon/gse140802_t2_t16_holdout_A5_seed20260919.npz,success,0,16.343827699998656,,data/derived/b3/evaluation_truth/gse140802_t2_t16_holdout_A5.npz,7.55859773873657,1.731308467916521,0.0,0.9527377778001078,0.991608432431543,0.1259541984732824
GSE140802,gse140802_t2_t16_holdout_A5,heldout_animal_A5,16,tigon,20260920,results/B3_prospective_composition/external_dynamics/tigon/gse140802_t2_t16_holdout_A5_seed20260920.npz,success,0,17.04764460000115,,data/derived/b3/evaluation_truth/gse140802_t2_t16_holdout_A5.npz,18.454191322679023,1.7431307057084937,0.0,0.9655835566191078,0.9975195513275292,0.1259541984732824
GSE140802,gse140802_t2_t16_holdout_A5,heldout_animal_A5,16,mioflow,20260916,results/B3_prospective_composition/external_dynamics/mioflow/gse140802_t2_t16_holdout_A5_seed20260916.npz,success,0,10.093173400000524,,data/derived/b3/evaluation_truth/gse140802_t2_t16_holdout_A5.npz,2.159897919546067,0.7411452218540713,0.0,0.1933379039856612,0.4647251811139857,0.1259541984732824
GSE140802,gse140802_t2_t16_holdout_A5,heldout_animal_A5,16,mioflow,20260917,results/B3_prospective_composition/external_dynamics/mioflow/gse140802_t2_t16_holdout_A5_seed20260917.npz,success,0,10.584232999999584,,data/derived/b3/evaluation_truth/gse140802_t2_t16_holdout_A5.npz,2.104483410736593,0.8847402034097184,0.0,0.2517274688682777,0.5683243001781416,0.1259541984732824
GSE140802,gse140802_t2_t16_holdout_A5,heldout_animal_A5,16,mioflow,20260918,results/B3_prospective_composition/external_dynamics/mioflow/gse140802_t2_t16_holdout_A5_seed20260918.npz,success,0,9.87224210000022,,data/derived/b3/evaluation_truth/gse140802_t2_t16_holdout_A5.npz,1.988812334727837,0.6834093542161573,0.0,0.159496151037691,0.4676588755813611,0.1259541984732824
GSE140802,gse140802_t2_t16_holdout_A5,heldout_animal_A5,16,mioflow,20260919,results/B3_prospective_composition/external_dynamics/mioflow/gse140802_t2_t16_holdout_A5_seed20260919.npz,success,0,10.484369800000422,,data/derived/b3/evaluation_truth/gse140802_t2_t16_holdout_A5.npz,3.0689502206314034,0.6958133822905775,0.0,0.1598673649490057,0.4624758647765606,0.1259541984732824
GSE140802,gse140802_t2_t16_holdout_A5,heldout_animal_A5,16,mioflow,20260920,results/B3_prospective_composition/external_dynamics/mioflow/gse140802_t2_t16_holdout_A5_seed20260920.npz,success,0,10.327723500000502,,data/derived/b3/evaluation_truth/gse140802_t2_t16_holdout_A5.npz,2.102423124439561,0.8665980690609001,0.0,0.2421074096687304,0.5592532330037326,0.1259541984732824
GSE140802,gse140802_t2_t16_holdout_B4,heldout_animal_B4,16,source-carry-forward,20260916,results/B3_prospective_composition/external_dynamics/source-carry-forward/gse140802_t2_t16_holdout_B4_seed20260916.npz,success,0,0.2292116999997233,,data/derived/b3/evaluation_truth/gse140802_t2_t16_holdout_B4.npz,26.05425088920436,1.885869565217391,0.0,1.2567934782608692,1.0,0.0570652173913043
GSE140802,gse140802_t2_t16_holdout_B4,heldout_animal_B4,16,development-target-transfer,20260916,results/B3_prospective_composition/external_dynamics/development-target-transfer/gse140802_t2_t16_holdout_B4_seed20260916.npz,success,0,0.1878577000006771,,data/derived/b3/evaluation_truth/gse140802_t2_t16_holdout_B4.npz,1.3659068866352768,0.3516677538322587,1.0,0.0373651625912385,0.3594922100403924,0.5353260869565217
GSE140802,gse140802_t2_t16_holdout_B4,heldout_animal_B4,16,prescient,20260916,results/B3_prospective_composition/external_dynamics/prescient/gse140802_t2_t16_holdout_B4_seed20260916.npz,success,0,4.257299099999727,,data/derived/b3/evaluation_truth/gse140802_t2_t16_holdout_B4.npz,1.347887008379161,0.2502223258284171,1.0,0.0142118245238723,0.4429024464735109,0.5353260869565217
GSE140802,gse140802_t2_t16_holdout_B4,heldout_animal_B4,16,prescient,20260917,results/B3_prospective_composition/external_dynamics/prescient/gse140802_t2_t16_holdout_B4_seed20260917.npz,success,0,3.433584399999745,,data/derived/b3/evaluation_truth/gse140802_t2_t16_holdout_B4.npz,1.3307254916387738,0.2267077167132517,1.0,0.0127994557202447,0.4427245153144094,0.5353260869565217
GSE140802,gse140802_t2_t16_holdout_B4,heldout_animal_B4,16,prescient,20260918,results/B3_prospective_composition/external_dynamics/prescient/gse140802_t2_t16_holdout_B4_seed20260918.npz,success,0,3.293855899999471,,data/derived/b3/evaluation_truth/gse140802_t2_t16_holdout_B4.npz,1.3794278875664578,0.3427998798527027,1.0,0.0243608953531053,0.416823998549744,0.5353260869565217
GSE140802,gse140802_t2_t16_holdout_B4,heldout_animal_B4,16,prescient,20260919,results/B3_prospective_composition/external_dynamics/prescient/gse140802_t2_t16_holdout_B4_seed20260919.npz,success,0,3.4075792000003275,,data/derived/b3/evaluation_truth/gse140802_t2_t16_holdout_B4.npz,1.329578933230586,0.2368373810436764,1.0,0.0145924787598298,0.4356397417931434,0.5353260869565217
GSE140802,gse140802_t2_t16_holdout_B4,heldout_animal_B4,16,prescient,20260920,results/B3_prospective_composition/external_dynamics/prescient/gse140802_t2_t16_holdout_B4_seed20260920.npz,success,0,3.4460927000000083,,data/derived/b3/evaluation_truth/gse140802_t2_t16_holdout_B4.npz,1.3122318631964618,0.1770639439048382,1.0,0.0090867969908604,0.4588246939009713,0.5353260869565217
GSE140802,gse140802_t2_t16_holdout_B4,heldout_animal_B4,16,tigon,20260916,results/B3_prospective_composition/external_dynamics/tigon/gse140802_t2_t16_holdout_B4_seed20260916.npz,success,0,18.270538199998555,,data/derived/b3/evaluation_truth/gse140802_t2_t16_holdout_B4.npz,18.414696814394865,1.878772888532546,0.0,1.249304258494365,0.9964516616575776,0.0570652173913043
GSE140802,gse140802_t2_t16_holdout_B4,heldout_animal_B4,16,tigon,20260917,results/B3_prospective_composition/external_dynamics/tigon/gse140802_t2_t16_holdout_B4_seed20260917.npz,success,0,18.67055160000018,,data/derived/b3/evaluation_truth/gse140802_t2_t16_holdout_B4.npz,11.888055196667947,1.861138487188818,0.0,1.2260145061521657,0.9876344609857136,0.0570652173913043
GSE140802,gse140802_t2_t16_holdout_B4,heldout_animal_B4,16,tigon,20260918,results/B3_prospective_composition/external_dynamics/tigon/gse140802_t2_t16_holdout_B4_seed20260918.npz,success,0,17.15463649999947,,data/derived/b3/evaluation_truth/gse140802_t2_t16_holdout_B4.npz,13.802903935133584,1.8798515691332025,0.0,1.25002608434258,0.9969910019579058,0.0570652173913043
GSE140802,gse140802_t2_t16_holdout_B4,heldout_animal_B4,16,tigon,20260919,results/B3_prospective_composition/external_dynamics/tigon/gse140802_t2_t16_holdout_B4_seed20260919.npz,success,0,18.24013940000077,,data/derived/b3/evaluation_truth/gse140802_t2_t16_holdout_B4.npz,24.897452148531286,1.8853628411931016,0.0,1.2562855056537412,0.9997466379878552,0.0570652173913043
GSE140802,gse140802_t2_t16_holdout_B4,heldout_animal_B4,16,tigon,20260920,results/B3_prospective_composition/external_dynamics/tigon/gse140802_t2_t16_holdout_B4_seed20260920.npz,success,0,18.50993170000038,,data/derived/b3/evaluation_truth/gse140802_t2_t16_holdout_B4.npz,24.672646815244548,1.8795055709689208,0.0,1.2506003152964111,0.9968180028757652,0.0570652173913043
GSE140802,gse140802_t2_t16_holdout_B4,heldout_animal_B4,16,mioflow,20260916,results/B3_prospective_composition/external_dynamics/mioflow/gse140802_t2_t16_holdout_B4_seed20260916.npz,success,0,10.841824400000403,,data/derived/b3/evaluation_truth/gse140802_t2_t16_holdout_B4.npz,1.8763606821826544,0.953870143586528,0.0,0.3002771071957894,0.4890821010109658,0.0570652173913043
GSE140802,gse140802_t2_t16_holdout_B4,heldout_animal_B4,16,mioflow,20260917,results/B3_prospective_composition/external_dynamics/mioflow/gse140802_t2_t16_holdout_B4_seed20260917.npz,success,0,9.889872700001431,,data/derived/b3/evaluation_truth/gse140802_t2_t16_holdout_B4.npz,1.9811944318973824,1.0212267533420878,0.0,0.4053656393470253,0.5506191880982649,0.0570652173913043
GSE140802,gse140802_t2_t16_holdout_B4,heldout_animal_B4,16,mioflow,20260918,results/B3_prospective_composition/external_dynamics/mioflow/gse140802_t2_t16_holdout_B4_seed20260918.npz,success,0,9.274696800001038,,data/derived/b3/evaluation_truth/gse140802_t2_t16_holdout_B4.npz,1.7457279750248849,0.8512396492734637,0.0,0.2627598261710732,0.455813537576723,0.0570652173913043
GSE140802,gse140802_t2_t16_holdout_B4,heldout_animal_B4,16,mioflow,20260919,results/B3_prospective_composition/external_dynamics/mioflow/gse140802_t2_t16_holdout_B4_seed20260919.npz,success,0,10.27010639999935,,data/derived/b3/evaluation_truth/gse140802_t2_t16_holdout_B4.npz,2.4452239735407537,0.8311092803239272,0.0,0.224802090287262,0.436039597261061,0.0570652173913043
GSE140802,gse140802_t2_t16_holdout_B4,heldout_animal_B4,16,mioflow,20260920,results/B3_prospective_composition/external_dynamics/mioflow/gse140802_t2_t16_holdout_B4_seed20260920.npz,success,0,8.525537100000292,,data/derived/b3/evaluation_truth/gse140802_t2_t16_holdout_B4.npz,1.9223560007916936,0.9878213494915488,0.0,0.3839598544616181,0.5469672402899312,0.0570652173913043
GSE140802,gse140802_t2_t16_holdout_B5,heldout_animal_B5,16,source-carry-forward,20260916,results/B3_prospective_composition/external_dynamics/source-carry-forward/gse140802_t2_t16_holdout_B5_seed20260916.npz,success,0,0.2221160999997664,,data/derived/b3/evaluation_truth/gse140802_t2_t16_holdout_B5.npz,24.476656466031105,1.7716794731064769,0.0,0.9732902288290092,1.0,0.1141602634467618
GSE140802,gse140802_t2_t16_holdout_B5,heldout_animal_B5,16,development-target-transfer,20260916,results/B3_prospective_composition/external_dynamics/development-target-transfer/gse140802_t2_t16_holdout_B5_seed20260916.npz,success,0,0.1606494000006932,,data/derived/b3/evaluation_truth/gse140802_t2_t16_holdout_B5.npz,1.8958968729219468,0.4671475615493178,1.0,0.0543303080620969,0.4756302521008403,0.278814489571899
GSE140802,gse140802_t2_t16_holdout_B5,heldout_animal_B5,16,prescient,20260916,results/B3_prospective_composition/external_dynamics/prescient/gse140802_t2_t16_holdout_B5_seed20260916.npz,success,0,3.99507579999954,,data/derived/b3/evaluation_truth/gse140802_t2_t16_holdout_B5.npz,1.8742700782800508,0.4282986417502202,1.0,0.0529005796399025,0.4771251143745256,0.278814489571899
GSE140802,gse140802_t2_t16_holdout_B5,heldout_animal_B5,16,prescient,20260917,results/B3_prospective_composition/external_dynamics/prescient/gse140802_t2_t16_holdout_B5_seed20260917.npz,success,0,3.2548543000011705,,data/derived/b3/evaluation_truth/gse140802_t2_t16_holdout_B5.npz,1.920984807900613,0.4906807853848293,1.0,0.0661389827438839,0.5018064787494487,0.278814489571899
GSE140802,gse140802_t2_t16_holdout_B5,heldout_animal_B5,16,prescient,20260918,results/B3_prospective_composition/external_dynamics/prescient/gse140802_t2_t16_holdout_B5_seed20260918.npz,success,0,3.5004533999999694,,data/derived/b3/evaluation_truth/gse140802_t2_t16_holdout_B5.npz,1.872829798618899,0.4586071408469527,1.0,0.0527612588276294,0.477190749469464,0.278814489571899
GSE140802,gse140802_t2_t16_holdout_B5,heldout_animal_B5,16,prescient,20260919,results/B3_prospective_composition/external_dynamics/prescient/gse140802_t2_t16_holdout_B5_seed20260919.npz,success,0,3.516241100000116,,data/derived/b3/evaluation_truth/gse140802_t2_t16_holdout_B5.npz,1.900468035317768,0.4471311858733052,1.0,0.0564866677826343,0.4849442125573911,0.278814489571899
GSE140802,gse140802_t2_t16_holdout_B5,heldout_animal_B5,16,prescient,20260920,results/B3_prospective_composition/external_dynamics/prescient/gse140802_t2_t16_holdout_B5_seed20260920.npz,success,0,3.2575082999992446,,data/derived/b3/evaluation_truth/gse140802_t2_t16_holdout_B5.npz,1.8927967411024325,0.4594800581812567,1.0,0.0658423547340629,0.5085545186625341,0.278814489571899
GSE140802,gse140802_t2_t16_holdout_B5,heldout_animal_B5,16,tigon,20260916,results/B3_prospective_composition/external_dynamics/tigon/gse140802_t2_t16_holdout_B5_seed20260916.npz,success,0,16.593354099999488,,data/derived/b3/evaluation_truth/gse140802_t2_t16_holdout_B5.npz,17.818659570506174,1.7693380504331544,0.0,0.970754384997074,0.9988292886633388,0.1141602634467618
GSE140802,gse140802_t2_t16_holdout_B5,heldout_animal_B5,16,tigon,20260917,results/B3_prospective_composition/external_dynamics/tigon/gse140802_t2_t16_holdout_B5_seed20260917.npz,success,0,17.23571390000143,,data/derived/b3/evaluation_truth/gse140802_t2_t16_holdout_B5.npz,8.46513681581251,1.7416326420470285,0.0,0.9408248466968756,0.984976584470276,0.1141602634467618
GSE140802,gse140802_t2_t16_holdout_B5,heldout_animal_B5,16,tigon,20260918,results/B3_prospective_composition/external_dynamics/tigon/gse140802_t2_t16_holdout_B5_seed20260918.npz,success,0,15.609840099999928,,data/derived/b3/evaluation_truth/gse140802_t2_t16_holdout_B5.npz,15.232162242468371,1.757053533352916,0.0,0.9576179951752232,0.9926870301232198,0.1141602634467618
GSE140802,gse140802_t2_t16_holdout_B5,heldout_animal_B5,16,tigon,20260919,results/B3_prospective_composition/external_dynamics/tigon/gse140802_t2_t16_holdout_B5_seed20260919.npz,success,0,16.929675400000633,,data/derived/b3/evaluation_truth/gse140802_t2_t16_holdout_B5.npz,13.663079572857528,1.754418505567023,0.0,0.9556078830840904,0.991369516230273,0.1141602634467618
GSE140802,gse140802_t2_t16_holdout_B5,heldout_animal_B5,16,tigon,20260920,results/B3_prospective_composition/external_dynamics/tigon/gse140802_t2_t16_holdout_B5_seed20260920.npz,success,0,16.818953899999542,,data/derived/b3/evaluation_truth/gse140802_t2_t16_holdout_B5.npz,16.11281820464011,1.7593989944519817,0.0,0.9604938374128672,0.9938597606727524,0.1141602634467618
GSE140802,gse140802_t2_t16_holdout_B5,heldout_animal_B5,16,mioflow,20260916,results/B3_prospective_composition/external_dynamics/mioflow/gse140802_t2_t16_holdout_B5_seed20260916.npz,success,0,12.640654699998777,,data/derived/b3/evaluation_truth/gse140802_t2_t16_holdout_B5.npz,2.20587444115234,0.8104640670253792,0.0,0.1507807039744906,0.4066087027064055,0.1141602634467618
GSE140802,gse140802_t2_t16_holdout_B5,heldout_animal_B5,16,mioflow,20260917,results/B3_prospective_composition/external_dynamics/mioflow/gse140802_t2_t16_holdout_B5_seed20260917.npz,success,0,10.670966799998496,,data/derived/b3/evaluation_truth/gse140802_t2_t16_holdout_B5.npz,2.1416934873494875,0.7941436265579783,0.0,0.1911512565306557,0.511232076725751,0.1141602634467618
GSE140802,gse140802_t2_t16_holdout_B5,heldout_animal_B5,16,mioflow,20260918,results/B3_prospective_composition/external_dynamics/mioflow/gse140802_t2_t16_holdout_B5_seed20260918.npz,success,0,12.243431499999131,,data/derived/b3/evaluation_truth/gse140802_t2_t16_holdout_B5.npz,2.096334465129865,0.6811199809270838,0.0,0.1298748006324776,0.4245005155110767,0.1141602634467618
GSE140802,gse140802_t2_t16_holdout_B5,heldout_animal_B5,16,mioflow,20260919,results/B3_prospective_composition/external_dynamics/mioflow/gse140802_t2_t16_holdout_B5_seed20260919.npz,success,0,11.23134349999964,,data/derived/b3/evaluation_truth/gse140802_t2_t16_holdout_B5.npz,3.3490365749674496,0.7523900352055842,0.0,0.1331050105595784,0.4172472860819747,0.1141602634467618
GSE140802,gse140802_t2_t16_holdout_B5,heldout_animal_B5,16,mioflow,20260920,results/B3_prospective_composition/external_dynamics/mioflow/gse140802_t2_t16_holdout_B5_seed20260920.npz,success,0,9.15854279999985,,data/derived/b3/evaluation_truth/gse140802_t2_t16_holdout_B5.npz,2.266219988470884,0.8600864513490297,0.0,0.2256915924931253,0.5442034891212767,0.1141602634467618
GSE140802,gse140802_t2_t9_holdout_A1,heldout_animal_A1,9,source-carry-forward,20260916,results/B3_prospective_composition/external_dynamics/source-carry-forward/gse140802_t2_t9_holdout_A1_seed20260916.npz,success,0,0.2186065000005328,,data/derived/b3/evaluation_truth/gse140802_t2_t9_holdout_A1.npz,21.58347687168758,1.562264150943396,0.0,0.7573086507653971,1.0,0.2188679245283019
GSE140802,gse140802_t2_t9_holdout_A1,heldout_animal_A1,9,development-target-transfer,20260916,results/B3_prospective_composition/external_dynamics/development-target-transfer/gse140802_t2_t9_holdout_A1_seed20260916.npz,success,0,0.1584171000013157,,data/derived/b3/evaluation_truth/gse140802_t2_t9_holdout_A1.npz,1.8187451107316104,0.4152358048487207,0.0,0.0440149099072515,0.3720712277413308,0.2037735849056604
GSE140802,gse140802_t2_t9_holdout_A1,heldout_animal_A1,9,prescient,20260916,results/B3_prospective_composition/external_dynamics/prescient/gse140802_t2_t9_holdout_A1_seed20260916.npz,success,0,6.082265799999732,,data/derived/b3/evaluation_truth/gse140802_t2_t9_holdout_A1.npz,1.7646861949849124,0.2805458223334896,0.0,0.0181420744776314,0.3084698911303948,0.2037735849056604
GSE140802,gse140802_t2_t9_holdout_A1,heldout_animal_A1,9,prescient,20260917,results/B3_prospective_composition/external_dynamics/prescient/gse140802_t2_t9_holdout_A1_seed20260917.npz,success,0,4.650442899999689,,data/derived/b3/evaluation_truth/gse140802_t2_t9_holdout_A1.npz,1.7864032129844565,0.321036727365302,0.0,0.0234280965180468,0.3130671570155562,0.2037735849056604
GSE140802,gse140802_t2_t9_holdout_A1,heldout_animal_A1,9,prescient,20260918,results/B3_prospective_composition/external_dynamics/prescient/gse140802_t2_t9_holdout_A1_seed20260918.npz,success,0,4.783161699999255,,data/derived/b3/evaluation_truth/gse140802_t2_t9_holdout_A1.npz,1.806138970880387,0.3837208318053245,0.0,0.0289773102918727,0.3220466727670846,0.2037735849056604
GSE140802,gse140802_t2_t9_holdout_A1,heldout_animal_A1,9,prescient,20260919,results/B3_prospective_composition/external_dynamics/prescient/gse140802_t2_t9_holdout_A1_seed20260919.npz,success,0,4.6483391999991,,data/derived/b3/evaluation_truth/gse140802_t2_t9_holdout_A1.npz,1.804183804776984,0.3447013997629052,0.0,0.0255679428428665,0.3265182414525118,0.2037735849056604
GSE140802,gse140802_t2_t9_holdout_A1,heldout_animal_A1,9,prescient,20260920,results/B3_prospective_composition/external_dynamics/prescient/gse140802_t2_t9_holdout_A1_seed20260920.npz,success,0,4.753589799998736,,data/derived/b3/evaluation_truth/gse140802_t2_t9_holdout_A1.npz,1.789784886276779,0.3141684495122834,0.0,0.0241976951293648,0.3219984886036554,0.2037735849056604
GSE140802,gse140802_t2_t9_holdout_A1,heldout_animal_A1,9,tigon,20260916,results/B3_prospective_composition/external_dynamics/tigon/gse140802_t2_t9_holdout_A1_seed20260916.npz,success,0,35.19958609999958,,data/derived/b3/evaluation_truth/gse140802_t2_t9_holdout_A1.npz,13.387776100135442,1.550099573958161,0.0,0.746456712876549,0.9939177115073822,0.2188679245283019
GSE140802,gse140802_t2_t9_holdout_A1,heldout_animal_A1,9,tigon,20260917,results/B3_prospective_composition/external_dynamics/tigon/gse140802_t2_t9_holdout_A1_seed20260917.npz,success,0,35.73301150000043,,data/derived/b3/evaluation_truth/gse140802_t2_t9_holdout_A1.npz,15.743356511209411,1.5393444639669296,0.0,0.7358480844367087,0.9885401565117669,0.2188679245283019
GSE140802,gse140802_t2_t9_holdout_A1,heldout_animal_A1,9,tigon,20260918,results/B3_prospective_composition/external_dynamics/tigon/gse140802_t2_t9_holdout_A1_seed20260918.npz,success,0,34.27448600000025,,data/derived/b3/evaluation_truth/gse140802_t2_t9_holdout_A1.npz,12.876795674304296,1.550236307298667,0.0,0.7466538421415297,0.9939860781776352,0.2188679245283019
GSE140802,gse140802_t2_t9_holdout_A1,heldout_animal_A1,9,tigon,20260919,results/B3_prospective_composition/external_dynamics/tigon/gse140802_t2_t9_holdout_A1_seed20260919.npz,success,0,34.57905799999935,,data/derived/b3/evaluation_truth/gse140802_t2_t9_holdout_A1.npz,16.98787117820552,1.5541903055825042,0.0,0.7498330913413428,0.995963077319554,0.2188679245283019
GSE140802,gse140802_t2_t9_holdout_A1,heldout_animal_A1,9,tigon,20260920,results/B3_prospective_composition/external_dynamics/tigon/gse140802_t2_t9_holdout_A1_seed20260920.npz,success,0,35.60164129999976,,data/derived/b3/evaluation_truth/gse140802_t2_t9_holdout_A1.npz,8.74539195600556,1.559301705276708,0.0,0.7546083785384786,0.9985187771666558,0.2188679245283019
GSE140802,gse140802_t2_t9_holdout_A1,heldout_animal_A1,9,mioflow,20260916,results/B3_prospective_composition/external_dynamics/mioflow/gse140802_t2_t9_holdout_A1_seed20260916.npz,success,0,13.377239100000224,,data/derived/b3/evaluation_truth/gse140802_t2_t9_holdout_A1.npz,3.0584053111522658,0.5781817411866412,0.0,0.0688268668945295,0.4145306072272977,0.2188679245283019
GSE140802,gse140802_t2_t9_holdout_A1,heldout_animal_A1,9,mioflow,20260917,results/B3_prospective_composition/external_dynamics/mioflow/gse140802_t2_t9_holdout_A1_seed20260917.npz,success,0,12.320767999999587,,data/derived/b3/evaluation_truth/gse140802_t2_t9_holdout_A1.npz,2.0500414087517784,0.715949477376505,0.0,0.1665036268703011,0.568638529274555,0.2188679245283019
GSE140802,gse140802_t2_t9_holdout_A1,heldout_animal_A1,9,mioflow,20260918,results/B3_prospective_composition/external_dynamics/mioflow/gse140802_t2_t9_holdout_A1_seed20260918.npz,success,0,11.287288700001229,,data/derived/b3/evaluation_truth/gse140802_t2_t9_holdout_A1.npz,1.9713803718651923,0.6273604772348292,0.0,0.1228750595512927,0.5255726479655857,0.2188679245283019
GSE140802,gse140802_t2_t9_holdout_A1,heldout_animal_A1,9,mioflow,20260919,results/B3_prospective_composition/external_dynamics/mioflow/gse140802_t2_t9_holdout_A1_seed20260919.npz,success,0,12.021956800001137,,data/derived/b3/evaluation_truth/gse140802_t2_t9_holdout_A1.npz,2.811135312634924,0.7594412517809926,0.0,0.1696290439873226,0.5160316300598985,0.2188679245283019
GSE140802,gse140802_t2_t9_holdout_A1,heldout_animal_A1,9,mioflow,20260920,results/B3_prospective_composition/external_dynamics/mioflow/gse140802_t2_t9_holdout_A1_seed20260920.npz,success,0,11.787559000000329,,data/derived/b3/evaluation_truth/gse140802_t2_t9_holdout_A1.npz,2.108913203925716,0.8278675023018632,0.0,0.2090936369584717,0.6260722755027742,0.2188679245283019
GSE140802,gse140802_t2_t9_holdout_A2,heldout_animal_A2,9,source-carry-forward,20260916,results/B3_prospective_composition/external_dynamics/source-carry-forward/gse140802_t2_t9_holdout_A2_seed20260916.npz,success,0,0.2386432999992394,,data/derived/b3/evaluation_truth/gse140802_t2_t9_holdout_A2.npz,21.74428980784592,1.573904179408767,0.0,0.8012738116638835,1.0,0.2130479102956167
GSE140802,gse140802_t2_t9_holdout_A2,heldout_animal_A2,9,development-target-transfer,20260916,results/B3_prospective_composition/external_dynamics/development-target-transfer/gse140802_t2_t9_holdout_A2_seed20260916.npz,success,0,0.1566253999990294,,data/derived/b3/evaluation_truth/gse140802_t2_t9_holdout_A2.npz,1.673093262434782,0.2669841273495116,1.0,0.0141366501090766,0.3872788859616108,0.3431872239211688
GSE140802,gse140802_t2_t9_holdout_A2,heldout_animal_A2,9,prescient,20260916,results/B3_prospective_composition/external_dynamics/prescient/gse140802_t2_t9_holdout_A2_seed20260916.npz,success,0,4.972166300000026,,data/derived/b3/evaluation_truth/gse140802_t2_t9_holdout_A2.npz,1.6908597370141858,0.2924583434881501,1.0,0.0146691840125786,0.3167009738567579,0.3431872239211688
GSE140802,gse140802_t2_t9_holdout_A2,heldout_animal_A2,9,prescient,20260917,results/B3_prospective_composition/external_dynamics/prescient/gse140802_t2_t9_holdout_A2_seed20260917.npz,success,0,3.842328200000338,,data/derived/b3/evaluation_truth/gse140802_t2_t9_holdout_A2.npz,1.6846125551956592,0.2905074155109574,1.0,0.0132680004465489,0.3074757404898712,0.3431872239211688
GSE140802,gse140802_t2_t9_holdout_A2,heldout_animal_A2,9,prescient,20260918,results/B3_prospective_composition/external_dynamics/prescient/gse140802_t2_t9_holdout_A2_seed20260918.npz,success,0,4.119202800000494,,data/derived/b3/evaluation_truth/gse140802_t2_t9_holdout_A2.npz,1.7009148161300085,0.3234037816886558,1.0,0.0160821666200155,0.3045913459369253,0.3431872239211688
GSE140802,gse140802_t2_t9_holdout_A2,heldout_animal_A2,9,prescient,20260919,results/B3_prospective_composition/external_dynamics/prescient/gse140802_t2_t9_holdout_A2_seed20260919.npz,success,0,3.81281620000118,,data/derived/b3/evaluation_truth/gse140802_t2_t9_holdout_A2.npz,1.7115885765479997,0.3294348490958023,1.0,0.0195649161506279,0.3005003669079572,0.3431872239211688
GSE140802,gse140802_t2_t9_holdout_A2,heldout_animal_A2,9,prescient,20260920,results/B3_prospective_composition/external_dynamics/prescient/gse140802_t2_t9_holdout_A2_seed20260920.npz,success,0,3.738774900000863,,data/derived/b3/evaluation_truth/gse140802_t2_t9_holdout_A2.npz,1.7009196199973826,0.3032308750318628,1.0,0.0159677885981451,0.3201045326422714,0.3431872239211688
GSE140802,gse140802_t2_t9_holdout_A2,heldout_animal_A2,9,tigon,20260916,results/B3_prospective_composition/external_dynamics/tigon/gse140802_t2_t9_holdout_A2_seed20260916.npz,success,0,28.64675840000018,,data/derived/b3/evaluation_truth/gse140802_t2_t9_holdout_A2.npz,14.26532379526578,1.5616100597658016,0.0,0.790241679015412,0.9938529401785172,0.2130479102956167
GSE140802,gse140802_t2_t9_holdout_A2,heldout_animal_A2,9,tigon,20260917,results/B3_prospective_composition/external_dynamics/tigon/gse140802_t2_t9_holdout_A2_seed20260917.npz,success,0,28.38912030000029,,data/derived/b3/evaluation_truth/gse140802_t2_t9_holdout_A2.npz,13.35667889732795,1.5508559088536606,0.0,0.7771646748079996,0.9884758647224468,0.2130479102956167
GSE140802,gse140802_t2_t9_holdout_A2,heldout_animal_A2,9,tigon,20260918,results/B3_prospective_composition/external_dynamics/tigon/gse140802_t2_t9_holdout_A2_seed20260918.npz,success,0,28.875523199998497,,data/derived/b3/evaluation_truth/gse140802_t2_t9_holdout_A2.npz,14.571201666310063,1.5621030916409893,0.0,0.7900712064577438,0.9940994561161112,0.2130479102956167
GSE140802,gse140802_t2_t9_holdout_A2,heldout_animal_A2,9,tigon,20260919,results/B3_prospective_composition/external_dynamics/tigon/gse140802_t2_t9_holdout_A2_seed20260919.npz,success,0,28.72528229999989,,data/derived/b3/evaluation_truth/gse140802_t2_t9_holdout_A2.npz,12.4957714401987,1.567243384322748,0.0,0.7942899040829162,0.9966696024569904,0.2130479102956167
GSE140802,gse140802_t2_t9_holdout_A2,heldout_animal_A2,9,tigon,20260920,results/B3_prospective_composition/external_dynamics/tigon/gse140802_t2_t9_holdout_A2_seed20260920.npz,success,0,29.20851380000022,,data/derived/b3/evaluation_truth/gse140802_t2_t9_holdout_A2.npz,10.96019810387066,1.5708184480094385,0.0,0.798684640147121,0.9984571343003358,0.2130479102956167
GSE140802,gse140802_t2_t9_holdout_A2,heldout_animal_A2,9,mioflow,20260916,results/B3_prospective_composition/external_dynamics/mioflow/gse140802_t2_t9_holdout_A2_seed20260916.npz,success,0,12.12737290000041,,data/derived/b3/evaluation_truth/gse140802_t2_t9_holdout_A2.npz,1.7911311218762926,0.4920071583111014,0.0,0.0668366458810835,0.4180400686100292,0.2130479102956167
GSE140802,gse140802_t2_t9_holdout_A2,heldout_animal_A2,9,mioflow,20260917,results/B3_prospective_composition/external_dynamics/mioflow/gse140802_t2_t9_holdout_A2_seed20260917.npz,success,0,10.070772400000353,,data/derived/b3/evaluation_truth/gse140802_t2_t9_holdout_A2.npz,1.9610628821197047,0.7935444618252103,0.0,0.1803540846286523,0.5639361298491278,0.2130479102956167
GSE140802,gse140802_t2_t9_holdout_A2,heldout_animal_A2,9,mioflow,20260918,results/B3_prospective_composition/external_dynamics/mioflow/gse140802_t2_t9_holdout_A2_seed20260918.npz,success,0,11.219067100000755,,data/derived/b3/evaluation_truth/gse140802_t2_t9_holdout_A2.npz,1.8791390020852567,0.6258808332734538,0.0,0.1342176464893071,0.5131661960467065,0.2130479102956167
GSE140802,gse140802_t2_t9_holdout_A2,heldout_animal_A2,9,mioflow,20260919,results/B3_prospective_composition/external_dynamics/mioflow/gse140802_t2_t9_holdout_A2_seed20260919.npz,success,0,11.366179100001318,,data/derived/b3/evaluation_truth/gse140802_t2_t9_holdout_A2.npz,2.1176320370032555,0.6487719691187582,0.0,0.1253790194959132,0.5093909810914377,0.2130479102956167
GSE140802,gse140802_t2_t9_holdout_A2,heldout_animal_A2,9,mioflow,20260920,results/B3_prospective_composition/external_dynamics/mioflow/gse140802_t2_t9_holdout_A2_seed20260920.npz,success,0,9.137043200000337,,data/derived/b3/evaluation_truth/gse140802_t2_t9_holdout_A2.npz,2.05062372802716,0.8372427044801463,0.0,0.2326749014521689,0.6141800512490531,0.2130479102956167
GSE140802,gse140802_t2_t9_holdout_A3,heldout_animal_A3,9,source-carry-forward,20260916,results/B3_prospective_composition/external_dynamics/source-carry-forward/gse140802_t2_t9_holdout_A3_seed20260916.npz,success,0,0.2116293000017322,,data/derived/b3/evaluation_truth/gse140802_t2_t9_holdout_A3.npz,23.75618628983284,1.719530102790015,0.0,1.0066273360631877,1.0,0.1402349486049926
GSE140802,gse140802_t2_t9_holdout_A3,heldout_animal_A3,9,development-target-transfer,20260916,results/B3_prospective_composition/external_dynamics/development-target-transfer/gse140802_t2_t9_holdout_A3_seed20260916.npz,success,0,0.1445597000001726,,data/derived/b3/evaluation_truth/gse140802_t2_t9_holdout_A3.npz,1.5982215943035776,0.3293542308974324,1.0,0.0320561630397554,0.328692779613025,0.474302496328928
GSE140802,gse140802_t2_t9_holdout_A3,heldout_animal_A3,9,prescient,20260916,results/B3_prospective_composition/external_dynamics/prescient/gse140802_t2_t9_holdout_A3_seed20260916.npz,success,0,5.939865999998801,,data/derived/b3/evaluation_truth/gse140802_t2_t9_holdout_A3.npz,1.6030800787630473,0.3496447387152048,1.0,0.0371102785068755,0.2994801269713256,0.474302496328928
GSE140802,gse140802_t2_t9_holdout_A3,heldout_animal_A3,9,prescient,20260917,results/B3_prospective_composition/external_dynamics/prescient/gse140802_t2_t9_holdout_A3_seed20260917.npz,success,0,4.551500900000974,,data/derived/b3/evaluation_truth/gse140802_t2_t9_holdout_A3.npz,1.6038268292170554,0.3109018311010788,1.0,0.0306713186778667,0.3186053093549756,0.474302496328928
GSE140802,gse140802_t2_t9_holdout_A3,heldout_animal_A3,9,prescient,20260918,results/B3_prospective_composition/external_dynamics/prescient/gse140802_t2_t9_holdout_A3_seed20260918.npz,success,0,4.758961400000771,,data/derived/b3/evaluation_truth/gse140802_t2_t9_holdout_A3.npz,1.6101702585519813,0.334839800623607,1.0,0.0314997292682441,0.3196786285250813,0.474302496328928
GSE140802,gse140802_t2_t9_holdout_A3,heldout_animal_A3,9,prescient,20260919,results/B3_prospective_composition/external_dynamics/prescient/gse140802_t2_t9_holdout_A3_seed20260919.npz,success,0,4.833847699999751,,data/derived/b3/evaluation_truth/gse140802_t2_t9_holdout_A3.npz,1.602640753276684,0.3353062973871464,1.0,0.0335131584067983,0.312475442372026,0.474302496328928
GSE140802,gse140802_t2_t9_holdout_A3,heldout_animal_A3,9,prescient,20260920,results/B3_prospective_composition/external_dynamics/prescient/gse140802_t2_t9_holdout_A3_seed20260920.npz,success,0,4.673117500000444,,data/derived/b3/evaluation_truth/gse140802_t2_t9_holdout_A3.npz,1.5801436599609828,0.2871858013306437,1.0,0.025767449765389,0.3383978956608142,0.474302496328928
GSE140802,gse140802_t2_t9_holdout_A3,heldout_animal_A3,9,tigon,20260916,results/B3_prospective_composition/external_dynamics/tigon/gse140802_t2_t9_holdout_A3_seed20260916.npz,success,0,35.041050100000575,,data/derived/b3/evaluation_truth/gse140802_t2_t9_holdout_A3.npz,18.2670032577458,1.7072735399754857,0.0,0.99518638574774,0.9938717185927352,0.1402349486049926
GSE140802,gse140802_t2_t9_holdout_A3,heldout_animal_A3,9,tigon,20260917,results/B3_prospective_composition/external_dynamics/tigon/gse140802_t2_t9_holdout_A3_seed20260917.npz,success,0,35.58157460000075,,data/derived/b3/evaluation_truth/gse140802_t2_t9_holdout_A3.npz,11.74621536378181,1.6970379412793668,0.0,0.9791218255317292,0.988753919244676,0.1402349486049926
GSE140802,gse140802_t2_t9_holdout_A3,heldout_animal_A3,9,tigon,20260918,results/B3_prospective_composition/external_dynamics/tigon/gse140802_t2_t9_holdout_A3_seed20260918.npz,success,0,34.25661670000045,,data/derived/b3/evaluation_truth/gse140802_t2_t9_holdout_A3.npz,17.631370700460263,1.7067295235812734,0.0,0.9946708871670918,0.9935997103956294,0.1402349486049926
GSE140802,gse140802_t2_t9_holdout_A3,heldout_animal_A3,9,tigon,20260919,results/B3_prospective_composition/external_dynamics/tigon/gse140802_t2_t9_holdout_A3_seed20260919.npz,success,0,34.176104100000885,,data/derived/b3/evaluation_truth/gse140802_t2_t9_holdout_A3.npz,13.26265938748563,1.7124693535493554,0.0,0.9981731760382538,0.9964696253796704,0.1402349486049926
GSE140802,gse140802_t2_t9_holdout_A3,heldout_animal_A3,9,tigon,20260920,results/B3_prospective_composition/external_dynamics/tigon/gse140802_t2_t9_holdout_A3_seed20260920.npz,success,0,35.86829039999975,,data/derived/b3/evaluation_truth/gse140802_t2_t9_holdout_A3.npz,9.173811489471795,1.716230958657071,0.0,1.0034453079301957,0.998350427933528,0.1402349486049926
GSE140802,gse140802_t2_t9_holdout_A3,heldout_animal_A3,9,mioflow,20260916,results/B3_prospective_composition/external_dynamics/mioflow/gse140802_t2_t9_holdout_A3_seed20260916.npz,success,0,13.791628000000856,,data/derived/b3/evaluation_truth/gse140802_t2_t9_holdout_A3.npz,2.816129533903609,0.6315147467140592,0.0,0.1373086371556833,0.4269742033748816,0.1402349486049926
GSE140802,gse140802_t2_t9_holdout_A3,heldout_animal_A3,9,mioflow,20260917,results/B3_prospective_composition/external_dynamics/mioflow/gse140802_t2_t9_holdout_A3_seed20260917.npz,success,0,12.229715900000883,,data/derived/b3/evaluation_truth/gse140802_t2_t9_holdout_A3.npz,2.022614511917723,0.8823136219924315,0.0,0.3024411702977623,0.5770842396596393,0.1402349486049926
GSE140802,gse140802_t2_t9_holdout_A3,heldout_animal_A3,9,mioflow,20260918,results/B3_prospective_composition/external_dynamics/mioflow/gse140802_t2_t9_holdout_A3_seed20260918.npz,success,0,11.05017670000052,,data/derived/b3/evaluation_truth/gse140802_t2_t9_holdout_A3.npz,1.9560714375066683,0.7990194353153154,0.0,0.2519251106629385,0.5368364160726736,0.1402349486049926
GSE140802,gse140802_t2_t9_holdout_A3,heldout_animal_A3,9,mioflow,20260919,results/B3_prospective_composition/external_dynamics/mioflow/gse140802_t2_t9_holdout_A3_seed20260919.npz,success,0,13.881138999999166,,data/derived/b3/evaluation_truth/gse140802_t2_t9_holdout_A3.npz,2.2484836949811084,0.7956587122760758,0.0,0.217127601733783,0.527891133163093,0.1402349486049926
GSE140802,gse140802_t2_t9_holdout_A3,heldout_animal_A3,9,mioflow,20260920,results/B3_prospective_composition/external_dynamics/mioflow/gse140802_t2_t9_holdout_A3_seed20260920.npz,success,0,11.94272550000096,,data/derived/b3/evaluation_truth/gse140802_t2_t9_holdout_A3.npz,2.1865211808881653,0.9890373850793512,0.0,0.3803584171399884,0.6319890143203649,0.1402349486049926
GSE140802,gse140802_t2_t9_holdout_B1,heldout_animal_B1,9,source-carry-forward,20260916,results/B3_prospective_composition/external_dynamics/source-carry-forward/gse140802_t2_t9_holdout_B1_seed20260916.npz,success,0,0.2309928000013315,,data/derived/b3/evaluation_truth/gse140802_t2_t9_holdout_B1.npz,23.51060568636025,1.7017543859649122,0.0,0.9085872576177284,1.0,0.1491228070175438
GSE140802,gse140802_t2_t9_holdout_B1,heldout_animal_B1,9,development-target-transfer,20260916,results/B3_prospective_composition/external_dynamics/development-target-transfer/gse140802_t2_t9_holdout_B1_seed20260916.npz,success,0,0.1843263000009756,,data/derived/b3/evaluation_truth/gse140802_t2_t9_holdout_B1.npz,1.7659453620562098,0.3596459248741613,1.0,0.0255850698236066,0.3658403208166241,0.2807017543859649
GSE140802,gse140802_t2_t9_holdout_B1,heldout_animal_B1,9,prescient,20260916,results/B3_prospective_composition/external_dynamics/prescient/gse140802_t2_t9_holdout_B1_seed20260916.npz,success,0,5.552295299999969,,data/derived/b3/evaluation_truth/gse140802_t2_t9_holdout_B1.npz,1.7703091832974347,0.3077360906003555,1.0,0.0179803783063773,0.3212399868765203,0.2807017543859649
GSE140802,gse140802_t2_t9_holdout_B1,heldout_animal_B1,9,prescient,20260917,results/B3_prospective_composition/external_dynamics/prescient/gse140802_t2_t9_holdout_B1_seed20260917.npz,success,0,4.847299600000042,,data/derived/b3/evaluation_truth/gse140802_t2_t9_holdout_B1.npz,1.7812187458044089,0.3391868015434169,1.0,0.0238244978760392,0.3085066637515049,0.2807017543859649
GSE140802,gse140802_t2_t9_holdout_B1,heldout_animal_B1,9,prescient,20260918,results/B3_prospective_composition/external_dynamics/prescient/gse140802_t2_t9_holdout_B1_seed20260918.npz,success,0,4.970558700000765,,data/derived/b3/evaluation_truth/gse140802_t2_t9_holdout_B1.npz,1.7673957514599694,0.3203157149970015,1.0,0.0218255986291359,0.3255993627868671,0.2807017543859649
GSE140802,gse140802_t2_t9_holdout_B1,heldout_animal_B1,9,prescient,20260919,results/B3_prospective_composition/external_dynamics/prescient/gse140802_t2_t9_holdout_B1_seed20260919.npz,success,0,4.4982584999997925,,data/derived/b3/evaluation_truth/gse140802_t2_t9_holdout_B1.npz,1.750893590847897,0.3047890122850536,1.0,0.0185395188708786,0.3275297429252185,0.2807017543859649
GSE140802,gse140802_t2_t9_holdout_B1,heldout_animal_B1,9,prescient,20260920,results/B3_prospective_composition/external_dynamics/prescient/gse140802_t2_t9_holdout_B1_seed20260920.npz,success,0,4.594531699998697,,data/derived/b3/evaluation_truth/gse140802_t2_t9_holdout_B1.npz,1.8028536227123952,0.3926886158664279,1.0,0.0313954881791075,0.3432964297616807,0.2807017543859649
GSE140802,gse140802_t2_t9_holdout_B1,heldout_animal_B1,9,tigon,20260916,results/B3_prospective_composition/external_dynamics/tigon/gse140802_t2_t9_holdout_B1_seed20260916.npz,success,0,33.22356929999842,,data/derived/b3/evaluation_truth/gse140802_t2_t9_holdout_B1.npz,15.487180654857749,1.6888813391353643,0.0,0.896323555075049,0.993563476585226,0.1491228070175438
GSE140802,gse140802_t2_t9_holdout_B1,heldout_animal_B1,9,tigon,20260917,results/B3_prospective_composition/external_dynamics/tigon/gse140802_t2_t9_holdout_B1_seed20260917.npz,success,0,33.27631409999958,,data/derived/b3/evaluation_truth/gse140802_t2_t9_holdout_B1.npz,15.809833686827051,1.6791378373856598,0.0,0.884405705564945,0.988691725710374,0.1491228070175438
GSE140802,gse140802_t2_t9_holdout_B1,heldout_animal_B1,9,tigon,20260918,results/B3_prospective_composition/external_dynamics/tigon/gse140802_t2_t9_holdout_B1_seed20260918.npz,success,0,33.15298780000012,,data/derived/b3/evaluation_truth/gse140802_t2_t9_holdout_B1.npz,20.32887356864767,1.690190744401712,0.0,0.8977914465472956,0.9942181792183998,0.1491228070175438
GSE140802,gse140802_t2_t9_holdout_B1,heldout_animal_B1,9,tigon,20260919,results/B3_prospective_composition/external_dynamics/tigon/gse140802_t2_t9_holdout_B1_seed20260919.npz,success,0,33.69306250000045,,data/derived/b3/evaluation_truth/gse140802_t2_t9_holdout_B1.npz,14.644997315676912,1.6945087240288257,0.0,0.901078697325552,0.9963771690319566,0.1491228070175438
GSE140802,gse140802_t2_t9_holdout_B1,heldout_animal_B1,9,tigon,20260920,results/B3_prospective_composition/external_dynamics/tigon/gse140802_t2_t9_holdout_B1_seed20260920.npz,success,0,34.06901469999866,,data/derived/b3/evaluation_truth/gse140802_t2_t9_holdout_B1.npz,9.214911959544612,1.6980926244787788,0.0,0.90507669731375,0.9981691192569336,0.1491228070175438
GSE140802,gse140802_t2_t9_holdout_B1,heldout_animal_B1,9,mioflow,20260916,results/B3_prospective_composition/external_dynamics/mioflow/gse140802_t2_t9_holdout_B1_seed20260916.npz,success,0,13.191303499999776,,data/derived/b3/evaluation_truth/gse140802_t2_t9_holdout_B1.npz,3.1972012571364465,0.6352953793262024,0.0,0.1127191055473708,0.4328730802689502,0.1491228070175438
GSE140802,gse140802_t2_t9_holdout_B1,heldout_animal_B1,9,mioflow,20260917,results/B3_prospective_composition/external_dynamics/mioflow/gse140802_t2_t9_holdout_B1_seed20260917.npz,success,0,10.363531999999395,,data/derived/b3/evaluation_truth/gse140802_t2_t9_holdout_B1.npz,2.162483715372566,0.8731605084663274,0.0,0.2450683268637843,0.5778783040166731,0.1491228070175438
GSE140802,gse140802_t2_t9_holdout_B1,heldout_animal_B1,9,mioflow,20260918,results/B3_prospective_composition/external_dynamics/mioflow/gse140802_t2_t9_holdout_B1_seed20260918.npz,success,0,13.302652300000773,,data/derived/b3/evaluation_truth/gse140802_t2_t9_holdout_B1.npz,2.0760517608246127,0.7968595422704015,0.0,0.1964339811688312,0.5407535200808434,0.1491228070175438
GSE140802,gse140802_t2_t9_holdout_B1,heldout_animal_B1,9,mioflow,20260919,results/B3_prospective_composition/external_dynamics/mioflow/gse140802_t2_t9_holdout_B1_seed20260919.npz,success,0,12.217151799999556,,data/derived/b3/evaluation_truth/gse140802_t2_t9_holdout_B1.npz,3.16413949434576,0.7566500364239579,0.0,0.222976676516553,0.5269463421917262,0.1491228070175438
GSE140802,gse140802_t2_t9_holdout_B1,heldout_animal_B1,9,mioflow,20260920,results/B3_prospective_composition/external_dynamics/mioflow/gse140802_t2_t9_holdout_B1_seed20260920.npz,success,0,10.476480999999694,,data/derived/b3/evaluation_truth/gse140802_t2_t9_holdout_B1.npz,2.248140777998532,0.9827456970208298,0.0,0.3015318852987078,0.6337919424267331,0.1491228070175438
GSE140802,gse140802_t2_t9_holdout_B2,heldout_animal_B2,9,source-carry-forward,20260916,results/B3_prospective_composition/external_dynamics/source-carry-forward/gse140802_t2_t9_holdout_B2_seed20260916.npz,success,0,0.2897888000006787,,data/derived/b3/evaluation_truth/gse140802_t2_t9_holdout_B2.npz,23.961276123969288,1.734375,0.0,0.955283203125,1.0,0.1328125
GSE140802,gse140802_t2_t9_holdout_B2,heldout_animal_B2,9,development-target-transfer,20260916,results/B3_prospective_composition/external_dynamics/development-target-transfer/gse140802_t2_t9_holdout_B2_seed20260916.npz,success,0,0.1819457000001421,,data/derived/b3/evaluation_truth/gse140802_t2_t9_holdout_B2.npz,1.7238366810966512,0.1482862903222953,1.0,0.0054948560256243,0.3629032258064516,0.3734375
GSE140802,gse140802_t2_t9_holdout_B2,heldout_animal_B2,9,prescient,20260916,results/B3_prospective_composition/external_dynamics/prescient/gse140802_t2_t9_holdout_B2_seed20260916.npz,success,0,5.467017599999963,,data/derived/b3/evaluation_truth/gse140802_t2_t9_holdout_B2.npz,1.7374519608887848,0.2472196714608149,1.0,0.0185102440697142,0.2626886289854901,0.3734375
GSE140802,gse140802_t2_t9_holdout_B2,heldout_animal_B2,9,prescient,20260917,results/B3_prospective_composition/external_dynamics/prescient/gse140802_t2_t9_holdout_B2_seed20260917.npz,success,0,4.698739200001,,data/derived/b3/evaluation_truth/gse140802_t2_t9_holdout_B2.npz,1.7103603881452718,0.1638580441172384,1.0,0.0061100752173676,0.3132178480954178,0.3734375
GSE140802,gse140802_t2_t9_holdout_B2,heldout_animal_B2,9,prescient,20260918,results/B3_prospective_composition/external_dynamics/prescient/gse140802_t2_t9_holdout_B2_seed20260918.npz,success,0,4.595043199999054,,data/derived/b3/evaluation_truth/gse140802_t2_t9_holdout_B2.npz,1.709456553131094,0.1357114931438811,1.0,0.006246940072374,0.3115928663108282,0.3734375
GSE140802,gse140802_t2_t9_holdout_B2,heldout_animal_B2,9,prescient,20260919,results/B3_prospective_composition/external_dynamics/prescient/gse140802_t2_t9_holdout_B2_seed20260919.npz,success,0,4.621019300000626,,data/derived/b3/evaluation_truth/gse140802_t2_t9_holdout_B2.npz,1.7223934369492406,0.200197694207902,1.0,0.0112688686721183,0.2920454881632465,0.3734375
GSE140802,gse140802_t2_t9_holdout_B2,heldout_animal_B2,9,prescient,20260920,results/B3_prospective_composition/external_dynamics/prescient/gse140802_t2_t9_holdout_B2_seed20260920.npz,success,0,4.688922999999704,,data/derived/b3/evaluation_truth/gse140802_t2_t9_holdout_B2.npz,1.7223866905704437,0.1975580247895247,1.0,0.0102255383097357,0.308651530079697,0.3734375
GSE140802,gse140802_t2_t9_holdout_B2,heldout_animal_B2,9,tigon,20260916,results/B3_prospective_composition/external_dynamics/tigon/gse140802_t2_t9_holdout_B2_seed20260916.npz,success,0,35.26367279999977,,data/derived/b3/evaluation_truth/gse140802_t2_t9_holdout_B2.npz,16.79368238383781,1.721558027145386,0.0,0.9428985584824214,0.993591513572693,0.1328125
GSE140802,gse140802_t2_t9_holdout_B2,heldout_animal_B2,9,tigon,20260917,results/B3_prospective_composition/external_dynamics/tigon/gse140802_t2_t9_holdout_B2_seed20260917.npz,success,0,34.13817350000136,,data/derived/b3/evaluation_truth/gse140802_t2_t9_holdout_B2.npz,13.749594279281007,1.7115126019597866,0.0,0.928890678335478,0.9885688009798934,0.1328125
GSE140802,gse140802_t2_t9_holdout_B2,heldout_animal_B2,9,tigon,20260918,results/B3_prospective_composition/external_dynamics/tigon/gse140802_t2_t9_holdout_B2_seed20260918.npz,success,0,33.405341800000315,,data/derived/b3/evaluation_truth/gse140802_t2_t9_holdout_B2.npz,19.41127047029803,1.7222380461908124,0.0,0.9433644555319626,0.9939315230954064,0.1328125
GSE140802,gse140802_t2_t9_holdout_B2,heldout_animal_B2,9,tigon,20260919,results/B3_prospective_composition/external_dynamics/tigon/gse140802_t2_t9_holdout_B2_seed20260919.npz,success,0,33.09283400000095,,data/derived/b3/evaluation_truth/gse140802_t2_t9_holdout_B2.npz,13.050373470941883,1.7270898116655808,0.0,0.9469928253180362,0.9963574058327904,0.1328125
GSE140802,gse140802_t2_t9_holdout_B2,heldout_animal_B2,9,tigon,20260920,results/B3_prospective_composition/external_dynamics/tigon/gse140802_t2_t9_holdout_B2_seed20260920.npz,success,0,33.8409458999995,,data/derived/b3/evaluation_truth/gse140802_t2_t9_holdout_B2.npz,10.21723403423272,1.7307060561284546,0.0,0.95166159700494,0.9981655280642274,0.1328125
GSE140802,gse140802_t2_t9_holdout_B2,heldout_animal_B2,9,mioflow,20260916,results/B3_prospective_composition/external_dynamics/mioflow/gse140802_t2_t9_holdout_B2_seed20260916.npz,success,0,14.824461000000156,,data/derived/b3/evaluation_truth/gse140802_t2_t9_holdout_B2.npz,3.231657325282693,0.6058282440374283,0.0,0.1117177654304648,0.4273945324476489,0.1328125
GSE140802,gse140802_t2_t9_holdout_B2,heldout_animal_B2,9,mioflow,20260917,results/B3_prospective_composition/external_dynamics/mioflow/gse140802_t2_t9_holdout_B2_seed20260917.npz,success,0,12.637680699999692,,data/derived/b3/evaluation_truth/gse140802_t2_t9_holdout_B2.npz,2.135831008691647,0.886779434943901,0.0,0.2607157934429064,0.5762022174719506,0.1328125
GSE140802,gse140802_t2_t9_holdout_B2,heldout_animal_B2,9,mioflow,20260918,results/B3_prospective_composition/external_dynamics/mioflow/gse140802_t2_t9_holdout_B2_seed20260918.npz,success,0,11.214854900001228,,data/derived/b3/evaluation_truth/gse140802_t2_t9_holdout_B2.npz,2.095972381828932,0.8085329002301228,0.0,0.214883962411488,0.5370789501150615,0.1328125
GSE140802,gse140802_t2_t9_holdout_B2,heldout_animal_B2,9,mioflow,20260919,results/B3_prospective_composition/external_dynamics/mioflow/gse140802_t2_t9_holdout_B2_seed20260919.npz,success,0,12.83930209999926,,data/derived/b3/evaluation_truth/gse140802_t2_t9_holdout_B2.npz,2.414663556972569,0.8020695595077193,0.0,0.2060874524957289,0.5338472797538596,0.1328125
GSE140802,gse140802_t2_t9_holdout_B2,heldout_animal_B2,9,mioflow,20260920,results/B3_prospective_composition/external_dynamics/mioflow/gse140802_t2_t9_holdout_B2_seed20260920.npz,success,0,12.024557300001106,,data/derived/b3/evaluation_truth/gse140802_t2_t9_holdout_B2.npz,2.2982243510511484,1.0050296129435023,0.0,0.3372706117235449,0.6353273064717514,0.1328125
GSE140802,gse140802_t2_t9_holdout_B3,heldout_animal_B3,9,source-carry-forward,20260916,results/B3_prospective_composition/external_dynamics/source-carry-forward/gse140802_t2_t9_holdout_B3_seed20260916.npz,success,0,0.2153218000003107,,data/derived/b3/evaluation_truth/gse140802_t2_t9_holdout_B3.npz,19.62202948812317,1.420289855072464,1.0,0.6145767695862214,1.0,0.2898550724637681
GSE140802,gse140802_t2_t9_holdout_B3,heldout_animal_B3,9,development-target-transfer,20260916,results/B3_prospective_composition/external_dynamics/development-target-transfer/gse140802_t2_t9_holdout_B3_seed20260916.npz,success,0,0.1918287999997119,,data/derived/b3/evaluation_truth/gse140802_t2_t9_holdout_B3.npz,1.8715845149667325,0.4361164646827603,0.0,0.0441248100767381,0.3720886551465064,0.2101449275362318
GSE140802,gse140802_t2_t9_holdout_B3,heldout_animal_B3,9,prescient,20260916,results/B3_prospective_composition/external_dynamics/prescient/gse140802_t2_t9_holdout_B3_seed20260916.npz,success,0,5.576064099999712,,data/derived/b3/evaluation_truth/gse140802_t2_t9_holdout_B3.npz,1.8333675822796287,0.3134136247222192,0.0,0.0266668847220796,0.3034204117958451,0.2101449275362318
GSE140802,gse140802_t2_t9_holdout_B3,heldout_animal_B3,9,prescient,20260917,results/B3_prospective_composition/external_dynamics/prescient/gse140802_t2_t9_holdout_B3_seed20260917.npz,success,0,4.809393899999122,,data/derived/b3/evaluation_truth/gse140802_t2_t9_holdout_B3.npz,1.8451779289307448,0.3716680073707227,0.0,0.0353758821716126,0.3256936615974116,0.2101449275362318
GSE140802,gse140802_t2_t9_holdout_B3,heldout_animal_B3,9,prescient,20260918,results/B3_prospective_composition/external_dynamics/prescient/gse140802_t2_t9_holdout_B3_seed20260918.npz,success,0,4.4938695000000735,,data/derived/b3/evaluation_truth/gse140802_t2_t9_holdout_B3.npz,1.830623937495852,0.3653171146367702,0.0,0.0285283041939432,0.3105342134764481,0.2101449275362318
GSE140802,gse140802_t2_t9_holdout_B3,heldout_animal_B3,9,prescient,20260919,results/B3_prospective_composition/external_dynamics/prescient/gse140802_t2_t9_holdout_B3_seed20260919.npz,success,0,4.501582599999892,,data/derived/b3/evaluation_truth/gse140802_t2_t9_holdout_B3.npz,1.828680638209716,0.3210943843717977,0.0,0.0293544737476736,0.3098061524575823,0.2101449275362318
GSE140802,gse140802_t2_t9_holdout_B3,heldout_animal_B3,9,prescient,20260920,results/B3_prospective_composition/external_dynamics/prescient/gse140802_t2_t9_holdout_B3_seed20260920.npz,success,0,4.37952100000075,,data/derived/b3/evaluation_truth/gse140802_t2_t9_holdout_B3.npz,1.8271311581089071,0.333450099665907,0.0,0.0319328631228811,0.3395169880147898,0.2101449275362318
GSE140802,gse140802_t2_t9_holdout_B3,heldout_animal_B3,9,tigon,20260916,results/B3_prospective_composition/external_dynamics/tigon/gse140802_t2_t9_holdout_B3_seed20260916.npz,success,0,33.34541990000071,,data/derived/b3/evaluation_truth/gse140802_t2_t9_holdout_B3.npz,12.829095530920872,1.4072528280691556,1.0,0.604169659373308,0.993481486498346,0.2898550724637681
GSE140802,gse140802_t2_t9_holdout_B3,heldout_animal_B3,9,tigon,20260917,results/B3_prospective_composition/external_dynamics/tigon/gse140802_t2_t9_holdout_B3_seed20260917.npz,success,0,34.24396390000038,,data/derived/b3/evaluation_truth/gse140802_t2_t9_holdout_B3.npz,12.774760558316355,1.397422486689103,1.0,0.5945431471079732,0.9885663158083196,0.2898550724637681
GSE140802,gse140802_t2_t9_holdout_B3,heldout_animal_B3,9,tigon,20260918,results/B3_prospective_composition/external_dynamics/tigon/gse140802_t2_t9_holdout_B3_seed20260918.npz,success,0,34.28840390000005,,data/derived/b3/evaluation_truth/gse140802_t2_t9_holdout_B3.npz,12.370172229920492,1.4086917950688838,1.0,0.605418994031077,0.9942009699982098,0.2898550724637681
GSE140802,gse140802_t2_t9_holdout_B3,heldout_animal_B3,9,tigon,20260919,results/B3_prospective_composition/external_dynamics/tigon/gse140802_t2_t9_holdout_B3_seed20260919.npz,success,0,34.8315333999999,,data/derived/b3/evaluation_truth/gse140802_t2_t9_holdout_B3.npz,12.357865885882116,1.411134077109765,1.0,0.6067287107839512,0.9954221110186504,0.2898550724637681
GSE140802,gse140802_t2_t9_holdout_B3,heldout_animal_B3,9,tigon,20260920,results/B3_prospective_composition/external_dynamics/tigon/gse140802_t2_t9_holdout_B3_seed20260920.npz,success,0,34.792659299999286,,data/derived/b3/evaluation_truth/gse140802_t2_t9_holdout_B3.npz,8.243626318985154,1.4169451291822586,1.0,0.6118256235940106,0.9983276370548974,0.2898550724637681
GSE140802,gse140802_t2_t9_holdout_B3,heldout_animal_B3,9,mioflow,20260916,results/B3_prospective_composition/external_dynamics/mioflow/gse140802_t2_t9_holdout_B3_seed20260916.npz,success,0,12.764826900000116,,data/derived/b3/evaluation_truth/gse140802_t2_t9_holdout_B3.npz,3.463647814378984,0.3628710608711901,1.0,0.0296105225966837,0.416047938638074,0.2898550724637681
GSE140802,gse140802_t2_t9_holdout_B3,heldout_animal_B3,9,mioflow,20260917,results/B3_prospective_composition/external_dynamics/mioflow/gse140802_t2_t9_holdout_B3_seed20260917.npz,success,0,10.196368300001268,,data/derived/b3/evaluation_truth/gse140802_t2_t9_holdout_B3.npz,1.9574193923028929,0.5725662188439201,1.0,0.1029298405974077,0.5761381818857281,0.2898550724637681
GSE140802,gse140802_t2_t9_holdout_B3,heldout_animal_B3,9,mioflow,20260918,results/B3_prospective_composition/external_dynamics/mioflow/gse140802_t2_t9_holdout_B3_seed20260918.npz,success,0,12.860726999999317,,data/derived/b3/evaluation_truth/gse140802_t2_t9_holdout_B3.npz,1.9541166117093949,0.4763252957244984,1.0,0.069298039157558,0.5280177203260172,0.2898550724637681
GSE140802,gse140802_t2_t9_holdout_B3,heldout_animal_B3,9,mioflow,20260919,results/B3_prospective_composition/external_dynamics/mioflow/gse140802_t2_t9_holdout_B3_seed20260919.npz,success,0,11.956813599999805,,data/derived/b3/evaluation_truth/gse140802_t2_t9_holdout_B3.npz,2.583104885696264,0.6138426406311196,1.0,0.0996288523604585,0.5149076321287539,0.2898550724637681
GSE140802,gse140802_t2_t9_holdout_B3,heldout_animal_B3,9,mioflow,20260920,results/B3_prospective_composition/external_dynamics/mioflow/gse140802_t2_t9_holdout_B3_seed20260920.npz,success,0,11.306239899999127,,data/derived/b3/evaluation_truth/gse140802_t2_t9_holdout_B3.npz,2.03850830636923,0.677216637303347,1.0,0.1392183242787452,0.6284633911154416,0.2898550724637681
